[Licensing::Module] Trying to connect to existing licensing client channel...
[Licensing::IpcConnector] Successfully connected to the License Client on channel: "LicenseClient-Admin" at "2026-10-06T13:38:48.816836Z"
[Licensing::Client] Error: Code 1 while verifying Licensing Client signature (process Id: 29440, path: "C:/Program Files/Tuanjie Hub/TuanjieLicensingClient_V1/Tuanjie.Licensing.Client.exe")
[Licensing::Module] Error: LicensingClient has failed validation; ignoring
[Licensing::Client] Successfully send message: {"AuthorizationCheck":"Ewh6pC2rAuUhUg==","messageType":"HandshakeRequest","protocolVersion":"1.12","userAgent":"TuanjieEditor/2022.3.62t16 (Windows; U; Windows NT 10.0; zh)","externalCorrelationId":"6281098914463506161"} at 1791293928
[Licensing::Client] Successfully receive message: {"protocolVersion":"1.12","sessionId":"d33e4a076f004572810ddb63ee415737","context":{"DeviceName":"DESKTOP-OI8J0E1","DeviceModel":"System Product Name (ASUS)","PhysicalMemoryMB":"16197","SystemLanguageISO":"zh","ProcessorCount":"16","ProcessorType":"12th Gen Intel(R) Core(TM) i5-12600KF","OperatingSystem":"Windows 10  (10.0.26200) 64bit","OperatingSystemNumeric":"1000","Legacy.MachineBinding1":"00326-10000-00000-AA348","Legacy.MachineBinding2":"00000_00_000000_00_04A82B_07_169210_C0.2","Legacy.MachineBinding4":"U3lzdGVtIFNlcmlhbCBOdW1iZXI=","Legacy.MachineBinding5":"08:bf:b8:02:a3:97","EnvironmentUser":"Admin","EnvironmentDomain":"DESKTOP-OI8J0E1","EnvironmentHostname":"DESKTOP-OI8J0E1"},"assemblyProductVersion":"1.14.0+af049b8","machineId":"r8zj1h9rGFu0pvwq0OhXvHgsGl4=","correlationId":"374b94492226de5c81bdac12b16ab30c","responseCode":200,"responseStatus":"Handshake successful","messageType":"HandshakeResponse"} at 1791293928
[Licensing::Client] Handshaking with LicensingClient:
  Version:                 1.14.0+af049b8
  Session Id:              d33e4a076f004572810ddb63ee415737
  Correlation Id:          374b94492226de5c81bdac12b16ab30c
  External correlation Id: 6281098914463506161
  Machine Id:              r8zj1h9rGFu0pvwq0OhXvHgsGl4=
[Licensing::Module] Successfully connected to LicensingClient on channel: "LicenseClient-Admin" (connect: 0.00s, validation: 0.05s, handshake: 0.01s)
[Licensing::IpcConnector] Successfully connected to the License Notification on channel: "LicenseClient-Admin-notifications" at "2026-10-06T13:38:48.8747693Z"
[Licensing::Module] Error: Access token is unavailable; failed to update
[Licensing::Client] Successfully send message: {"AuthorizationCheck":"1Diumv9XCWDV1Q==","messageType":"UpdateLicenseRequest","AccessToken":"","OrgId":"","ProjectId":"","forceUpdateLicense":true} at 1791293928
[Licensing::Client] Successfully receive message: {"responseCode":200,"responseStatus":"Licenses updated.","messageType":"UpdateLicenseResponse","authorizationCheck":"1Diumv9XCWDV1W26ht31lTpWV9G2"} at 1791293929
[Licensing::Client] Attempt to check time stamp (startTime: 1791293928, endTime: 1791293929)
[Licensing::Client] Successfully updated license
Built from 'tuanjie/1.10/staging' branch; Version is '2022.3.62t16 (ab17684acf1d) revision 11212648'; Using compiler version '192829333'; Build Type 'Release'
OS: 'Windows 11  (10.0.26200) 64bit Core' Language: 'zh' Physical Memory: 16197 MB
[Licensing::Client] Successfully send message: {"AuthorizationCheck":"Yq4zMFJXQVwM0g==","messageType":"EntitlementDetailsRequest","entitlementIds":["com.unity.editor.legacy.pro","com.unity.editor.headless"],"packageEntitlementIds":[],"includeCustomData":false} at 1791293929
[Licensing::Client] Successfully receive message: {"entitlementGroups":[{"entitlementGroupId":"F4-NDMC-VS9D-37TA-8N5R-W7KD","entitlementGroupIdHash":"1afdcc1a4787d25df0a97a7f68d97f2d1957c7d6","productName":"Unity Personal","productType":"TuanjieEditor","licenseType":"ULF","expiration":1791556729000,"matchedEntitlements":[{"entitlementId":"com.unity.editor.headless","isPackage":false,"count":1}]}],"responseCode":200,"responseStatus":"Found 1 entitlement groups and 0 free entitlements matching requested entitlement ids","messageType":"EntitlementDetailsResponse","authorizationCheck":"Yq4zMFJXQVwM0qchzDehd3ZgVTlg"} at 1791293929
[Licensing::Client] Attempt to check time stamp (startTime: 1791293929, endTime: 1791293929)
[Licensing::Client] Successfully resolved entitlement details
[Licensing::Module] Serial number assigned to: "F4-NDMC-VS9D-37TA-8N5R-XXXX"
BatchMode: 1, IsHumanControllingUs: 0, StartBugReporterOnCrash: 0, Is64bit: 1, IsPro: 0
[Licensing::Client] Successfully send message: {"AuthorizationCheck":"Yq4zMFJXQVwM0g==","messageType":"EntitlementDetailsRequest","entitlementIds":["com.unity.editor.headless","com.unity.editor.ui"],"packageEntitlementIds":[],"includeCustomData":false} at 1791293929
[Licensing::Client] Successfully receive message: {"entitlementGroups":[{"entitlementGroupId":"F4-NDMC-VS9D-37TA-8N5R-W7KD","entitlementGroupIdHash":"1afdcc1a4787d25df0a97a7f68d97f2d1957c7d6","productName":"Unity Personal","productType":"TuanjieEditor","licenseType":"ULF","expiration":1791556729000,"matchedEntitlements":[{"entitlementId":"com.unity.editor.ui","isPackage":false,"count":1},{"entitlementId":"com.unity.editor.headless","isPackage":false,"count":1}]}],"responseCode":200,"responseStatus":"Found 1 entitlement groups and 0 free entitlements matching requested entitlement ids","messageType":"EntitlementDetailsResponse","authorizationCheck":"Yq4zMFJXQVwM0qchzDehd3ZgVTlg"} at 1791293929
[Licensing::Client] Attempt to check time stamp (startTime: 1791293929, endTime: 1791293929)
[Licensing::Client] Successfully resolved entitlement details

COMMAND LINE ARGUMENTS:
C:\Program Files\Tuanjie\Hub\Editor\2022.3.62t16\Editor\Tuanjie.exe
-batchmode
-nographics
-quit
-projectPath
C:\Users\Admin\Documents\Codex\2026-10-06\unity-6-unity-emberward-3d-roguelite\outputs\StoneSignal
-executeMethod
ArtIntegration.Build
-logFile
C:\Users\Admin\Documents\Codex\2026-10-06\unity-6-unity-emberward-3d-roguelite\outputs\StoneSignal/art-build.log
Successfully changed project path to: C:\Users\Admin\Documents\Codex\2026-10-06\unity-6-unity-emberward-3d-roguelite\outputs\StoneSignal
C:/Users/Admin/Documents/Codex/2026-10-06/unity-6-unity-emberward-3d-roguelite/outputs/StoneSignal
[Memory] Configuration Parameters - Can be set up in boot.config
    "memorysetup-bucket-allocator-granularity=16"
    "memorysetup-bucket-allocator-bucket-count=8"
    "memorysetup-bucket-allocator-block-size=33554432"
    "memorysetup-bucket-allocator-block-count=8"
    "memorysetup-main-allocator-block-size=16777216"
    "memorysetup-thread-allocator-block-size=16777216"
    "memorysetup-gfx-main-allocator-block-size=16777216"
    "memorysetup-gfx-thread-allocator-block-size=16777216"
    "memorysetup-cache-allocator-block-size=4194304"
    "memorysetup-typetree-allocator-block-size=2097152"
    "memorysetup-profiler-bucket-allocator-granularity=16"
    "memorysetup-profiler-bucket-allocator-bucket-count=8"
    "memorysetup-profiler-bucket-allocator-block-size=33554432"
    "memorysetup-profiler-bucket-allocator-block-count=8"
    "memorysetup-profiler-allocator-block-size=16777216"
    "memorysetup-profiler-editor-allocator-block-size=1048576"
    "memorysetup-temp-allocator-size-main=16777216"
    "memorysetup-job-temp-allocator-block-size=2097152"
    "memorysetup-job-temp-allocator-block-size-background=1048576"
    "memorysetup-job-temp-allocator-reduction-small-platforms=262144"
    "memorysetup-allocator-temp-initial-block-size-main=262144"
    "memorysetup-allocator-temp-initial-block-size-worker=262144"
    "memorysetup-temp-allocator-size-gfx=262144"
    "memorysetup-temp-allocator-size-background-worker=32768"
    "memorysetup-temp-allocator-size-job-worker=262144"
    "memorysetup-temp-allocator-size-preload-manager=33554432"
    "memorysetup-temp-allocator-size-nav-mesh-worker=65536"
    "memorysetup-temp-allocator-size-audio-worker=65536"
    "memorysetup-temp-allocator-size-cloud-worker=32768"
    "memorysetup-temp-allocator-size-gi-baking-worker=262144"
    "memorysetup-temp-allocator-size-gfx=262144"
Player connection [30480]  Target information:

Player connection [30480]  * "[IP] 192.168.1.249 [Port] 55504 [Flags] 2 [Guid] 2481503402 [EditorId] 2481503402 [Version] 1048832 [Id] WindowsEditor(7,DESKTOP-OI8J0E1) [Debug] 1 [PackageName] WindowsEditor [ProjectName] Editor" 

Player connection [30480]  * "[IP] 169.254.89.148 [Port] 55504 [Flags] 2 [Guid] 2481503402 [EditorId] 2481503402 [Version] 1048832 [Id] WindowsEditor(7,DESKTOP-OI8J0E1) [Debug] 1 [PackageName] WindowsEditor [ProjectName] Editor" 

Player connection [30480]  * "[IP] 169.254.195.37 [Port] 55504 [Flags] 2 [Guid] 2481503402 [EditorId] 2481503402 [Version] 1048832 [Id] WindowsEditor(7,DESKTOP-OI8J0E1) [Debug] 1 [PackageName] WindowsEditor [ProjectName] Editor" 

Player connection [30480] Host joined multi-casting on [225.0.0.222:54997]...
Player connection [30480] Host joined alternative multi-casting on [225.0.0.222:34997]...
Input System module state changed to: Initialized.
AS: AutoStreaming module initializing.
[LiveLink] LiveLink library is loaded successfully. Initializing...
Begin write certificate to file.
Write certificate complete, return 1.
InitScreenManager.StartServer, cert is C:/Users/Admin/AppData/Roaming/Tuanjie/34136-rest-certificate.pem
Start HTTP server port 38000, HTTPS server port 38443.
[Package Manager] UpmClient::Connect -- Connected to IPC stream "Upm-34136" after 0.3 seconds.
[Licensing::Client] Successfully send message: {"AuthorizationCheck":"Yq4zMFJXQVwN2w==","messageType":"EntitlementDetailsRequest","entitlementIds":["com.unity.editor.ui","com.unity.editor.headless","com.unity.editor.dark-skin","com.unity.editor.disable-splash-screen","com.unity.editor.legacy.embedded","com.unity.editor.legacy.pro","com.unity.editor.platforms.android","com.unity.editor.platforms.android.pro","com.unity.editor.platforms.ios","com.unity.editor.platforms.ios.pro","com.unity.editor.platforms.nintendo3ds","com.unity.editor.platforms.ps4","com.unity.editor.platforms.pzazz","com.unity.editor.platforms.uwp","com.unity.editor.platforms.uwp.pro","com.unity.editor.platforms.vita","com.unity.editor.platforms.xboxone","com.unity.editor.watermarks.disable","com.unity.editor.watermarks.edu","com.unity.editor.watermarks.prototyping","com.unity.editor.watermarks.trial","com.unity.editor.time-limited-license","com.unity.editor.internal-developer","com.unity.tiny","cn.tuanjie.hmirp","com.unity.editor.unity.compliant","com.unity.editor.platforms.minigame","com.unity.editor.watermarks.forcedisable","com.unity.editor.guid.encryption","com.unity.editor.open-harmony.analytics.disabled","com.unity.editor.mini-game.analytics.disabled","com.unity.editor.last.activation.date","com.unity.editor.unity.expiration.2d","com.unity.editor.unity.expiration.7d","com.unity.editor.playableads.watermark","com.unity.editor.android.analytics.enable","com.unity.editor.ios.analytics.enable"],"packageEntitlementIds":[],"includeCustomData":false} at 1791293930
[Licensing::Client] Successfully receive message: {"entitlementGroups":[{"entitlementGroupId":"F4-NDMC-VS9D-37TA-8N5R-W7KD","entitlementGroupIdHash":"1afdcc1a4787d25df0a97a7f68d97f2d1957c7d6","productName":"Unity Personal","productType":"TuanjieEditor","licenseType":"ULF","expiration":1791556729000,"matchedEntitlements":[{"entitlementId":"com.unity.editor.platforms.android","isPackage":false,"count":1},{"entitlementId":"com.unity.editor.platforms.uwp","isPackage":false,"count":1},{"entitlementId":"com.unity.editor.platforms.minigame","isPackage":false,"count":1},{"entitlementId":"com.unity.editor.platforms.ios","isPackage":false,"count":1},{"entitlementId":"com.unity.editor.guid.encryption","isPackage":false,"count":1},{"entitlementId":"com.unity.editor.ui","isPackage":false,"count":1},{"entitlementId":"com.unity.editor.headless","isPackage":false,"count":1},{"entitlementId":"com.unity.editor.unity.expiration.2d","isPackage":false,"count":1},{"entitlementId":"com.unity.editor.ios.analytics.enable","isPackage":false,"count":1},{"entitlementId":"com.unity.editor.android.analytics.enable","isPackage":false,"count":1},{"entitlementId":"com.unity.editor.watermarks.forcedisable","isPackage":false,"count":1},{"entitlementId":"com.unity.editor.last.activation.date","isPackage":false,"count":1},{"entitlementId":"com.unity.editor.unity.compliant","isPackage":false,"count":1},{"entitlementId":"com.unity.editor.mini-game.analytics.disabled","isPackage":false,"count":1},{"entitlementId":"com.unity.editor.time-limited-license","isPackage":false,"count":1}]}],"responseCode":200,"responseStatus":"Found 1 entitlement groups and 0 free entitlements matching requested entitlement ids","messageType":"EntitlementDetailsResponse","authorizationCheck":"Yq4zMFJXQVwN26chzDehd/4zlqZ/"} at 1791293930
[Licensing::Client] Attempt to check time stamp (startTime: 1791293930, endTime: 1791293930)
[Licensing::Client] Successfully resolved entitlement details
[Licensing::Client] Successfully send message: {"AuthorizationCheck":"Yq4zMFJXQVwN2w==","messageType":"EntitlementDetailsRequest","entitlementIds":["com.unity.editor.allow-mix-usage","com.unity.editor.headless"],"packageEntitlementIds":[],"includeCustomData":false} at 1791293930
[Licensing::Client] Successfully receive message: {"entitlementGroups":[{"entitlementGroupId":"F4-NDMC-VS9D-37TA-8N5R-W7KD","entitlementGroupIdHash":"1afdcc1a4787d25df0a97a7f68d97f2d1957c7d6","productName":"Unity Personal","productType":"TuanjieEditor","licenseType":"ULF","expiration":1791556729000,"matchedEntitlements":[{"entitlementId":"com.unity.editor.headless","isPackage":false,"count":1}]}],"responseCode":200,"responseStatus":"Found 1 entitlement groups and 0 free entitlements matching requested entitlement ids","messageType":"EntitlementDetailsResponse","authorizationCheck":"Yq4zMFJXQVwN26chzDehd/4zlqZ/"} at 1791293930
[Licensing::Client] Attempt to check time stamp (startTime: 1791293930, endTime: 1791293930)
[Licensing::Client] Successfully resolved entitlement details
[Package Manager] Restoring resolved packages state from cache
[Licensing::Client] Successfully send message: {"AuthorizationCheck":"Yq4zMFJXQVwN2w==","messageType":"EntitlementDetailsRequest","entitlementIds":[],"packageEntitlementIds":["com.unity.render-pipelines.universal","com.unity.ugui","com.unity.modules.audio","com.unity.modules.imgui","com.unity.modules.jsonserialize","com.unity.modules.physics","com.unity.modules.particlesystem","com.unity.modules.ui","com.unity.modules.imageconversion","com.unity.modules.screencapture","com.unity.mathematics","com.unity.burst","com.unity.modules.tuanjiegi","com.unity.render-pipelines.core","com.unity.shadergraph","com.unity.render-pipelines.universal-config","com.unity.searcher","com.unity.modules.terrain"],"includeCustomData":false} at 1791293930
[Licensing::Client] Successfully receive message: {"freeEntitlementIds":["com.unity.render-pipelines.universal","com.unity.ugui","com.unity.modules.audio","com.unity.modules.imgui","com.unity.modules.jsonserialize","com.unity.modules.physics","com.unity.modules.particlesystem","com.unity.modules.ui","com.unity.modules.imageconversion","com.unity.modules.screencapture","com.unity.mathematics","com.unity.burst","com.unity.modules.tuanjiegi","com.unity.render-pipelines.core","com.unity.shadergraph","com.unity.render-pipelines.universal-config","com.unity.searcher","com.unity.modules.terrain"],"responseCode":200,"responseStatus":"Found 0 entitlement groups and 18 free entitlements matching requested entitlement ids","messageType":"EntitlementDetailsResponse","authorizationCheck":"Yq4zMFJXQVwN26chzDehd/4zlqZ/"} at 1791293930
[Licensing::Client] Attempt to check time stamp (startTime: 1791293930, endTime: 1791293930)
[Licensing::Client] Successfully resolved entitlement details
[Package Manager] Registered 18 packages:
  Packages from [https://packages.tuanjie.cn]:
    com.unity.mathematics@1.3.2 (location: C:\Users\Admin\Documents\Codex\2026-10-06\unity-6-unity-emberward-3d-roguelite\outputs\StoneSignal\Library\PackageCache\com.unity.mathematics@1.3.2)
    com.unity.burst@1.8.30-t2 (location: C:\Users\Admin\Documents\Codex\2026-10-06\unity-6-unity-emberward-3d-roguelite\outputs\StoneSignal\Library\PackageCache\com.unity.burst@1.8.30-t2)
    com.unity.searcher@4.9.2 (location: C:\Users\Admin\Documents\Codex\2026-10-06\unity-6-unity-emberward-3d-roguelite\outputs\StoneSignal\Library\PackageCache\com.unity.searcher@4.9.2)
  Built-in packages:
    com.unity.render-pipelines.universal@14.2.0-t1 (location: C:\Users\Admin\Documents\Codex\2026-10-06\unity-6-unity-emberward-3d-roguelite\outputs\StoneSignal\Library\PackageCache\com.unity.render-pipelines.universal@14.2.0-t1)
    com.unity.ugui@1.0.0 (location: C:\Users\Admin\Documents\Codex\2026-10-06\unity-6-unity-emberward-3d-roguelite\outputs\StoneSignal\Library\PackageCache\com.unity.ugui@1.0.0)
    com.unity.modules.audio@1.0.0 (location: C:\Users\Admin\Documents\Codex\2026-10-06\unity-6-unity-emberward-3d-roguelite\outputs\StoneSignal\Library\PackageCache\com.unity.modules.audio@1.0.0)
    com.unity.modules.imgui@1.0.0 (location: C:\Users\Admin\Documents\Codex\2026-10-06\unity-6-unity-emberward-3d-roguelite\outputs\StoneSignal\Library\PackageCache\com.unity.modules.imgui@1.0.0)
    com.unity.modules.jsonserialize@1.0.0 (location: C:\Users\Admin\Documents\Codex\2026-10-06\unity-6-unity-emberward-3d-roguelite\outputs\StoneSignal\Library\PackageCache\com.unity.modules.jsonserialize@1.0.0)
    com.unity.modules.physics@1.0.0 (location: C:\Users\Admin\Documents\Codex\2026-10-06\unity-6-unity-emberward-3d-roguelite\outputs\StoneSignal\Library\PackageCache\com.unity.modules.physics@1.0.0)
    com.unity.modules.particlesystem@1.0.0 (location: C:\Users\Admin\Documents\Codex\2026-10-06\unity-6-unity-emberward-3d-roguelite\outputs\StoneSignal\Library\PackageCache\com.unity.modules.particlesystem@1.0.0)
    com.unity.modules.ui@1.0.0 (location: C:\Users\Admin\Documents\Codex\2026-10-06\unity-6-unity-emberward-3d-roguelite\outputs\StoneSignal\Library\PackageCache\com.unity.modules.ui@1.0.0)
    com.unity.modules.imageconversion@1.0.0 (location: C:\Users\Admin\Documents\Codex\2026-10-06\unity-6-unity-emberward-3d-roguelite\outputs\StoneSignal\Library\PackageCache\com.unity.modules.imageconversion@1.0.0)
    com.unity.modules.screencapture@1.0.0 (location: C:\Users\Admin\Documents\Codex\2026-10-06\unity-6-unity-emberward-3d-roguelite\outputs\StoneSignal\Library\PackageCache\com.unity.modules.screencapture@1.0.0)
    com.unity.modules.tuanjiegi@1.0.0 (location: C:\Users\Admin\Documents\Codex\2026-10-06\unity-6-unity-emberward-3d-roguelite\outputs\StoneSignal\Library\PackageCache\com.unity.modules.tuanjiegi@1.0.0)
    com.unity.render-pipelines.core@14.2.0-t1 (location: C:\Users\Admin\Documents\Codex\2026-10-06\unity-6-unity-emberward-3d-roguelite\outputs\StoneSignal\Library\PackageCache\com.unity.render-pipelines.core@14.2.0-t1)
    com.unity.shadergraph@14.2.0-t1 (location: C:\Users\Admin\Documents\Codex\2026-10-06\unity-6-unity-emberward-3d-roguelite\outputs\StoneSignal\Library\PackageCache\com.unity.shadergraph@14.2.0-t1)
    com.unity.render-pipelines.universal-config@14.2.0-t1 (location: C:\Users\Admin\Documents\Codex\2026-10-06\unity-6-unity-emberward-3d-roguelite\outputs\StoneSignal\Library\PackageCache\com.unity.render-pipelines.universal-config@14.2.0-t1)
    com.unity.modules.terrain@1.0.0 (location: C:\Users\Admin\Documents\Codex\2026-10-06\unity-6-unity-emberward-3d-roguelite\outputs\StoneSignal\Library\PackageCache\com.unity.modules.terrain@1.0.0)
[Subsystems] No new subsystems found in resolved package list.
Package Manager log level set to [2]
[Package Manager] Done registering packages in 0.11 seconds
[Package Manager] Done resolving packages in 1.17 seconds
[Package Manager] Registered 18 packages:
  Packages from [https://packages.tuanjie.cn]:
    com.unity.mathematics@1.3.2 (location: C:\Users\Admin\Documents\Codex\2026-10-06\unity-6-unity-emberward-3d-roguelite\outputs\StoneSignal\Library\PackageCache\com.unity.mathematics@1.3.2)
    com.unity.burst@1.8.30-t2 (location: C:\Users\Admin\Documents\Codex\2026-10-06\unity-6-unity-emberward-3d-roguelite\outputs\StoneSignal\Library\PackageCache\com.unity.burst@1.8.30-t2)
    com.unity.searcher@4.9.2 (location: C:\Users\Admin\Documents\Codex\2026-10-06\unity-6-unity-emberward-3d-roguelite\outputs\StoneSignal\Library\PackageCache\com.unity.searcher@4.9.2)
  Built-in packages:
    com.unity.render-pipelines.universal@14.2.0-t1 (location: C:\Users\Admin\Documents\Codex\2026-10-06\unity-6-unity-emberward-3d-roguelite\outputs\StoneSignal\Library\PackageCache\com.unity.render-pipelines.universal@14.2.0-t1)
    com.unity.ugui@1.0.0 (location: C:\Users\Admin\Documents\Codex\2026-10-06\unity-6-unity-emberward-3d-roguelite\outputs\StoneSignal\Library\PackageCache\com.unity.ugui@1.0.0)
    com.unity.modules.audio@1.0.0 (location: C:\Users\Admin\Documents\Codex\2026-10-06\unity-6-unity-emberward-3d-roguelite\outputs\StoneSignal\Library\PackageCache\com.unity.modules.audio@1.0.0)
    com.unity.modules.imgui@1.0.0 (location: C:\Users\Admin\Documents\Codex\2026-10-06\unity-6-unity-emberward-3d-roguelite\outputs\StoneSignal\Library\PackageCache\com.unity.modules.imgui@1.0.0)
    com.unity.modules.jsonserialize@1.0.0 (location: C:\Users\Admin\Documents\Codex\2026-10-06\unity-6-unity-emberward-3d-roguelite\outputs\StoneSignal\Library\PackageCache\com.unity.modules.jsonserialize@1.0.0)
    com.unity.modules.physics@1.0.0 (location: C:\Users\Admin\Documents\Codex\2026-10-06\unity-6-unity-emberward-3d-roguelite\outputs\StoneSignal\Library\PackageCache\com.unity.modules.physics@1.0.0)
    com.unity.modules.particlesystem@1.0.0 (location: C:\Users\Admin\Documents\Codex\2026-10-06\unity-6-unity-emberward-3d-roguelite\outputs\StoneSignal\Library\PackageCache\com.unity.modules.particlesystem@1.0.0)
    com.unity.modules.ui@1.0.0 (location: C:\Users\Admin\Documents\Codex\2026-10-06\unity-6-unity-emberward-3d-roguelite\outputs\StoneSignal\Library\PackageCache\com.unity.modules.ui@1.0.0)
    com.unity.modules.imageconversion@1.0.0 (location: C:\Users\Admin\Documents\Codex\2026-10-06\unity-6-unity-emberward-3d-roguelite\outputs\StoneSignal\Library\PackageCache\com.unity.modules.imageconversion@1.0.0)
    com.unity.modules.screencapture@1.0.0 (location: C:\Users\Admin\Documents\Codex\2026-10-06\unity-6-unity-emberward-3d-roguelite\outputs\StoneSignal\Library\PackageCache\com.unity.modules.screencapture@1.0.0)
    com.unity.modules.tuanjiegi@1.0.0 (location: C:\Users\Admin\Documents\Codex\2026-10-06\unity-6-unity-emberward-3d-roguelite\outputs\StoneSignal\Library\PackageCache\com.unity.modules.tuanjiegi@1.0.0)
    com.unity.render-pipelines.core@14.2.0-t1 (location: C:\Users\Admin\Documents\Codex\2026-10-06\unity-6-unity-emberward-3d-roguelite\outputs\StoneSignal\Library\PackageCache\com.unity.render-pipelines.core@14.2.0-t1)
    com.unity.shadergraph@14.2.0-t1 (location: C:\Users\Admin\Documents\Codex\2026-10-06\unity-6-unity-emberward-3d-roguelite\outputs\StoneSignal\Library\PackageCache\com.unity.shadergraph@14.2.0-t1)
    com.unity.render-pipelines.universal-config@14.2.0-t1 (location: C:\Users\Admin\Documents\Codex\2026-10-06\unity-6-unity-emberward-3d-roguelite\outputs\StoneSignal\Library\PackageCache\com.unity.render-pipelines.universal-config@14.2.0-t1)
    com.unity.modules.terrain@1.0.0 (location: C:\Users\Admin\Documents\Codex\2026-10-06\unity-6-unity-emberward-3d-roguelite\outputs\StoneSignal\Library\PackageCache\com.unity.modules.terrain@1.0.0)
[Subsystems] No new subsystems found in resolved package list.
[Package Manager] Done registering packages in 0.00 seconds
Refreshing native plugins compatible for Editor in 3.58 ms, found 0 plugins.
Preloading 0 native plugins for Editor in 0.00 ms.
Initialize engine version: 2022.3.62t16 (ab17684acf1d)
THR RenderingThread disabled!
[Subsystems] Discovering subsystems at path C:/Program Files/Tuanjie/Hub/Editor/2022.3.62t16/Editor/Data/Resources/UnitySubsystems
[Subsystems] Discovering subsystems at path C:/Users/Admin/Documents/Codex/2026-10-06/unity-6-unity-emberward-3d-roguelite/outputs/StoneSignal/Assets
Forcing GfxDevice: Null
GfxDevice: creating device client; threaded=0; jobified=0
CreateRealGfxDevice: 4NullGfxDevice:
    Version:  NULL 1.0 [1.0]
    Renderer: Null Device
    Vendor:   Unity Technologies
[Licensing::Client] Successfully send message: {"AuthorizationCheck":"Yq4zMFJXQVwN2g==","messageType":"EntitlementDetailsRequest","entitlementIds":["com.unity.editor.cluster","com.unity.editor.headless"],"packageEntitlementIds":[],"includeCustomData":false} at 1791293931
[Licensing::Client] Successfully receive message: {"entitlementGroups":[{"entitlementGroupId":"F4-NDMC-VS9D-37TA-8N5R-W7KD","entitlementGroupIdHash":"1afdcc1a4787d25df0a97a7f68d97f2d1957c7d6","productName":"Unity Personal","productType":"TuanjieEditor","licenseType":"ULF","expiration":1791556729000,"matchedEntitlements":[{"entitlementId":"com.unity.editor.headless","isPackage":false,"count":1}]}],"responseCode":200,"responseStatus":"Found 1 entitlement groups and 0 free entitlements matching requested entitlement ids","messageType":"EntitlementDetailsResponse","authorizationCheck":"Yq4zMFJXQVwN2qchzDehd2lhre/U"} at 1791293931
[Licensing::Client] Attempt to check time stamp (startTime: 1791293931, endTime: 1791293931)
[Licensing::Client] Successfully resolved entitlement details
Initialize mono
Mono path[0] = 'C:/Program Files/Tuanjie/Hub/Editor/2022.3.62t16/Editor/Data/Managed'
Mono path[1] = 'C:/Program Files/Tuanjie/Hub/Editor/2022.3.62t16/Editor/Data/MonoBleedingEdge/lib/mono/unityjit-win32'
Mono config path = 'C:/Program Files/Tuanjie/Hub/Editor/2022.3.62t16/Editor/Data/MonoBleedingEdge/etc'
Using monoOptions --debugger-agent=transport=dt_socket,embedding=1,server=y,suspend=n,address=0.0.0.0:56136
Using cacheserver namespaces - metadata:defaultmetadata, artifacts:defaultartifacts
Using cacheserver namespaces - metadata:defaultmetadata, artifacts:defaultartifacts
ImportWorker Server TCP listen port: 0
Begin MonoManager ReloadAssembly
Registering precompiled tuanjie dll's ...
Register platform support module: C:/Program Files/Tuanjie/Hub/Editor/2022.3.62t16/Editor/Data/PlaybackEngines/WebGLSupport/UnityEditor.WebGL.Extensions.dll
Register platform support module: C:/Program Files/Tuanjie/Hub/Editor/2022.3.62t16/Editor/Data/PlaybackEngines/WeixinMiniGameSupport/UnityEditor.WeixinMiniGame.Extensions.dll
Register platform support module: C:/Program Files/Tuanjie/Hub/Editor/2022.3.62t16/Editor/Data/PlaybackEngines/WindowsStandaloneSupport/UnityEditor.WindowsStandalone.Extensions.dll
Registered in 0.009860 seconds.
- Loaded All Assemblies, in  0.284 seconds
Native extension for WindowsStandalone target not found
Native extension for WeixinMiniGame target not found
Native extension for WebGL target not found
[Licensing::Client] Successfully send message: {"AuthorizationCheck":"Yq4zMFJXQVwN2Q==","messageType":"EntitlementDetailsRequest","entitlementIds":["com.unity.editor.minigame.subplatform.wechat","com.unity.editor.headless"],"packageEntitlementIds":[],"includeCustomData":false} at 1791293932
[Licensing::Client] Successfully receive message: {"entitlementGroups":[{"entitlementGroupId":"F4-NDMC-VS9D-37TA-8N5R-W7KD","entitlementGroupIdHash":"1afdcc1a4787d25df0a97a7f68d97f2d1957c7d6","productName":"Unity Personal","productType":"TuanjieEditor","licenseType":"ULF","expiration":1791556729000,"matchedEntitlements":[{"entitlementId":"com.unity.editor.headless","isPackage":false,"count":1},{"entitlementId":"com.unity.editor.minigame.subplatform.wechat","isPackage":false,"count":1}]}],"responseCode":200,"responseStatus":"Found 1 entitlement groups and 0 free entitlements matching requested entitlement ids","messageType":"EntitlementDetailsResponse","authorizationCheck":"Yq4zMFJXQVwN2achzDehd7vTco5N"} at 1791293932
[Licensing::Client] Attempt to check time stamp (startTime: 1791293932, endTime: 1791293932)
[Licensing::Client] Successfully resolved entitlement details
[Licensing::Client] Successfully send message: {"AuthorizationCheck":"Yq4zMFJXQVwN2Q==","messageType":"EntitlementDetailsRequest","entitlementIds":["com.unity.editor.minigame.subplatform.douyin","com.unity.editor.headless"],"packageEntitlementIds":[],"includeCustomData":false} at 1791293932
[Licensing::Client] Successfully receive message: {"entitlementGroups":[{"entitlementGroupId":"F4-NDMC-VS9D-37TA-8N5R-W7KD","entitlementGroupIdHash":"1afdcc1a4787d25df0a97a7f68d97f2d1957c7d6","productName":"Unity Personal","productType":"TuanjieEditor","licenseType":"ULF","expiration":1791556729000,"matchedEntitlements":[{"entitlementId":"com.unity.editor.headless","isPackage":false,"count":1},{"entitlementId":"com.unity.editor.minigame.subplatform.douyin","isPackage":false,"count":1}]}],"responseCode":200,"responseStatus":"Found 1 entitlement groups and 0 free entitlements matching requested entitlement ids","messageType":"EntitlementDetailsResponse","authorizationCheck":"Yq4zMFJXQVwN2achzDehd7vTco5N"} at 1791293932
[Licensing::Client] Attempt to check time stamp (startTime: 1791293932, endTime: 1791293932)
[Licensing::Client] Successfully resolved entitlement details
[Licensing::Client] Successfully send message: {"AuthorizationCheck":"Yq4zMFJXQVwN2Q==","messageType":"EntitlementDetailsRequest","entitlementIds":["com.unity.editor.minigame.subplatform.xiaomi","com.unity.editor.headless"],"packageEntitlementIds":[],"includeCustomData":false} at 1791293932
[Licensing::Client] Successfully receive message: {"entitlementGroups":[{"entitlementGroupId":"F4-NDMC-VS9D-37TA-8N5R-W7KD","entitlementGroupIdHash":"1afdcc1a4787d25df0a97a7f68d97f2d1957c7d6","productName":"Unity Personal","productType":"TuanjieEditor","licenseType":"ULF","expiration":1791556729000,"matchedEntitlements":[{"entitlementId":"com.unity.editor.headless","isPackage":false,"count":1},{"entitlementId":"com.unity.editor.minigame.subplatform.xiaomi","isPackage":false,"count":1}]}],"responseCode":200,"responseStatus":"Found 1 entitlement groups and 0 free entitlements matching requested entitlement ids","messageType":"EntitlementDetailsResponse","authorizationCheck":"Yq4zMFJXQVwN2achzDehd7vTco5N"} at 1791293932
[Licensing::Client] Attempt to check time stamp (startTime: 1791293932, endTime: 1791293932)
[Licensing::Client] Successfully resolved entitlement details
[Licensing::Client] Successfully send message: {"AuthorizationCheck":"Yq4zMFJXQVwN2Q==","messageType":"EntitlementDetailsRequest","entitlementIds":["com.unity.editor.minigame.subplatform.kuaishou","com.unity.editor.headless"],"packageEntitlementIds":[],"includeCustomData":false} at 1791293932
[Licensing::Client] Successfully receive message: {"entitlementGroups":[{"entitlementGroupId":"F4-NDMC-VS9D-37TA-8N5R-W7KD","entitlementGroupIdHash":"1afdcc1a4787d25df0a97a7f68d97f2d1957c7d6","productName":"Unity Personal","productType":"TuanjieEditor","licenseType":"ULF","expiration":1791556729000,"matchedEntitlements":[{"entitlementId":"com.unity.editor.headless","isPackage":false,"count":1},{"entitlementId":"com.unity.editor.minigame.subplatform.kuaishou","isPackage":false,"count":1}]}],"responseCode":200,"responseStatus":"Found 1 entitlement groups and 0 free entitlements matching requested entitlement ids","messageType":"EntitlementDetailsResponse","authorizationCheck":"Yq4zMFJXQVwN2achzDehd7vTco5N"} at 1791293932
[Licensing::Client] Attempt to check time stamp (startTime: 1791293932, endTime: 1791293932)
[Licensing::Client] Successfully resolved entitlement details
[Licensing::Client] Successfully send message: {"AuthorizationCheck":"Yq4zMFJXQVwN2Q==","messageType":"EntitlementDetailsRequest","entitlementIds":["com.unity.editor.minigame.subplatform.taptap","com.unity.editor.headless"],"packageEntitlementIds":[],"includeCustomData":false} at 1791293932
[Licensing::Client] Successfully receive message: {"entitlementGroups":[{"entitlementGroupId":"F4-NDMC-VS9D-37TA-8N5R-W7KD","entitlementGroupIdHash":"1afdcc1a4787d25df0a97a7f68d97f2d1957c7d6","productName":"Unity Personal","productType":"TuanjieEditor","licenseType":"ULF","expiration":1791556729000,"matchedEntitlements":[{"entitlementId":"com.unity.editor.headless","isPackage":false,"count":1},{"entitlementId":"com.unity.editor.minigame.subplatform.taptap","isPackage":false,"count":1}]}],"responseCode":200,"responseStatus":"Found 1 entitlement groups and 0 free entitlements matching requested entitlement ids","messageType":"EntitlementDetailsResponse","authorizationCheck":"Yq4zMFJXQVwN2achzDehd7vTco5N"} at 1791293932
[Licensing::Client] Attempt to check time stamp (startTime: 1791293932, endTime: 1791293932)
[Licensing::Client] Successfully resolved entitlement details
[Licensing::Client] Successfully send message: {"AuthorizationCheck":"Yq4zMFJXQVwN2Q==","messageType":"EntitlementDetailsRequest","entitlementIds":["com.unity.editor.minigame.subplatform.metaapp233","com.unity.editor.headless"],"packageEntitlementIds":[],"includeCustomData":false} at 1791293932
[Licensing::Client] Successfully receive message: {"entitlementGroups":[{"entitlementGroupId":"F4-NDMC-VS9D-37TA-8N5R-W7KD","entitlementGroupIdHash":"1afdcc1a4787d25df0a97a7f68d97f2d1957c7d6","productName":"Unity Personal","productType":"TuanjieEditor","licenseType":"ULF","expiration":1791556729000,"matchedEntitlements":[{"entitlementId":"com.unity.editor.headless","isPackage":false,"count":1},{"entitlementId":"com.unity.editor.minigame.subplatform.metaapp233","isPackage":false,"count":1}]}],"responseCode":200,"responseStatus":"Found 1 entitlement groups and 0 free entitlements matching requested entitlement ids","messageType":"EntitlementDetailsResponse","authorizationCheck":"Yq4zMFJXQVwN2achzDehd7vTco5N"} at 1791293932
[Licensing::Client] Attempt to check time stamp (startTime: 1791293932, endTime: 1791293932)
[Licensing::Client] Successfully resolved entitlement details
[Licensing::Client] Successfully send message: {"AuthorizationCheck":"Yq4zMFJXQVwN2Q==","messageType":"EntitlementDetailsRequest","entitlementIds":["com.unity.editor.minigame.subplatform.minihost","com.unity.editor.headless"],"packageEntitlementIds":[],"includeCustomData":false} at 1791293932
[Licensing::Client] Successfully receive message: {"entitlementGroups":[{"entitlementGroupId":"F4-NDMC-VS9D-37TA-8N5R-W7KD","entitlementGroupIdHash":"1afdcc1a4787d25df0a97a7f68d97f2d1957c7d6","productName":"Unity Personal","productType":"TuanjieEditor","licenseType":"ULF","expiration":1791556729000,"matchedEntitlements":[{"entitlementId":"com.unity.editor.headless","isPackage":false,"count":1},{"entitlementId":"com.unity.editor.minigame.subplatform.minihost","isPackage":false,"count":1}]}],"responseCode":200,"responseStatus":"Found 1 entitlement groups and 0 free entitlements matching requested entitlement ids","messageType":"EntitlementDetailsResponse","authorizationCheck":"Yq4zMFJXQVwN2achzDehd7vTco5N"} at 1791293932
[Licensing::Client] Attempt to check time stamp (startTime: 1791293932, endTime: 1791293932)
[Licensing::Client] Successfully resolved entitlement details
Mono: successfully reloaded assembly
- Finished resetting the current domain, in  0.390 seconds
Domain Reload Profiling: 674ms
	BeginReloadAssembly (86ms)
		ExecutionOrderSort (0ms)
		DisableScriptedObjects (0ms)
		BackupInstance (0ms)
		ReleaseScriptingObjects (0ms)
		CreateAndSetChildDomain (1ms)
	RebuildCommonClasses (29ms)
	RebuildNativeTypeToScriptingClass (9ms)
	initialDomainReloadingComplete (49ms)
	LoadAllAssembliesAndSetupDomain (110ms)
		LoadAssemblies (84ms)
		RebuildTransferFunctionScriptingTraits (0ms)
		AnalyzeDomain (108ms)
			TypeCache.Refresh (107ms)
				TypeCache.ScanAssembly (96ms)
			ScanForSourceGeneratedMonoScriptInfo (0ms)
			ResolveRequiredComponents (0ms)
	FinalizeReload (391ms)
		ReleaseScriptCaches (0ms)
		RebuildScriptCaches (0ms)
		SetupLoadedEditorAssemblies (353ms)
			LogAssemblyErrors (0ms)
			InitializePlatformSupportModulesInManaged (11ms)
			SetLoadedEditorAssemblies (4ms)
			RefreshPlugins (0ms)
			BeforeProcessingInitializeOnLoad (1ms)
			ProcessInitializeOnLoadAttributes (321ms)
			ProcessInitializeOnLoadMethodAttributes (16ms)
			AfterProcessingInitializeOnLoad (0ms)
			EditorAssembliesLoaded (0ms)
		ExecutionOrderSort2 (0ms)
		AwakeInstancesAfterBackupRestoration (0ms)
Application.AssetDatabase Initial Refresh Start
[ScriptCompilation] Requested script compilation because: Assetdatabase observed changes in script compilation related files
Starting: C:\Program Files\Tuanjie\Hub\Editor\2022.3.62t16\Editor\Data\bee_backend.exe --dont-print-to-structured-log --ipc --defer-dag-verification --dagfile="Library/Bee/1900b0aE.dag" --continue-on-failure --profile="Library/Bee/backend1.traceevents" ScriptAssemblies
WorkingDir: C:/Users/Admin/Documents/Codex/2026-10-06/unity-6-unity-emberward-3d-roguelite/outputs/StoneSignal
DisplayProgressbar: Compiling Scripts
ExitCode: 0 Duration: 1s649ms
[226/366    0s] WriteResponseFile Library/Bee/artifacts/rsp/4747638433968585886.rsp
[294/366    0s] ILPP-Configuration Library/ilpp-configuration.nevergeneratedoutput
[358/366    1s] Csc Library/Bee/artifacts/1900b0aE.dag/Assembly-CSharp.dll (+2 others)
[359/366    0s] Csc Library/Bee/artifacts/1900b0aE.dag/Assembly-CSharp-Editor.dll (+2 others)
[360/366    0s] ILPostProcess Library/Bee/artifacts/1900b0aE.dag/post-processed/Assembly-CSharp.dll (+pdb)
Processing assembly Library/Bee/artifacts/1900b0aE.dag/Assembly-CSharp.dll, with 141 defines and 207 references

processors: zzzUnity.Burst.CodeGen.BurstILPostProcessor

running zzzUnity.Burst.CodeGen.BurstILPostProcessor
[361/366    0s] CopyFiles Library/ScriptAssemblies/Assembly-CSharp.pdb
[362/366    0s] ILPostProcess Library/Bee/artifacts/1900b0aE.dag/post-processed/Assembly-CSharp-Editor.dll (+pdb)
Processing assembly Library/Bee/artifacts/1900b0aE.dag/Assembly-CSharp-Editor.dll, with 139 defines and 245 references

processors: zzzUnity.Burst.CodeGen.BurstILPostProcessor

running zzzUnity.Burst.CodeGen.BurstILPostProcessor
[363/366    0s] CopyFiles Library/ScriptAssemblies/Assembly-CSharp-Editor.pdb
[364/366    0s] CopyFiles Library/ScriptAssemblies/Assembly-CSharp.dll
[365/366    0s] CopyFiles Library/ScriptAssemblies/Assembly-CSharp-Editor.dll
*** Tundra build success (1.62 seconds), 10 items updated, 366 evaluated
AssetDatabase: script compilation time: 2.053819s
Begin MonoManager ReloadAssembly
- Loaded All Assemblies, in  0.583 seconds
Refreshing native plugins compatible for Editor in 2.50 ms, found 0 plugins.
Preloading 0 native plugins for Editor in 0.00 ms.
Start importing Assets/Game/Scripts/Grid/RuinEnvironment.cs using Guid(99deee0a5421dc94f8508b4445a00fb3) Importer(Primary)  -> (artifact id: '44e3db3241abb12863cc630447cacf31') in 0.006213 seconds
Start importing Assets/Game/Editor/ArtIntegration.cs using Guid(4b6bfccb9228a624db6f0b0484a11c11) Importer(Primary)  -> (artifact id: '4709f2c09e0f48cf73cd5f5c7e9983dc') in 0.001395 seconds
Refreshing native plugins compatible for Editor in 1.89 ms, found 0 plugins.
Native extension for WindowsStandalone target not found
Native extension for WeixinMiniGame target not found
Native extension for WebGL target not found
Mono: successfully reloaded assembly
- Finished resetting the current domain, in  1.663 seconds
Domain Reload Profiling: 2244ms
	BeginReloadAssembly (113ms)
		ExecutionOrderSort (0ms)
		DisableScriptedObjects (4ms)
		BackupInstance (0ms)
		ReleaseScriptingObjects (0ms)
		CreateAndSetChildDomain (19ms)
	RebuildCommonClasses (25ms)
	RebuildNativeTypeToScriptingClass (8ms)
	initialDomainReloadingComplete (21ms)
	LoadAllAssembliesAndSetupDomain (414ms)
		LoadAssemblies (426ms)
		RebuildTransferFunctionScriptingTraits (0ms)
		AnalyzeDomain (52ms)
			TypeCache.Refresh (38ms)
				TypeCache.ScanAssembly (33ms)
			ScanForSourceGeneratedMonoScriptInfo (8ms)
			ResolveRequiredComponents (5ms)
	FinalizeReload (1663ms)
		ReleaseScriptCaches (0ms)
		RebuildScriptCaches (0ms)
		SetupLoadedEditorAssemblies (1509ms)
			LogAssemblyErrors (0ms)
			InitializePlatformSupportModulesInManaged (6ms)
			SetLoadedEditorAssemblies (2ms)
			RefreshPlugins (0ms)
			BeforeProcessingInitializeOnLoad (38ms)
			ProcessInitializeOnLoadAttributes (1366ms)
			ProcessInitializeOnLoadMethodAttributes (90ms)
			AfterProcessingInitializeOnLoad (6ms)
			EditorAssembliesLoaded (0ms)
		ExecutionOrderSort2 (0ms)
		AwakeInstancesAfterBackupRestoration (13ms)
Refreshing native plugins compatible for Editor in 1.96 ms, found 0 plugins.
Preloading 0 native plugins for Editor in 0.00 ms.
Asset Pipeline Refresh (id=5fafd81fe78998442a6b97e7ec873660): Total: 5.437 seconds - Initiated by InitialRefreshV2(ForceSynchronousImport)
	Summary:
		Imports: total=6 (actual=2, local cache=4, cache server=0)
		Asset DB Process Time: managed=2 ms, native=491 ms
		Asset DB Callback time: managed=571 ms, native=9 ms
		Scripting: domain reloads=1, domain reload time=2286 ms, compile time=2055 ms, other=19 ms
		Project Asset Count: scripts=2822, non-scripts=1310
		Asset File Changes: new=0, changed=2, moved=0, deleted=1
		Scan Filter Count: 0
		OnDemandAssets Count:0
	InvokeBeforeRefreshCallbacks: 0.584ms
	ApplyChangesToAssetFolders: 0.023ms
	Scan: 26.712ms
	OnSourceAssetsModified: 1.956ms
	UnregisterDeletedAssets: 0.004ms
	GetAllGuidsForCategorization: 0.679ms
	CategorizeAssets: 62.370ms
	ImportOutOfDateAssets: 1696.258ms (-379.219ms without children)
		ImportManagerImport: 10.140ms (2.083ms without children)
			ImportInProcess: 8.024ms
			UpdateCategorizedAssets: 0.033ms
		CompileScripts: 2055.355ms
		ReloadNativeAssets: 0.015ms
		UnloadImportedAssets: 8.147ms
		ReloadImportedAssets: 0.389ms
		EnsureUptoDateAssetsAreRegisteredWithGuidPM: 0.804ms
		InitializingProgressBar: 0.001ms
		PostProcessAllAssetNotificationsAddChangedAssets: 0.001ms
		OnDemandSchedulerStart: 0.626ms
	PostProcessAllAssets: 575.813ms
	Hotreload: 3.151ms
	GatherAllCurrentPrimaryArtifactRevisions: 0.001ms
	UnloadStreamsBegin: 0.184ms
	PersistCurrentRevisions: 0.226ms
	UnloadStreamsEnd: 0.021ms
	GenerateScriptTypeHashes: 1.493ms
	Untracked: 3069.363ms
Application.AssetDatabase Initial Refresh End
Shader Hidden/ProbeVolume/VoxelizeScene is not supported: GPU does not support conservative rasterization
Shader Hidden/ProbeVolume/VoxelizeScene is not supported: GPU does not support conservative rasterization
Scanning for USB devices : 2.092ms
Initializing Tuanjie extensions:
Start importing Library/Resources using Guid(8b934050b2f46d64f882047e2b659ee9) Importer(Primary)  -> (artifact id: '1dde61a700c707561ca6c546c47b0f0b') in 0.000972 seconds
Refreshing native plugins compatible for Editor in 2.12 ms, found 0 plugins.
Preloading 0 native plugins for Editor in 0.00 ms.
Asset Pipeline Refresh (id=cd3e8263746630543b48685bf6a769bf): Total: 0.039 seconds - Initiated by StopAssetImportingV2(NoUpdateAssetOptions)
[Licensing::Client] Successfully send message: {"AuthorizationCheck":"Enep5DpYnFAFHA==","messageType":"ProductNameRequest","Value":"com.Independent-Prototype.StoneSignal"} at 1791293938
[Licensing::Client] Successfully receive message: {"responseCode":200,"messageType":"ProductNameResponse"} at 1791293938
[Licensing::Client] Error: ProductNameResponse could not be deserialized
[MODES] ModeService[none].Initialize
[MODES] ModeService[none].LoadModes
[MODES] Loading mode Default (0) for mode-current-id-StoneSignal
Unloading 2 Unused Serialized files (Serialized files now loaded: 0)
Unloading 956 unused Assets / (10.9 MB). Loaded Objects now: 2863.
Memory consumption went from 130.9 MB to 120.0 MB.
Total: 5.874300 ms (FindLiveObjects: 0.152100 ms CreateObjectMapping: 0.087300 ms MarkObjects: 2.593200 ms  DeleteObjects: 3.039000 ms)

Asset Pipeline Refresh (id=d6d3f4f408b3f414192a49d08f481296): Total: 0.062 seconds - Initiated by RefreshV2(NoUpdateAssetOptions)
Start importing Assets/Game/Art/Models/TileA.fbx using Guid(05f3c9de847c8eb4e8da3d4dd29dc235) Importer(Primary)  -> (artifact id: '836c39f2d4e8e889ef16ec95f1455b33') in 0.020659 seconds
Refreshing native plugins compatible for Editor in 2.01 ms, found 0 plugins.
Preloading 0 native plugins for Editor in 0.00 ms.
Asset Pipeline Refresh (id=8f83e56191431ac41960bd1a8b81743b): Total: 0.041 seconds - Initiated by StopAssetImportingV2(NoUpdateAssetOptions)
Asset Pipeline Refresh (id=3da27e75e43512b48a11b9d94ce14028): Total: 0.004 seconds - Initiated by StopAssetImportingV2(NoUpdateAssetOptions)
Start importing Assets/Game/Art/Models/TileB.fbx using Guid(42d21495ae4acbc4bbad52fd01a7489c) Importer(Primary)  -> (artifact id: 'bb601edf1ebbb464fb216ea4ffb076da') in 0.012711 seconds
Refreshing native plugins compatible for Editor in 1.92 ms, found 0 plugins.
Preloading 0 native plugins for Editor in 0.00 ms.
Asset Pipeline Refresh (id=00bacfbed55c12844a00810937fe5245): Total: 0.027 seconds - Initiated by StopAssetImportingV2(NoUpdateAssetOptions)
Asset Pipeline Refresh (id=f1e00e344bf2dcd49976a4459af77e57): Total: 0.004 seconds - Initiated by StopAssetImportingV2(NoUpdateAssetOptions)
Start importing Assets/Game/Art/Models/Wall.fbx using Guid(3214a9f5ce148584cab2ed48c66a14d6) Importer(Primary)  -> (artifact id: '4f5be40b3579170b1cfd1e4c456bb0f2') in 0.013085 seconds
Refreshing native plugins compatible for Editor in 1.95 ms, found 0 plugins.
Preloading 0 native plugins for Editor in 0.00 ms.
Asset Pipeline Refresh (id=5731aa1697b3a7241a8ca7c2e08ef5e3): Total: 0.028 seconds - Initiated by StopAssetImportingV2(NoUpdateAssetOptions)
Asset Pipeline Refresh (id=d28ff880bf09c4a41b100490bef843dd): Total: 0.004 seconds - Initiated by StopAssetImportingV2(NoUpdateAssetOptions)
Start importing Assets/Game/Art/Models/Cliff.fbx using Guid(8abb19871e8ac9d4faffce60f26bda3d) Importer(Primary)  -> (artifact id: '0039c26453bbd8db0671db8cad666ecf') in 0.012430 seconds
Refreshing native plugins compatible for Editor in 1.91 ms, found 0 plugins.
Preloading 0 native plugins for Editor in 0.00 ms.
Asset Pipeline Refresh (id=58470dedae6e9c94cb7c9f66ed03eaf6): Total: 0.027 seconds - Initiated by StopAssetImportingV2(NoUpdateAssetOptions)
Asset Pipeline Refresh (id=5b726d52c66d63745807cf5cd1b7ec6a): Total: 0.004 seconds - Initiated by StopAssetImportingV2(NoUpdateAssetOptions)
Start importing Assets/Game/Art/Models/Foliage.fbx using Guid(a0b3edf9b43e8134cb62b0b265a8e9fb) Importer(Primary)  -> (artifact id: '505647a6e7dbb02e8409a9f91b1ec82a') in 0.012649 seconds
Refreshing native plugins compatible for Editor in 1.91 ms, found 0 plugins.
Preloading 0 native plugins for Editor in 0.00 ms.
Asset Pipeline Refresh (id=2bb8a28576e682b44846bf13bd5210cb): Total: 0.027 seconds - Initiated by StopAssetImportingV2(NoUpdateAssetOptions)
Asset Pipeline Refresh (id=d9eaed38ab71d8d4d95bdd1b3592ab65): Total: 0.003 seconds - Initiated by StopAssetImportingV2(NoUpdateAssetOptions)
Start importing Assets/Game/Art/Models/RuinPillar.fbx using Guid(0b1bde38aa944da40a2701e062e7fb83) Importer(Primary)  -> (artifact id: '714f3b28a7662ca1e7070faa65518ba1') in 0.013620 seconds
Refreshing native plugins compatible for Editor in 1.91 ms, found 0 plugins.
Preloading 0 native plugins for Editor in 0.00 ms.
Asset Pipeline Refresh (id=41d12879cc852dc42ac2285aa6cad41b): Total: 0.028 seconds - Initiated by StopAssetImportingV2(NoUpdateAssetOptions)
Asset Pipeline Refresh (id=c1773ae135081ef4c800322bee5b6f99): Total: 0.004 seconds - Initiated by StopAssetImportingV2(NoUpdateAssetOptions)
Start importing Assets/Game/Art/Models/Brazier.fbx using Guid(89a0ca593538fb54b8799e7e7aa1f315) Importer(Primary)  -> (artifact id: '3ac87bcc7683b55b281333a498251f5d') in 0.013091 seconds
Refreshing native plugins compatible for Editor in 1.93 ms, found 0 plugins.
Preloading 0 native plugins for Editor in 0.00 ms.
Asset Pipeline Refresh (id=a3ac513f967f0214db6660dd8ee64d6b): Total: 0.027 seconds - Initiated by StopAssetImportingV2(NoUpdateAssetOptions)
Asset Pipeline Refresh (id=a31d12c44e1d3ca409bd37760e0d3288): Total: 0.004 seconds - Initiated by StopAssetImportingV2(NoUpdateAssetOptions)
Start importing Assets/Game/Art/Models/SpawnPortal.fbx using Guid(eee03eaa9753e564a980d61bfc924a1d) Importer(Primary)  -> (artifact id: '0d478f0872b0eda90bb87fd1292955d5') in 0.013638 seconds
Refreshing native plugins compatible for Editor in 2.25 ms, found 0 plugins.
Preloading 0 native plugins for Editor in 0.00 ms.
Asset Pipeline Refresh (id=1a302f7aad3020b44bf68dca0a797b13): Total: 0.028 seconds - Initiated by StopAssetImportingV2(NoUpdateAssetOptions)
Asset Pipeline Refresh (id=74ef9b8f2e7a872468abd92be6ef264f): Total: 0.004 seconds - Initiated by StopAssetImportingV2(NoUpdateAssetOptions)
Start importing Assets/Game/Art/Models/SignalCore.fbx using Guid(8323a9b42e1d7e647b998826e38e65b2) Importer(Primary)  -> (artifact id: '71fa8da7cd05d867d705ac984be332aa') in 0.012947 seconds
Refreshing native plugins compatible for Editor in 1.93 ms, found 0 plugins.
Preloading 0 native plugins for Editor in 0.00 ms.
Asset Pipeline Refresh (id=fb67e694b4319ae49a5ead1553c5f8ac): Total: 0.027 seconds - Initiated by StopAssetImportingV2(NoUpdateAssetOptions)
Asset Pipeline Refresh (id=a5949f1153c59f545b265107171ced5b): Total: 0.003 seconds - Initiated by StopAssetImportingV2(NoUpdateAssetOptions)
Start importing Assets/Game/Art/Models/NeedleBeacon.fbx using Guid(cff375a0f06098b46af834486c194b18) Importer(Primary)  -> (artifact id: '41a678f7b280b506db7be5900851f727') in 0.013565 seconds
Refreshing native plugins compatible for Editor in 1.95 ms, found 0 plugins.
Preloading 0 native plugins for Editor in 0.00 ms.
Asset Pipeline Refresh (id=6f2bcc24f6ba49b4e927c4d411b5938e): Total: 0.028 seconds - Initiated by StopAssetImportingV2(NoUpdateAssetOptions)
Asset Pipeline Refresh (id=54fdd7fc98652d240be8849fd6399635): Total: 0.003 seconds - Initiated by StopAssetImportingV2(NoUpdateAssetOptions)
Start importing Assets/Game/Art/Models/PulseBeacon.fbx using Guid(8992711ff37b8364892280612cf2cd8c) Importer(Primary)  -> (artifact id: 'f8d4ecc6c816e624d637a5c84fcc42bf') in 0.014329 seconds
Refreshing native plugins compatible for Editor in 1.95 ms, found 0 plugins.
Preloading 0 native plugins for Editor in 0.00 ms.
Asset Pipeline Refresh (id=39b28d2d9268014408afbf0eda20abfa): Total: 0.028 seconds - Initiated by StopAssetImportingV2(NoUpdateAssetOptions)
Asset Pipeline Refresh (id=7e1d4f02537bddd4ba786e935418def2): Total: 0.003 seconds - Initiated by StopAssetImportingV2(NoUpdateAssetOptions)
Start importing Assets/Game/Art/Models/SeismicBeacon.fbx using Guid(d7dfa712a2ac2b24aa2b7ca1d89e1146) Importer(Primary)  -> (artifact id: '21fcda70a3b4f7f8b9a53ae7a72f6454') in 0.014134 seconds
Refreshing native plugins compatible for Editor in 2.05 ms, found 0 plugins.
Preloading 0 native plugins for Editor in 0.00 ms.
Asset Pipeline Refresh (id=d438dbd0273a6ce4188b49098828f3ef): Total: 0.028 seconds - Initiated by StopAssetImportingV2(NoUpdateAssetOptions)
Asset Pipeline Refresh (id=a4dcf7823147edd41bb1202b737b46c9): Total: 0.004 seconds - Initiated by StopAssetImportingV2(NoUpdateAssetOptions)
Start importing Assets/Game/Art/Models/ChillBeacon.fbx using Guid(4369ebe2279c32842b43621672dd30f1) Importer(Primary)  -> (artifact id: '07349215fa4a52cdae9d629e7102c959') in 0.013548 seconds
Refreshing native plugins compatible for Editor in 2.06 ms, found 0 plugins.
Preloading 0 native plugins for Editor in 0.00 ms.
Asset Pipeline Refresh (id=8990a71a55063d34bb8780a13eb8085d): Total: 0.028 seconds - Initiated by StopAssetImportingV2(NoUpdateAssetOptions)
Asset Pipeline Refresh (id=60ed4774934382b488c00f6c9322e03a): Total: 0.003 seconds - Initiated by StopAssetImportingV2(NoUpdateAssetOptions)
Start importing Assets/Game/Art/Models/Drifter.fbx using Guid(7d18fcaefc424f847af6a1e5fdd09d67) Importer(Primary)  -> (artifact id: '5082e156987d0e4265a37b3d550163db') in 0.013136 seconds
Refreshing native plugins compatible for Editor in 2.61 ms, found 0 plugins.
Preloading 0 native plugins for Editor in 0.00 ms.
Asset Pipeline Refresh (id=0f123ae9bfa0e9b44a0fbc08487c2340): Total: 0.028 seconds - Initiated by StopAssetImportingV2(NoUpdateAssetOptions)
Asset Pipeline Refresh (id=90c61e6ac629b18458000c9b2321a521): Total: 0.004 seconds - Initiated by StopAssetImportingV2(NoUpdateAssetOptions)
Start importing Assets/Game/Art/Models/Skimmer.fbx using Guid(e439f7aabf859a041a938f86aa38c1d5) Importer(Primary)  -> (artifact id: '955f3bcd8a061312d977c78a79122421') in 0.013225 seconds
Refreshing native plugins compatible for Editor in 2.10 ms, found 0 plugins.
Preloading 0 native plugins for Editor in 0.00 ms.
Asset Pipeline Refresh (id=b9afed7c493c2e343a4071b52fff76f3): Total: 0.028 seconds - Initiated by StopAssetImportingV2(NoUpdateAssetOptions)
Asset Pipeline Refresh (id=c1ae6cda9f4c5f24ebbe0133c7e2670b): Total: 0.003 seconds - Initiated by StopAssetImportingV2(NoUpdateAssetOptions)
Start importing Assets/Game/Art/Models/Bulwark.fbx using Guid(ec930e90083d8144495b35163952e0a8) Importer(Primary)  -> (artifact id: '7336ae3d6cf5e175ea21b6e438cab2bb') in 0.013737 seconds
Refreshing native plugins compatible for Editor in 2.00 ms, found 0 plugins.
Preloading 0 native plugins for Editor in 0.00 ms.
Asset Pipeline Refresh (id=df545ced171528b4889a135ceec54cf1): Total: 0.028 seconds - Initiated by StopAssetImportingV2(NoUpdateAssetOptions)
Asset Pipeline Refresh (id=45ec6e90e1219a247ad723ea439dd0b9): Total: 0.003 seconds - Initiated by StopAssetImportingV2(NoUpdateAssetOptions)
Start importing Assets/Game/Art/Models/Splitter.fbx using Guid(c04f7fe98e63e564ab192ceaa71c9eb4) Importer(Primary)  -> (artifact id: 'eb47779d0c3db076b4f55de3b0f5d9c1') in 0.013083 seconds
Refreshing native plugins compatible for Editor in 1.97 ms, found 0 plugins.
Preloading 0 native plugins for Editor in 0.00 ms.
Asset Pipeline Refresh (id=d441c89220a93e242ac6d6e8ec933c2b): Total: 0.028 seconds - Initiated by StopAssetImportingV2(NoUpdateAssetOptions)
Asset Pipeline Refresh (id=178ddcea9a8b11841a8caffffa69bf5f): Total: 0.004 seconds - Initiated by StopAssetImportingV2(NoUpdateAssetOptions)
Start importing Assets/Game/Art/Models/Shard.fbx using Guid(67ae305a3337ded4fa9c8221ddb43f35) Importer(Primary)  -> (artifact id: '41ddc06bca87884224644b84fcb0c396') in 0.013377 seconds
Refreshing native plugins compatible for Editor in 1.96 ms, found 0 plugins.
Preloading 0 native plugins for Editor in 0.00 ms.
Asset Pipeline Refresh (id=208724d40a7633c4b80edc371134b8de): Total: 0.028 seconds - Initiated by StopAssetImportingV2(NoUpdateAssetOptions)
Asset Pipeline Refresh (id=7e2d793f0253e8941badbfb3b003eb44): Total: 0.009 seconds - Initiated by StopAssetImportingV2(NoUpdateAssetOptions)
Start importing Assets/Game/Art/Icons/BlockI.png using Guid(197a8502a1d699642a9acda9f1006c37) Importer(Primary)  -> (artifact id: 'a95e44d7564f1c80ac7bb5ccabbbeb38') in 0.006930 seconds
Refreshing native plugins compatible for Editor in 1.98 ms, found 0 plugins.
Preloading 0 native plugins for Editor in 0.00 ms.
Asset Pipeline Refresh (id=bffb67312be301546bed1ecf42f20d82): Total: 0.024 seconds - Initiated by StopAssetImportingV2(NoUpdateAssetOptions)
Start importing Assets/Game/Art/Icons/BlockL.png using Guid(11cb6d4a26b51104184f19f4e8cbe1c2) Importer(Primary)  -> (artifact id: '9adc1586b244a3636acd93a48139bfa7') in 0.004420 seconds
Refreshing native plugins compatible for Editor in 2.70 ms, found 0 plugins.
Preloading 0 native plugins for Editor in 0.00 ms.
Asset Pipeline Refresh (id=252a01b04d0d2b84dac272e2dd4b750c): Total: 0.020 seconds - Initiated by StopAssetImportingV2(NoUpdateAssetOptions)
Start importing Assets/Game/Art/Icons/BlockO.png using Guid(6eae098b826cf7f439366ff7922abed6) Importer(Primary)  -> (artifact id: 'edf1bd845fa5b47e2a33cd57588a9124') in 0.004407 seconds
Refreshing native plugins compatible for Editor in 2.02 ms, found 0 plugins.
Preloading 0 native plugins for Editor in 0.00 ms.
Asset Pipeline Refresh (id=fa8840547554f0045a771dc97a591e77): Total: 0.018 seconds - Initiated by StopAssetImportingV2(NoUpdateAssetOptions)
Start importing Assets/Game/Art/Icons/BlockS.png using Guid(7519a7c8b4be29b40ad8941a77617887) Importer(Primary)  -> (artifact id: 'd8a7599e59fe02abdd3b23607a318e96') in 0.005597 seconds
Refreshing native plugins compatible for Editor in 2.01 ms, found 0 plugins.
Preloading 0 native plugins for Editor in 0.00 ms.
Asset Pipeline Refresh (id=b517039ee1c401b40a96e7e70536e406): Total: 0.019 seconds - Initiated by StopAssetImportingV2(NoUpdateAssetOptions)
Start importing Assets/Game/Art/Icons/BlockT.png using Guid(058c6e9b93360d044907ca23a6a01c56) Importer(Primary)  -> (artifact id: '3937ca5131da4f7d53563127f13752ae') in 0.004320 seconds
Refreshing native plugins compatible for Editor in 2.01 ms, found 0 plugins.
Preloading 0 native plugins for Editor in 0.00 ms.
Asset Pipeline Refresh (id=d7fa5e8e5bdc95f4988a61d254e57902): Total: 0.018 seconds - Initiated by StopAssetImportingV2(NoUpdateAssetOptions)
Start importing Assets/Game/Art/Icons/ChillBeacon.png using Guid(ad6578356b284b94eb7d1c00afb4f4e9) Importer(Primary)  -> (artifact id: 'cdd74538d0b04ee11c02246436d9c46a') in 0.004805 seconds
Refreshing native plugins compatible for Editor in 2.40 ms, found 0 plugins.
Preloading 0 native plugins for Editor in 0.00 ms.
Asset Pipeline Refresh (id=199f099c6e171cb4da9a9d6bbf17650c): Total: 0.019 seconds - Initiated by StopAssetImportingV2(NoUpdateAssetOptions)
Start importing Assets/Game/Art/Icons/NeedleBeacon.png using Guid(e396d248d7e65ea4192aa746228e8799) Importer(Primary)  -> (artifact id: '3560cf48df1141352cf0b153a711fc4e') in 0.004483 seconds
Refreshing native plugins compatible for Editor in 2.11 ms, found 0 plugins.
Preloading 0 native plugins for Editor in 0.00 ms.
Asset Pipeline Refresh (id=5a40f20677e75ff418a8c7c3af0f7a98): Total: 0.019 seconds - Initiated by StopAssetImportingV2(NoUpdateAssetOptions)
Start importing Assets/Game/Art/Icons/PulseBeacon.png using Guid(06dbd9e6606f41a439dbef94ccbb2277) Importer(Primary)  -> (artifact id: '9ce159d5a5af61337ec613e477dd54b0') in 0.004703 seconds
Refreshing native plugins compatible for Editor in 2.00 ms, found 0 plugins.
Preloading 0 native plugins for Editor in 0.00 ms.
Asset Pipeline Refresh (id=51cc2a7402a53b144845b7ad470bcf22): Total: 0.018 seconds - Initiated by StopAssetImportingV2(NoUpdateAssetOptions)
Start importing Assets/Game/Art/Icons/SeismicBeacon.png using Guid(75106159361f442498c788de2a53847c) Importer(Primary)  -> (artifact id: '844af4b6073741bb939156c6ef8e2664') in 0.004587 seconds
Refreshing native plugins compatible for Editor in 2.19 ms, found 0 plugins.
Preloading 0 native plugins for Editor in 0.00 ms.
Asset Pipeline Refresh (id=6ca712488e3682743a0427e919eceed2): Total: 0.019 seconds - Initiated by StopAssetImportingV2(NoUpdateAssetOptions)
Opening scene 'Assets/Game/Scenes/Game.unity'
Unloading 61 Unused Serialized files (Serialized files now loaded: 0)
Loaded scene 'Assets/Game/Scenes/Game.unity'
	Deserialize:            4.475 ms
	Integration:            94.110 ms
	Integration of assets:  2.329 ms
	Thread Wait Time:       0.012 ms
	Total Operation Time:   100.926 ms
Unloading 152 unused Assets / (20.4 KB). Loaded Objects now: 3119.
Memory consumption went from 120.7 MB to 120.7 MB.
Total: 2.792200 ms (FindLiveObjects: 0.145100 ms CreateObjectMapping: 0.076900 ms MarkObjects: 2.428400 ms  DeleteObjects: 0.140000 ms)

Start importing Assets/Game/Materials/Art/SS_StoneDark.mat using Guid(d0a8b50d277bf5d42a6d4c70bf0a2beb) Importer(Primary)  -> (artifact id: '8597fe0198ff63762177a0775aa73f26') in 0.001768 seconds
Start importing Assets/Game/Materials/Art/SS_Amber.mat using Guid(c1ae769f3c029654bb72f2ece94459ef) Importer(Primary)  -> (artifact id: '0cb94deab967e2892af6e565f384f3e3') in 0.001476 seconds
Start importing Assets/Game/Materials/Art/SS_LeafLight.mat using Guid(d1087842b0aebc54b9ea349aa7150fc3) Importer(Primary)  -> (artifact id: '50f8cca7cac029d00f0ff2636a82e5c8') in 0.001348 seconds
Start importing Assets/Game/Materials/Art/SS_Ice.mat using Guid(f105e98d232cf6647bd20c755080037d) Importer(Primary)  -> (artifact id: 'efd80951bdefa5c0f1fc07665711f750') in 0.001463 seconds
Start importing Assets/Game/Materials/Art/SS_Iron.mat using Guid(f1bb124614de1744c9a94d438bc440d8) Importer(Primary)  -> (artifact id: '041931cab30e23b101463b3d3a13b72f') in 0.001468 seconds
Start importing Assets/Game/Materials/Art/SS_Coral.mat using Guid(526ace23423d364489fdee8076e9a370) Importer(Primary)  -> (artifact id: '7cdfcca79f051e114896bfb1b2c4a2c3') in 0.001444 seconds
Start importing Assets/Game/Materials/Art/SS_Gold.mat using Guid(c2816c3ad6128da49ab73adfcf5a45e3) Importer(Primary)  -> (artifact id: '839478b8d2a03ad135db10a8320e59db') in 0.001339 seconds
Start importing Assets/Game/Materials/Art/SS_Leaf.mat using Guid(834a071df94dbee41982b9e93f58e6ba) Importer(Primary)  -> (artifact id: '258454cfc3ec644b978d9ae4dacbe6e1') in 0.001221 seconds
Start importing Assets/Game/Materials/Art/Backdrop.mat using Guid(d45a2c1e443d96f4db865de735f3f6fa) Importer(Primary)  -> (artifact id: '1cda64f8cd59bb78b8b376cef986cbec') in 0.001273 seconds
Start importing Assets/Game/Materials/Art/SS_FloorLight.mat using Guid(85273bc8ad35a084daedc0f079d5dfa7) Importer(Primary)  -> (artifact id: '52f79dadbcc8ae7fb9a9fdeeb3afdee3') in 0.001249 seconds
Start importing Assets/Game/Materials/Art/SS_Cyan.mat using Guid(46cdeb00607b24c43aadb7a44cca2ee5) Importer(Primary)  -> (artifact id: 'abbc2a3e5cc5c622919334ba0a352d1f') in 0.001364 seconds
Start importing Assets/Game/Materials/Art/SS_StoneLight.mat using Guid(e66feb1f684e1e144a77112e89d1974d) Importer(Primary)  -> (artifact id: '0a52262c3a2233a2f8cda702611fd30c') in 0.001234 seconds
Start importing Assets/Game/Materials/Art/SS_Red.mat using Guid(3805ec3a812153f488cf6b0af2de8c28) Importer(Primary)  -> (artifact id: 'a8be5dfb233982fc92cc2198d40f05ca') in 0.001428 seconds
Start importing Assets/Game/Materials/Art/SS_Void.mat using Guid(592457eeaf155604ea53384d28f4d8cf) Importer(Primary)  -> (artifact id: '1f52b3521ada98592b7388511cac9956') in 0.001261 seconds
Start importing Assets/Game/Materials/Art/SS_Steel.mat using Guid(992cbd0366594bb4488d59184da88269) Importer(Primary)  -> (artifact id: 'afd9106a4076af02b337f317ad1a4bef') in 0.001184 seconds
Start importing Assets/Game/Materials/Art/SS_Crack.mat using Guid(d9df03897f93cc54e8bb07ced291eef3) Importer(Primary)  -> (artifact id: 'b6f726e1bdf2aa2ae7242eae9fc53282') in 0.001335 seconds
Start importing Assets/Game/Materials/Art/SS_Pink.mat using Guid(9a05b71259bffe54ba45eb039042d8cd) Importer(Primary)  -> (artifact id: 'f3240d22657c80aa1bc88dee4ad55383') in 0.001269 seconds
Start importing Assets/Game/Materials/Art/SS_Basalt.mat using Guid(ab067b73ba4d5ab4f8df6073e41c25a2) Importer(Primary)  -> (artifact id: '60a41474e57e9968a8e1c2437ddc0c2c') in 0.001167 seconds
Start importing Assets/Game/Materials/Art/SS_Floor.mat using Guid(bbf7731c9fbee7b4f9a5ca6ac641a7cd) Importer(Primary)  -> (artifact id: 'fef2bbd0eb856888a258bf2499b23cad') in 0.001164 seconds
Start importing Assets/Game/Materials/Art/SS_Vine.mat using Guid(2cb11a48a4aab50459e502adcf908c57) Importer(Primary)  -> (artifact id: '118d0098b6e766e9dd9221e7d90f617f') in 0.001207 seconds
Start importing Assets/Game/Materials/Art/SS_Stone.mat using Guid(dceceb9eaa35b2f45aad6d6710c470b1) Importer(Primary)  -> (artifact id: '3a6344f12473e14b5c211c6718af5a51') in 0.001326 seconds
Start importing Assets/Game/Materials/Art/SS_Eye.mat using Guid(7e9fc1a945a914e409e3fb29af7e5321) Importer(Primary)  -> (artifact id: 'e73780627ba47e4390b3935df71d8bbd') in 0.001259 seconds
Start importing Assets/Game/Materials/Art/SS_Purple.mat using Guid(fe7ee9f8afda5354c801619fd7b8731f) Importer(Primary)  -> (artifact id: '81823f3b91ea55d5beeef6ae5e7fe162') in 0.001238 seconds
Start importing Assets/Game/Materials/Art/SS_WarmWhite.mat using Guid(df7e6dc1af6c4e34f8dbcd2732871380) Importer(Primary)  -> (artifact id: '5bf9cb7961465c38b96db3fc0403dda8') in 0.001223 seconds
Start importing Assets/Game/Settings/StoneSignalURP.asset using Guid(42c7dbe9c702ecc4b985ea4995c78e07) Importer(Primary)  -> (artifact id: '76a8809e0cef9c15c70d25c67ff3ccbc') in 0.001422 seconds
Start importing Assets/Game/ScriptableObjects/Blocks/T.asset using Guid(e2629e87b44b24b4996e733a2cdc4e31) Importer(Primary)  -> (artifact id: 'ad61d8af51275e1016e8ec446fe920ce') in 0.001313 seconds
Start importing Assets/Game/Settings/RuinPostProcessing.asset using Guid(b303e9228dfc08e48b846c3656dc1ad2) Importer(Primary)  -> (artifact id: '81196a48e24b93110389dbe609105cbf') in 0.001358 seconds
Start importing Assets/Game/ScriptableObjects/Blocks/L.asset using Guid(d47a7dd1353782143a328190487c791c) Importer(Primary)  -> (artifact id: 'da1700c380df8eb18cc9a35c3eda4ef1') in 0.001584 seconds
Start importing Assets/Game/ScriptableObjects/Blocks/I.asset using Guid(253e30cf571905d4b8b1b50690baa1f4) Importer(Primary)  -> (artifact id: 'adb6940e2b2ed9ccbdb5021a54207545') in 0.001410 seconds
Start importing Assets/Game/ScriptableObjects/Enemies/Splitter.asset using Guid(55d5cd7edd854f1a82d9f9af7f36333d) Importer(Primary)  -> (artifact id: '0530069f38fc48d7e6b517aa4306f725') in 0.001907 seconds
Start importing Assets/Game/ScriptableObjects/Enemies/Bulwark.asset using Guid(95453d1060ed4cb68574b44305dacfe5) Importer(Primary)  -> (artifact id: '7c139afeaf057745bef59181201f23d4') in 0.001607 seconds
Start importing Assets/Game/Settings/ArtCatalog.asset using Guid(b6d292e35f536c9448a72c7447032234) Importer(Primary)  -> (artifact id: 'dac5499ded3dbc7d6720a6b29b770252') in 0.001455 seconds
Start importing Assets/Game/ScriptableObjects/Enemies/Skimmer.asset using Guid(a770321d8aa43a14d84b0459c12d606d) Importer(Primary)  -> (artifact id: '8e9f028893a1916b61f6a893d33e2c35') in 0.001388 seconds
Start importing Assets/Game/ScriptableObjects/Blocks/S.asset using Guid(b819804945961384ebae1bb79079823a) Importer(Primary)  -> (artifact id: '738af12be13dd700066a5f43994095cd') in 0.001509 seconds
Start importing Assets/Game/ScriptableObjects/Enemies/Drifter.asset using Guid(e8760c04fd898384797175217a32b339) Importer(Primary)  -> (artifact id: '78da12cdf4bdfdca6500589d8b9088ce') in 0.001409 seconds
Start importing Assets/Game/ScriptableObjects/Blocks/O.asset using Guid(3a8b1f7ce769787458c4bc0741ceb173) Importer(Primary)  -> (artifact id: '04925e231eff832a65bfc74ef78456c9') in 0.001280 seconds
Start importing Assets/Game/Settings/Palette.asset using Guid(eacb0adbad95395468bf7c70d857b223) Importer(Primary)  -> (artifact id: '4a38a3d7360137a9d6939b7fd746c492') in 0.001637 seconds
Start importing Assets/Game/ScriptableObjects/Towers/Pulse.asset using Guid(9b172be17b40fd34bb969c31fb63235a) Importer(Primary)  -> (artifact id: '3cc6ca66b084dc2a4ca8e194f93d916e') in 0.001871 seconds
Start importing Assets/Game/ScriptableObjects/Towers/Seismic.asset using Guid(dbf3ab35b52c8164598b5da2cec7ae57) Importer(Primary)  -> (artifact id: '056eb4f1b59299dc6fedb1624268bcf1') in 0.001865 seconds
Start importing Assets/Game/ScriptableObjects/Towers/Chill.asset using Guid(0d6e19d677554700a8e2060343b4b8b3) Importer(Primary)  -> (artifact id: '7495d3d6a3df26a4fbcbee207b7e21b3') in 0.001885 seconds
Start importing Assets/Game/ScriptableObjects/Towers/Needle.asset using Guid(1dec4a786038aca4e895dbdf1cb49f2e) Importer(Primary)  -> (artifact id: '992a223ac8daa2ace616cd6b19e801e2') in 0.001509 seconds
Start importing Assets/Game/ScriptableObjects/Enemies/Shard.asset using Guid(7f4ee6a2515e42b4bd6cd8b5dd01fce1) Importer(Primary)  -> (artifact id: '0b6814420f4eea0495ce4425fa5395b2') in 0.001563 seconds
Refreshing native plugins compatible for Editor in 2.37 ms, found 0 plugins.
Preloading 0 native plugins for Editor in 0.00 ms.
Asset Pipeline Refresh (id=4b9fbbd355eed1142a6898652e407993): Total: 0.103 seconds - Initiated by StopAssetImportingV2(NoUpdateAssetOptions)
Start importing Assets/Game/Scenes/Game.unity using Guid(a94a81d82b1b688499ce263e5a39b036) Importer(Primary)  -> (artifact id: 'bd4865e540eb84009cdd16ce77c821ee') in 0.000842 seconds
Refreshing native plugins compatible for Editor in 1.95 ms, found 0 plugins.
Preloading 0 native plugins for Editor in 0.00 ms.
Asset Pipeline Refresh (id=5492ab9b347eb0e4092a3e5374d6bf92): Total: 0.028 seconds - Initiated by StopAssetImportingV2(NoUpdateAssetOptions)
ART REFERENCES PASS
UnityEngine.StackTraceUtility:ExtractStackTrace ()
UnityEngine.DebugLogHandler:LogFormat (UnityEngine.LogType,UnityEngine.Object,string,object[])
UnityEngine.Logger:Log (UnityEngine.LogType,object)
UnityEngine.Debug:Log (object)
ArtIntegration:Checks () (at Assets/Game/Editor/ArtIntegration.cs:122)
ArtIntegration:Import () (at Assets/Game/Editor/ArtIntegration.cs:74)
ArtIntegration:Build () (at Assets/Game/Editor/ArtIntegration.cs:124)

(Filename: Assets/Game/Editor/ArtIntegration.cs Line: 122)

BLENDER ART IMPORT PASS: 18 prefabs, 23 shared URP materials, nine icons
UnityEngine.StackTraceUtility:ExtractStackTrace ()
UnityEngine.DebugLogHandler:LogFormat (UnityEngine.LogType,UnityEngine.Object,string,object[])
UnityEngine.Logger:Log (UnityEngine.LogType,object)
UnityEngine.Debug:Log (object)
ArtIntegration:Import () (at Assets/Game/Editor/ArtIntegration.cs:75)
ArtIntegration:Build () (at Assets/Game/Editor/ArtIntegration.cs:124)

(Filename: Assets/Game/Editor/ArtIntegration.cs Line: 75)

Opening scene 'Assets/Game/Scenes/Game.unity'
Unloading 5 Unused Serialized files (Serialized files now loaded: 0)
Loaded scene 'Assets/Game/Scenes/Game.unity'
	Deserialize:            0.925 ms
	Integration:            90.275 ms
	Integration of assets:  0.002 ms
	Thread Wait Time:       0.011 ms
	Total Operation Time:   91.213 ms
Unloading 74 unused Assets / (22.9 KB). Loaded Objects now: 3119.
Memory consumption went from 121.4 MB to 121.4 MB.
Total: 3.436400 ms (FindLiveObjects: 0.134800 ms CreateObjectMapping: 0.071300 ms MarkObjects: 2.752200 ms  DeleteObjects: 0.476100 ms)

MILESTONE 1 PASS: grid coordinates, endpoints, A*, disconnected route, detour
UnityEngine.StackTraceUtility:ExtractStackTrace ()
UnityEngine.DebugLogHandler:LogFormat (UnityEngine.LogType,UnityEngine.Object,string,object[])
UnityEngine.Logger:Log (UnityEngine.LogType,object)
UnityEngine.Debug:Log (object)
PrototypeChecks:GridChecks () (at Assets/Game/Editor/PrototypeChecks.cs:174)
PrototypeChecks:ShapeChecks () (at Assets/Game/Editor/PrototypeChecks.cs:145)
PrototypeChecks:PlacementChecks () (at Assets/Game/Editor/PrototypeChecks.cs:121)
PrototypeChecks:EnemyChecks () (at Assets/Game/Editor/PrototypeChecks.cs:93)
PrototypeChecks:CombatChecks () (at Assets/Game/Editor/PrototypeChecks.cs:70)
PrototypeChecks:EconomyChecks () (at Assets/Game/Editor/PrototypeChecks.cs:41)
PrototypeChecks:RewardChecks () (at Assets/Game/Editor/PrototypeChecks.cs:10)
PrototypeBuild:Checks () (at Assets/Game/Editor/PrototypeBuild.cs:115)
Stage2Validation:Run () (at Assets/Game/Editor/Stage2Validation.cs:32)
ArtIntegration:Build () (at Assets/Game/Editor/ArtIntegration.cs:124)

(Filename: Assets/Game/Editor/PrototypeChecks.cs Line: 174)

MILESTONE 2 PASS: normalized rotation, four turns, immutable shape cells
UnityEngine.StackTraceUtility:ExtractStackTrace ()
UnityEngine.DebugLogHandler:LogFormat (UnityEngine.LogType,UnityEngine.Object,string,object[])
UnityEngine.Logger:Log (UnityEngine.LogType,object)
UnityEngine.Debug:Log (object)
PrototypeChecks:ShapeChecks () (at Assets/Game/Editor/PrototypeChecks.cs:155)
PrototypeChecks:PlacementChecks () (at Assets/Game/Editor/PrototypeChecks.cs:121)
PrototypeChecks:EnemyChecks () (at Assets/Game/Editor/PrototypeChecks.cs:93)
PrototypeChecks:CombatChecks () (at Assets/Game/Editor/PrototypeChecks.cs:70)
PrototypeChecks:EconomyChecks () (at Assets/Game/Editor/PrototypeChecks.cs:41)
PrototypeChecks:RewardChecks () (at Assets/Game/Editor/PrototypeChecks.cs:10)
PrototypeBuild:Checks () (at Assets/Game/Editor/PrototypeBuild.cs:115)
Stage2Validation:Run () (at Assets/Game/Editor/Stage2Validation.cs:32)
ArtIntegration:Build () (at Assets/Game/Editor/ArtIntegration.cs:124)

(Filename: Assets/Game/Editor/PrototypeChecks.cs Line: 155)

MILESTONE 3 PASS: last gap protected, no live mutation, tower validation, route updates
UnityEngine.StackTraceUtility:ExtractStackTrace ()
UnityEngine.DebugLogHandler:LogFormat (UnityEngine.LogType,UnityEngine.Object,string,object[])
UnityEngine.Logger:Log (UnityEngine.LogType,object)
UnityEngine.Debug:Log (object)
PrototypeChecks:PlacementChecks () (at Assets/Game/Editor/PrototypeChecks.cs:139)
PrototypeChecks:EnemyChecks () (at Assets/Game/Editor/PrototypeChecks.cs:93)
PrototypeChecks:CombatChecks () (at Assets/Game/Editor/PrototypeChecks.cs:70)
PrototypeChecks:EconomyChecks () (at Assets/Game/Editor/PrototypeChecks.cs:41)
PrototypeChecks:RewardChecks () (at Assets/Game/Editor/PrototypeChecks.cs:10)
PrototypeBuild:Checks () (at Assets/Game/Editor/PrototypeBuild.cs:115)
Stage2Validation:Run () (at Assets/Game/Editor/Stage2Validation.cs:32)
ArtIntegration:Build () (at Assets/Game/Editor/ArtIntegration.cs:124)

(Filename: Assets/Game/Editor/PrototypeChecks.cs Line: 139)

MILESTONE 4 PASS: continuous dynamic repath, occupied edge protection, goal resolution
UnityEngine.StackTraceUtility:ExtractStackTrace ()
UnityEngine.DebugLogHandler:LogFormat (UnityEngine.LogType,UnityEngine.Object,string,object[])
UnityEngine.Logger:Log (UnityEngine.LogType,object)
UnityEngine.Debug:Log (object)
PrototypeChecks:EnemyChecks () (at Assets/Game/Editor/PrototypeChecks.cs:115)
PrototypeChecks:CombatChecks () (at Assets/Game/Editor/PrototypeChecks.cs:70)
PrototypeChecks:EconomyChecks () (at Assets/Game/Editor/PrototypeChecks.cs:41)
PrototypeChecks:RewardChecks () (at Assets/Game/Editor/PrototypeChecks.cs:10)
PrototypeBuild:Checks () (at Assets/Game/Editor/PrototypeBuild.cs:115)
Stage2Validation:Run () (at Assets/Game/Editor/Stage2Validation.cs:32)
ArtIntegration:Build () (at Assets/Game/Editor/ArtIntegration.cs:124)

(Filename: Assets/Game/Editor/PrototypeChecks.cs Line: 115)

MILESTONE 5 PASS: frontmost target, single target damage, AOE and registry removal
UnityEngine.StackTraceUtility:ExtractStackTrace ()
UnityEngine.DebugLogHandler:LogFormat (UnityEngine.LogType,UnityEngine.Object,string,object[])
UnityEngine.Logger:Log (UnityEngine.LogType,object)
UnityEngine.Debug:Log (object)
PrototypeChecks:CombatChecks () (at Assets/Game/Editor/PrototypeChecks.cs:87)
PrototypeChecks:EconomyChecks () (at Assets/Game/Editor/PrototypeChecks.cs:41)
PrototypeChecks:RewardChecks () (at Assets/Game/Editor/PrototypeChecks.cs:10)
PrototypeBuild:Checks () (at Assets/Game/Editor/PrototypeBuild.cs:115)
Stage2Validation:Run () (at Assets/Game/Editor/Stage2Validation.cs:32)
ArtIntegration:Build () (at Assets/Game/Editor/ArtIntegration.cs:124)

(Filename: Assets/Game/Editor/PrototypeChecks.cs Line: 87)

MILESTONE 6 PASS: gold, base HP, atomic spend, state cycle, GameOver; live waves verified in final smoke test
UnityEngine.StackTraceUtility:ExtractStackTrace ()
UnityEngine.DebugLogHandler:LogFormat (UnityEngine.LogType,UnityEngine.Object,string,object[])
UnityEngine.Logger:Log (UnityEngine.LogType,object)
UnityEngine.Debug:Log (object)
PrototypeChecks:EconomyChecks () (at Assets/Game/Editor/PrototypeChecks.cs:64)
PrototypeChecks:RewardChecks () (at Assets/Game/Editor/PrototypeChecks.cs:10)
PrototypeBuild:Checks () (at Assets/Game/Editor/PrototypeBuild.cs:115)
Stage2Validation:Run () (at Assets/Game/Editor/Stage2Validation.cs:32)
ArtIntegration:Build () (at Assets/Game/Editor/ArtIntegration.cs:124)

(Filename: Assets/Game/Editor/PrototypeChecks.cs Line: 64)

MILESTONE 7 PASS: all six reward effects, single-wave gold bonus; choice gating verified in smoke test
UnityEngine.StackTraceUtility:ExtractStackTrace ()
UnityEngine.DebugLogHandler:LogFormat (UnityEngine.LogType,UnityEngine.Object,string,object[])
UnityEngine.Logger:Log (UnityEngine.LogType,object)
UnityEngine.Debug:Log (object)
PrototypeChecks:RewardChecks () (at Assets/Game/Editor/PrototypeChecks.cs:35)
PrototypeBuild:Checks () (at Assets/Game/Editor/PrototypeBuild.cs:115)
Stage2Validation:Run () (at Assets/Game/Editor/Stage2Validation.cs:32)
ArtIntegration:Build () (at Assets/Game/Editor/ArtIntegration.cs:124)

(Filename: Assets/Game/Editor/PrototypeChecks.cs Line: 35)

SCENE REFERENCES PASS
UnityEngine.StackTraceUtility:ExtractStackTrace ()
UnityEngine.DebugLogHandler:LogFormat (UnityEngine.LogType,UnityEngine.Object,string,object[])
UnityEngine.Logger:Log (UnityEngine.LogType,object)
UnityEngine.Debug:Log (object)
PrototypeBuild:ValidateScene () (at Assets/Game/Editor/PrototypeBuild.cs:129)
PrototypeBuild:Checks () (at Assets/Game/Editor/PrototypeBuild.cs:115)
Stage2Validation:Run () (at Assets/Game/Editor/Stage2Validation.cs:32)
ArtIntegration:Build () (at Assets/Game/Editor/ArtIntegration.cs:124)

(Filename: Assets/Game/Editor/PrototypeBuild.cs Line: 129)

Destroy may not be called from edit mode! Use DestroyImmediate instead.
Destroying an object in edit mode destroys it permanently.
UnityEngine.StackTraceUtility:ExtractStackTrace ()
UnityEngine.Object:Destroy (UnityEngine.Object)
StoneSignal.BlockPlacementManager:RebuildGhost () (at Assets/Game/Scripts/Blocks/BlockPlacementManager.cs:111)
StoneSignal.BlockPlacementManager:SelectCard (int) (at Assets/Game/Scripts/Blocks/BlockPlacementManager.cs:40)
Stage2Validation:CheckGameplay (StoneSignal.GameConfig) (at Assets/Game/Editor/Stage2Validation.cs:55)
Stage2Validation:Run () (at Assets/Game/Editor/Stage2Validation.cs:33)
ArtIntegration:Build () (at Assets/Game/Editor/ArtIntegration.cs:124)

[Assets/Game/Scripts/Blocks/BlockPlacementManager.cs line 111]

Destroy may not be called from edit mode! Use DestroyImmediate instead.
Destroying an object in edit mode destroys it permanently.
UnityEngine.StackTraceUtility:ExtractStackTrace ()
UnityEngine.Object:Destroy (UnityEngine.Object)
StoneSignal.BlockPlacementManager:RebuildGhost () (at Assets/Game/Scripts/Blocks/BlockPlacementManager.cs:111)
StoneSignal.BlockPlacementManager:SelectCard (int) (at Assets/Game/Scripts/Blocks/BlockPlacementManager.cs:40)
Stage2Validation:CheckGameplay (StoneSignal.GameConfig) (at Assets/Game/Editor/Stage2Validation.cs:55)
Stage2Validation:Run () (at Assets/Game/Editor/Stage2Validation.cs:33)
ArtIntegration:Build () (at Assets/Game/Editor/ArtIntegration.cs:124)

[Assets/Game/Scripts/Blocks/BlockPlacementManager.cs line 111]

Destroy may not be called from edit mode! Use DestroyImmediate instead.
Destroying an object in edit mode destroys it permanently.
UnityEngine.StackTraceUtility:ExtractStackTrace ()
UnityEngine.Object:Destroy (UnityEngine.Object)
StoneSignal.BlockPlacementManager:RebuildGhost () (at Assets/Game/Scripts/Blocks/BlockPlacementManager.cs:111)
StoneSignal.BlockPlacementManager:SelectCard (int) (at Assets/Game/Scripts/Blocks/BlockPlacementManager.cs:40)
Stage2Validation:CheckGameplay (StoneSignal.GameConfig) (at Assets/Game/Editor/Stage2Validation.cs:55)
Stage2Validation:Run () (at Assets/Game/Editor/Stage2Validation.cs:33)
ArtIntegration:Build () (at Assets/Game/Editor/ArtIntegration.cs:124)

[Assets/Game/Scripts/Blocks/BlockPlacementManager.cs line 111]

Destroy may not be called from edit mode! Use DestroyImmediate instead.
Destroying an object in edit mode destroys it permanently.
UnityEngine.StackTraceUtility:ExtractStackTrace ()
UnityEngine.Object:Destroy (UnityEngine.Object)
StoneSignal.BlockPlacementManager:RebuildGhost () (at Assets/Game/Scripts/Blocks/BlockPlacementManager.cs:111)
StoneSignal.BlockPlacementManager:SelectCard (int) (at Assets/Game/Scripts/Blocks/BlockPlacementManager.cs:40)
Stage2Validation:CheckGameplay (StoneSignal.GameConfig) (at Assets/Game/Editor/Stage2Validation.cs:55)
Stage2Validation:Run () (at Assets/Game/Editor/Stage2Validation.cs:33)
ArtIntegration:Build () (at Assets/Game/Editor/ArtIntegration.cs:124)

[Assets/Game/Scripts/Blocks/BlockPlacementManager.cs line 111]

Destroy may not be called from edit mode! Use DestroyImmediate instead.
Destroying an object in edit mode destroys it permanently.
UnityEngine.StackTraceUtility:ExtractStackTrace ()
UnityEngine.Object:Destroy (UnityEngine.Object)
StoneSignal.BlockPlacementManager:RebuildGhost () (at Assets/Game/Scripts/Blocks/BlockPlacementManager.cs:111)
StoneSignal.BlockPlacementManager:CommitPlacement (UnityEngine.Vector2Int) (at Assets/Game/Scripts/Blocks/BlockPlacementManager.cs:79)
Stage2Validation:CheckGameplay (StoneSignal.GameConfig) (at Assets/Game/Editor/Stage2Validation.cs:57)
Stage2Validation:Run () (at Assets/Game/Editor/Stage2Validation.cs:33)
ArtIntegration:Build () (at Assets/Game/Editor/ArtIntegration.cs:124)

[Assets/Game/Editor/Stage2Validation.cs line 57]

Destroy may not be called from edit mode! Use DestroyImmediate instead.
Destroying an object in edit mode destroys it permanently.
UnityEngine.StackTraceUtility:ExtractStackTrace ()
UnityEngine.Object:Destroy (UnityEngine.Object)
StoneSignal.BlockPlacementManager:RebuildGhost () (at Assets/Game/Scripts/Blocks/BlockPlacementManager.cs:111)
StoneSignal.BlockPlacementManager:CommitPlacement (UnityEngine.Vector2Int) (at Assets/Game/Scripts/Blocks/BlockPlacementManager.cs:79)
Stage2Validation:CheckGameplay (StoneSignal.GameConfig) (at Assets/Game/Editor/Stage2Validation.cs:57)
Stage2Validation:Run () (at Assets/Game/Editor/Stage2Validation.cs:33)
ArtIntegration:Build () (at Assets/Game/Editor/ArtIntegration.cs:124)

[Assets/Game/Editor/Stage2Validation.cs line 57]

Destroy may not be called from edit mode! Use DestroyImmediate instead.
Destroying an object in edit mode destroys it permanently.
UnityEngine.StackTraceUtility:ExtractStackTrace ()
UnityEngine.Object:Destroy (UnityEngine.Object)
StoneSignal.BlockPlacementManager:RebuildGhost () (at Assets/Game/Scripts/Blocks/BlockPlacementManager.cs:111)
StoneSignal.BlockPlacementManager:CommitPlacement (UnityEngine.Vector2Int) (at Assets/Game/Scripts/Blocks/BlockPlacementManager.cs:79)
Stage2Validation:CheckGameplay (StoneSignal.GameConfig) (at Assets/Game/Editor/Stage2Validation.cs:57)
Stage2Validation:Run () (at Assets/Game/Editor/Stage2Validation.cs:33)
ArtIntegration:Build () (at Assets/Game/Editor/ArtIntegration.cs:124)

[Assets/Game/Editor/Stage2Validation.cs line 57]

Destroy may not be called from edit mode! Use DestroyImmediate instead.
Destroying an object in edit mode destroys it permanently.
UnityEngine.StackTraceUtility:ExtractStackTrace ()
UnityEngine.Object:Destroy (UnityEngine.Object)
StoneSignal.BlockPlacementManager:RebuildGhost () (at Assets/Game/Scripts/Blocks/BlockPlacementManager.cs:111)
StoneSignal.BlockPlacementManager:CommitPlacement (UnityEngine.Vector2Int) (at Assets/Game/Scripts/Blocks/BlockPlacementManager.cs:79)
Stage2Validation:CheckGameplay (StoneSignal.GameConfig) (at Assets/Game/Editor/Stage2Validation.cs:57)
Stage2Validation:Run () (at Assets/Game/Editor/Stage2Validation.cs:33)
ArtIntegration:Build () (at Assets/Game/Editor/ArtIntegration.cs:124)

[Assets/Game/Editor/Stage2Validation.cs line 57]

STAGE 2 CHECKS PASS
UnityEngine.StackTraceUtility:ExtractStackTrace ()
UnityEngine.DebugLogHandler:LogFormat (UnityEngine.LogType,UnityEngine.Object,string,object[])
UnityEngine.Logger:Log (UnityEngine.LogType,object)
UnityEngine.Debug:Log (object)
Stage2Validation:Run () (at Assets/Game/Editor/Stage2Validation.cs:34)
ArtIntegration:Build () (at Assets/Game/Editor/ArtIntegration.cs:124)

(Filename: Assets/Game/Editor/Stage2Validation.cs Line: 34)

Asset Pipeline Refresh (id=78093d36322df08439dbab605d2ffc80): Total: 0.008 seconds - Initiated by RefreshV2(NoUpdateAssetOptions)
Opening scene 'Assets/Game/Scenes/Game.unity'
Unloading 0 Unused Serialized files (Serialized files now loaded: 0)
Loaded scene 'Assets/Game/Scenes/Game.unity'
	Deserialize:            1.094 ms
	Integration:            89.340 ms
	Integration of assets:  0.001 ms
	Thread Wait Time:       0.010 ms
	Total Operation Time:   90.445 ms
Unloading 1 unused Assets / (7.4 KB). Loaded Objects now: 3122.
Memory consumption went from 120.7 MB to 120.7 MB.
Total: 2.662200 ms (FindLiveObjects: 0.133700 ms CreateObjectMapping: 0.066800 ms MarkObjects: 2.411900 ms  DeleteObjects: 0.048000 ms)

Start importing ProjectSettings/QualitySettings.asset using Guid(00000000000000009000000000000000) Importer(Primary)  -> (artifact id: '5bf9072d6454910615d161db76b9a38b') in 0.001332 seconds
Start importing ProjectSettings/GraphicsSettings.asset using Guid(00000000000000006100000000000000) Importer(Primary)  -> (artifact id: 'e5bfbeb9eb0f59b1f675ef0fe2d4c2e2') in 0.001226 seconds
Refreshing native plugins compatible for Editor in 1.92 ms, found 0 plugins.
Preloading 0 native plugins for Editor in 0.00 ms.
Asset Pipeline Refresh (id=c1f5063d672565540945b4fb6f053e8b): Total: 0.019 seconds - Initiated by StopAssetImportingV2(NoUpdateAssetOptions)
Opening scene 'Assets/Game/Scenes/Game.unity'
Unloading 14 Unused Serialized files (Serialized files now loaded: 0)
Loaded scene 'Assets/Game/Scenes/Game.unity'
	Deserialize:            0.995 ms
	Integration:            92.673 ms
	Integration of assets:  0.001 ms
	Thread Wait Time:       0.008 ms
	Total Operation Time:   93.677 ms
Unloading 15 unused Assets / (7.7 KB). Loaded Objects now: 3122.
Memory consumption went from 120.8 MB to 120.8 MB.
Total: 2.822600 ms (FindLiveObjects: 0.161400 ms CreateObjectMapping: 0.089700 ms MarkObjects: 2.510100 ms  DeleteObjects: 0.059900 ms)

SCENE REFERENCES PASS
UnityEngine.StackTraceUtility:ExtractStackTrace ()
UnityEngine.DebugLogHandler:LogFormat (UnityEngine.LogType,UnityEngine.Object,string,object[])
UnityEngine.Logger:Log (UnityEngine.LogType,object)
UnityEngine.Debug:Log (object)
PrototypeBuild:ValidateScene () (at Assets/Game/Editor/PrototypeBuild.cs:129)
PrototypeBuild:Create () (at Assets/Game/Editor/PrototypeBuild.cs:111)
PrototypeBuild:Build () (at Assets/Game/Editor/PrototypeBuild.cs:133)
ArtIntegration:Build () (at Assets/Game/Editor/ArtIntegration.cs:124)

(Filename: Assets/Game/Editor/PrototypeBuild.cs Line: 129)

SCENE READY: Assets/Game/Scenes/Game.unity; URP StoneSignalURP
UnityEngine.StackTraceUtility:ExtractStackTrace ()
UnityEngine.DebugLogHandler:LogFormat (UnityEngine.LogType,UnityEngine.Object,string,object[])
UnityEngine.Logger:Log (UnityEngine.LogType,object)
UnityEngine.Debug:Log (object)
PrototypeBuild:Create () (at Assets/Game/Editor/PrototypeBuild.cs:112)
PrototypeBuild:Build () (at Assets/Game/Editor/PrototypeBuild.cs:133)
ArtIntegration:Build () (at Assets/Game/Editor/ArtIntegration.cs:124)

(Filename: Assets/Game/Editor/PrototypeBuild.cs Line: 112)

MILESTONE 1 PASS: grid coordinates, endpoints, A*, disconnected route, detour
UnityEngine.StackTraceUtility:ExtractStackTrace ()
UnityEngine.DebugLogHandler:LogFormat (UnityEngine.LogType,UnityEngine.Object,string,object[])
UnityEngine.Logger:Log (UnityEngine.LogType,object)
UnityEngine.Debug:Log (object)
PrototypeChecks:GridChecks () (at Assets/Game/Editor/PrototypeChecks.cs:174)
PrototypeChecks:ShapeChecks () (at Assets/Game/Editor/PrototypeChecks.cs:145)
PrototypeChecks:PlacementChecks () (at Assets/Game/Editor/PrototypeChecks.cs:121)
PrototypeChecks:EnemyChecks () (at Assets/Game/Editor/PrototypeChecks.cs:93)
PrototypeChecks:CombatChecks () (at Assets/Game/Editor/PrototypeChecks.cs:70)
PrototypeChecks:EconomyChecks () (at Assets/Game/Editor/PrototypeChecks.cs:41)
PrototypeChecks:RewardChecks () (at Assets/Game/Editor/PrototypeChecks.cs:10)
PrototypeBuild:Checks () (at Assets/Game/Editor/PrototypeBuild.cs:115)
PrototypeBuild:Build () (at Assets/Game/Editor/PrototypeBuild.cs:133)
ArtIntegration:Build () (at Assets/Game/Editor/ArtIntegration.cs:124)

(Filename: Assets/Game/Editor/PrototypeChecks.cs Line: 174)

MILESTONE 2 PASS: normalized rotation, four turns, immutable shape cells
UnityEngine.StackTraceUtility:ExtractStackTrace ()
UnityEngine.DebugLogHandler:LogFormat (UnityEngine.LogType,UnityEngine.Object,string,object[])
UnityEngine.Logger:Log (UnityEngine.LogType,object)
UnityEngine.Debug:Log (object)
PrototypeChecks:ShapeChecks () (at Assets/Game/Editor/PrototypeChecks.cs:155)
PrototypeChecks:PlacementChecks () (at Assets/Game/Editor/PrototypeChecks.cs:121)
PrototypeChecks:EnemyChecks () (at Assets/Game/Editor/PrototypeChecks.cs:93)
PrototypeChecks:CombatChecks () (at Assets/Game/Editor/PrototypeChecks.cs:70)
PrototypeChecks:EconomyChecks () (at Assets/Game/Editor/PrototypeChecks.cs:41)
PrototypeChecks:RewardChecks () (at Assets/Game/Editor/PrototypeChecks.cs:10)
PrototypeBuild:Checks () (at Assets/Game/Editor/PrototypeBuild.cs:115)
PrototypeBuild:Build () (at Assets/Game/Editor/PrototypeBuild.cs:133)
ArtIntegration:Build () (at Assets/Game/Editor/ArtIntegration.cs:124)

(Filename: Assets/Game/Editor/PrototypeChecks.cs Line: 155)

MILESTONE 3 PASS: last gap protected, no live mutation, tower validation, route updates
UnityEngine.StackTraceUtility:ExtractStackTrace ()
UnityEngine.DebugLogHandler:LogFormat (UnityEngine.LogType,UnityEngine.Object,string,object[])
UnityEngine.Logger:Log (UnityEngine.LogType,object)
UnityEngine.Debug:Log (object)
PrototypeChecks:PlacementChecks () (at Assets/Game/Editor/PrototypeChecks.cs:139)
PrototypeChecks:EnemyChecks () (at Assets/Game/Editor/PrototypeChecks.cs:93)
PrototypeChecks:CombatChecks () (at Assets/Game/Editor/PrototypeChecks.cs:70)
PrototypeChecks:EconomyChecks () (at Assets/Game/Editor/PrototypeChecks.cs:41)
PrototypeChecks:RewardChecks () (at Assets/Game/Editor/PrototypeChecks.cs:10)
PrototypeBuild:Checks () (at Assets/Game/Editor/PrototypeBuild.cs:115)
PrototypeBuild:Build () (at Assets/Game/Editor/PrototypeBuild.cs:133)
ArtIntegration:Build () (at Assets/Game/Editor/ArtIntegration.cs:124)

(Filename: Assets/Game/Editor/PrototypeChecks.cs Line: 139)

MILESTONE 4 PASS: continuous dynamic repath, occupied edge protection, goal resolution
UnityEngine.StackTraceUtility:ExtractStackTrace ()
UnityEngine.DebugLogHandler:LogFormat (UnityEngine.LogType,UnityEngine.Object,string,object[])
UnityEngine.Logger:Log (UnityEngine.LogType,object)
UnityEngine.Debug:Log (object)
PrototypeChecks:EnemyChecks () (at Assets/Game/Editor/PrototypeChecks.cs:115)
PrototypeChecks:CombatChecks () (at Assets/Game/Editor/PrototypeChecks.cs:70)
PrototypeChecks:EconomyChecks () (at Assets/Game/Editor/PrototypeChecks.cs:41)
PrototypeChecks:RewardChecks () (at Assets/Game/Editor/PrototypeChecks.cs:10)
PrototypeBuild:Checks () (at Assets/Game/Editor/PrototypeBuild.cs:115)
PrototypeBuild:Build () (at Assets/Game/Editor/PrototypeBuild.cs:133)
ArtIntegration:Build () (at Assets/Game/Editor/ArtIntegration.cs:124)

(Filename: Assets/Game/Editor/PrototypeChecks.cs Line: 115)

MILESTONE 5 PASS: frontmost target, single target damage, AOE and registry removal
UnityEngine.StackTraceUtility:ExtractStackTrace ()
UnityEngine.DebugLogHandler:LogFormat (UnityEngine.LogType,UnityEngine.Object,string,object[])
UnityEngine.Logger:Log (UnityEngine.LogType,object)
UnityEngine.Debug:Log (object)
PrototypeChecks:CombatChecks () (at Assets/Game/Editor/PrototypeChecks.cs:87)
PrototypeChecks:EconomyChecks () (at Assets/Game/Editor/PrototypeChecks.cs:41)
PrototypeChecks:RewardChecks () (at Assets/Game/Editor/PrototypeChecks.cs:10)
PrototypeBuild:Checks () (at Assets/Game/Editor/PrototypeBuild.cs:115)
PrototypeBuild:Build () (at Assets/Game/Editor/PrototypeBuild.cs:133)
ArtIntegration:Build () (at Assets/Game/Editor/ArtIntegration.cs:124)

(Filename: Assets/Game/Editor/PrototypeChecks.cs Line: 87)

MILESTONE 6 PASS: gold, base HP, atomic spend, state cycle, GameOver; live waves verified in final smoke test
UnityEngine.StackTraceUtility:ExtractStackTrace ()
UnityEngine.DebugLogHandler:LogFormat (UnityEngine.LogType,UnityEngine.Object,string,object[])
UnityEngine.Logger:Log (UnityEngine.LogType,object)
UnityEngine.Debug:Log (object)
PrototypeChecks:EconomyChecks () (at Assets/Game/Editor/PrototypeChecks.cs:64)
PrototypeChecks:RewardChecks () (at Assets/Game/Editor/PrototypeChecks.cs:10)
PrototypeBuild:Checks () (at Assets/Game/Editor/PrototypeBuild.cs:115)
PrototypeBuild:Build () (at Assets/Game/Editor/PrototypeBuild.cs:133)
ArtIntegration:Build () (at Assets/Game/Editor/ArtIntegration.cs:124)

(Filename: Assets/Game/Editor/PrototypeChecks.cs Line: 64)

MILESTONE 7 PASS: all six reward effects, single-wave gold bonus; choice gating verified in smoke test
UnityEngine.StackTraceUtility:ExtractStackTrace ()
UnityEngine.DebugLogHandler:LogFormat (UnityEngine.LogType,UnityEngine.Object,string,object[])
UnityEngine.Logger:Log (UnityEngine.LogType,object)
UnityEngine.Debug:Log (object)
PrototypeChecks:RewardChecks () (at Assets/Game/Editor/PrototypeChecks.cs:35)
PrototypeBuild:Checks () (at Assets/Game/Editor/PrototypeBuild.cs:115)
PrototypeBuild:Build () (at Assets/Game/Editor/PrototypeBuild.cs:133)
ArtIntegration:Build () (at Assets/Game/Editor/ArtIntegration.cs:124)

(Filename: Assets/Game/Editor/PrototypeChecks.cs Line: 35)

SCENE REFERENCES PASS
UnityEngine.StackTraceUtility:ExtractStackTrace ()
UnityEngine.DebugLogHandler:LogFormat (UnityEngine.LogType,UnityEngine.Object,string,object[])
UnityEngine.Logger:Log (UnityEngine.LogType,object)
UnityEngine.Debug:Log (object)
PrototypeBuild:ValidateScene () (at Assets/Game/Editor/PrototypeBuild.cs:129)
PrototypeBuild:Checks () (at Assets/Game/Editor/PrototypeBuild.cs:115)
PrototypeBuild:Build () (at Assets/Game/Editor/PrototypeBuild.cs:133)
ArtIntegration:Build () (at Assets/Game/Editor/ArtIntegration.cs:124)

(Filename: Assets/Game/Editor/PrototypeBuild.cs Line: 129)

[Licensing::Client] Successfully send message: {"AuthorizationCheck":"Yq4zMFJXQVwK2w==","messageType":"EntitlementDetailsRequest","entitlementIds":["com.unity.editor","com.unity.editor.headless"],"packageEntitlementIds":[],"includeCustomData":false} at 1791293940
[Licensing::Client] Successfully receive message: {"entitlementGroups":[{"entitlementGroupId":"F4-NDMC-VS9D-37TA-8N5R-W7KD","entitlementGroupIdHash":"1afdcc1a4787d25df0a97a7f68d97f2d1957c7d6","productName":"Unity Personal","productType":"TuanjieEditor","licenseType":"ULF","expiration":1791556729000,"matchedEntitlements":[{"entitlementId":"com.unity.editor","isPackage":false,"count":1},{"entitlementId":"com.unity.editor.headless","isPackage":false,"count":1}]}],"responseCode":200,"responseStatus":"Found 1 entitlement groups and 0 free entitlements matching requested entitlement ids","messageType":"EntitlementDetailsResponse","authorizationCheck":"Yq4zMFJXQVwK26chzDehdy/WP8JQ"} at 1791293940
[Licensing::Client] Attempt to check time stamp (startTime: 1791293940, endTime: 1791293940)
[Licensing::Client] Successfully resolved entitlement details
Start importing Assets/Game/Settings/StoneSignalURP.asset using Guid(42c7dbe9c702ecc4b985ea4995c78e07) Importer(Primary)  -> (artifact id: '76a8809e0cef9c15c70d25c67ff3ccbc') in 0.001620 seconds
Refreshing native plugins compatible for Editor in 1.96 ms, found 0 plugins.
Preloading 0 native plugins for Editor in 0.00 ms.
Asset Pipeline Refresh (id=fedb7907c35a47d408679de0e1afe7fc): Total: 0.017 seconds - Initiated by StopAssetImportingV2(NoUpdateAssetOptions)
[Licensing::Client] Successfully send message: {"AuthorizationCheck":"Yq4zMFJXQVwK2w==","messageType":"EntitlementDetailsRequest","entitlementIds":["com.unity.editor","com.unity.editor.headless"],"packageEntitlementIds":[],"includeCustomData":false} at 1791293940
[Licensing::Client] Successfully receive message: {"entitlementGroups":[{"entitlementGroupId":"F4-NDMC-VS9D-37TA-8N5R-W7KD","entitlementGroupIdHash":"1afdcc1a4787d25df0a97a7f68d97f2d1957c7d6","productName":"Unity Personal","productType":"TuanjieEditor","licenseType":"ULF","expiration":1791556729000,"matchedEntitlements":[{"entitlementId":"com.unity.editor","isPackage":false,"count":1},{"entitlementId":"com.unity.editor.headless","isPackage":false,"count":1}]}],"responseCode":200,"responseStatus":"Found 1 entitlement groups and 0 free entitlements matching requested entitlement ids","messageType":"EntitlementDetailsResponse","authorizationCheck":"Yq4zMFJXQVwK26chzDehdy/WP8JQ"} at 1791293940
[Licensing::Client] Attempt to check time stamp (startTime: 1791293940, endTime: 1791293940)
[Licensing::Client] Successfully resolved entitlement details
Launched and connected shader compiler TuanjieShaderCompiler.exe after 0.04 seconds
Starting: C:\Program Files\Tuanjie\Hub\Editor\2022.3.62t16\Editor\Data\bee_backend.exe --dont-print-to-structured-log --ipc --defer-dag-verification --dagfile="Library/Bee/1900b0aESkipCompile.dag" --continue-on-failure --profile="Library/Bee/backend1.traceevents" ScriptAssembliesAndTypeDB
WorkingDir: C:/Users/Admin/Documents/Codex/2026-10-06/unity-6-unity-emberward-3d-roguelite/outputs/StoneSignal
ExitCode: 0 Duration: 0s427ms
[2/3        0s] BuildPlayerDataGenerator Library/BuildPlayerData/Editor/TypeDb-All.json
*** Tundra build success (0.40 seconds), 1 items updated, 3 evaluated
Asset Pipeline Refresh (id=1918b74211398cb4b81b93482f9029a8): Total: 0.005 seconds - Initiated by RefreshV2(NoUpdateAssetOptions)
[ScriptCompilation] Requested script compilation because: Recompiling scripts for player build.
BuildPlayer: start building target 19
Starting: C:\Program Files\Tuanjie\Hub\Editor\2022.3.62t16\Editor\Data\bee_backend.exe --dont-print-to-structured-log --ipc --defer-dag-verification --dagfile="Library/Bee/1900b0aPDevDbg.dag" --continue-on-failure --profile="Library/Bee/backend1.traceevents" ScriptAssembliesAndTypeDB
WorkingDir: C:/Users/Admin/Documents/Codex/2026-10-06/unity-6-unity-emberward-3d-roguelite/outputs/StoneSignal
ExitCode: 0 Duration: 2s119ms
[232/316    0s] WriteResponseFile Library/Bee/artifacts/rsp/4747638433968585886.rsp
[276/316    0s] ILPP-Configuration Library/ilpp-configuration.nevergeneratedoutput
[288/316    0s] CopyFiles Library/Bee/PlayerScriptAssemblies/UnityEngine.UI.pdb
[289/316    0s] CopyFiles Library/Bee/PlayerScriptAssemblies/UnityEngine.UI.dll
[290/316    0s] CopyFiles Library/Bee/PlayerScriptAssemblies/Unity.Burst.dll
[291/316    0s] CopyFiles Library/Bee/PlayerScriptAssemblies/Unity.RenderPipelines.Universal.Runtime.pdb
[292/316    0s] CopyFiles Library/Bee/PlayerScriptAssemblies/Unity.RenderPipelines.Universal.Runtime.dll
[293/316    0s] CopyFiles Library/Bee/PlayerScriptAssemblies/Unity.RenderPipelines.Universal.Config.Runtime.dll
[294/316    0s] CopyFiles Library/Bee/PlayerScriptAssemblies/Unity.RenderPipelines.Universal.Config.Runtime.pdb
[295/316    0s] CopyFiles Library/Bee/PlayerScriptAssemblies/Unity.RenderPipelines.Core.ShaderLibrary.dll
[296/316    0s] CopyFiles Library/Bee/PlayerScriptAssemblies/Unity.Burst.pdb
[297/316    0s] CopyFiles Library/Bee/PlayerScriptAssemblies/Unity.Mathematics.dll
[298/316    0s] CopyFiles Library/Bee/PlayerScriptAssemblies/Unity.RenderPipelines.Universal.Shaders.dll
[299/316    0s] CopyFiles Library/Bee/PlayerScriptAssemblies/Unity.RenderPipelines.ShaderGraph.ShaderGraphLibrary.dll
[300/316    0s] CopyFiles Library/Bee/PlayerScriptAssemblies/Unity.RenderPipeline.Universal.ShaderLibrary.dll
[301/316    0s] CopyFiles Library/Bee/PlayerScriptAssemblies/Unity.RenderPipelines.Universal.2D.Internal.dll
[302/316    0s] CopyFiles Library/Bee/PlayerScriptAssemblies/Unity.RenderPipelines.Core.Runtime.dll
[303/316    0s] CopyFiles Library/Bee/PlayerScriptAssemblies/Unity.RenderPipeline.Universal.ShaderLibrary.pdb
[304/316    0s] CopyFiles Library/Bee/PlayerScriptAssemblies/Unity.RenderPipelines.Core.Runtime.pdb
[305/316    0s] CopyFiles Library/Bee/PlayerScriptAssemblies/Unity.RenderPipelines.Core.ShaderLibrary.pdb
[306/316    0s] CopyFiles Library/Bee/PlayerScriptAssemblies/Unity.RenderPipelines.Universal.2D.Internal.pdb
[307/316    0s] CopyFiles Library/Bee/PlayerScriptAssemblies/Unity.RenderPipelines.Universal.Shaders.pdb
[308/316    0s] CopyFiles Library/Bee/PlayerScriptAssemblies/Unity.RenderPipelines.ShaderGraph.ShaderGraphLibrary.pdb
[309/316    0s] CopyFiles Library/Bee/PlayerScriptAssemblies/Unity.Mathematics.pdb
[310/316    0s] Csc Library/Bee/artifacts/1900b0aPDevDbg.dag/Assembly-CSharp.dll (+2 others)
[311/316    0s] ILPostProcess Library/Bee/artifacts/1900b0aPDevDbg.dag/post-processed/Assembly-CSharp.dll (+pdb)
Processing assembly Library/Bee/artifacts/1900b0aPDevDbg.dag/Assembly-CSharp.dll, with 134 defines and 181 references

processors: zzzUnity.Burst.CodeGen.BurstILPostProcessor

running zzzUnity.Burst.CodeGen.BurstILPostProcessor
[312/316    0s] CopyFiles Library/Bee/PlayerScriptAssemblies/Assembly-CSharp.pdb
[313/316    0s] CopyFiles Library/Bee/PlayerScriptAssemblies/Assembly-CSharp.dll
[315/316    0s] BuildPlayerDataGenerator Library/BuildPlayerData/Player/RuntimeInitializeOnLoads.json (+1 other)
*** Tundra build success (2.10 seconds), 29 items updated, 316 evaluated
Rebuilding Data files because Assets/Game/Scenes/Game.unity is dirty (hash)
Asset Pipeline Refresh (id=203b11bd8c7eb7e41938b3e6f9845457): Total: 0.029 seconds - Initiated by RefreshV2(NoUpdateAssetOptions)
Opening scene 'Assets/Game/Scenes/Game.unity'
Unloading 2 Unused Serialized files (Serialized files now loaded: 0)
Loaded scene 'Assets/Game/Scenes/Game.unity'
	Deserialize:            1.003 ms
	Integration:            94.945 ms
	Integration of assets:  0.002 ms
	Thread Wait Time:       0.010 ms
	Total Operation Time:   95.961 ms
Unloading 35 unused Assets / (0.9 MB). Loaded Objects now: 3162.
Memory consumption went from 122.5 MB to 121.7 MB.
Total: 3.444100 ms (FindLiveObjects: 0.149600 ms CreateObjectMapping: 0.072500 ms MarkObjects: 2.881200 ms  DeleteObjects: 0.339000 ms)

Created GICache directory at C:/Users/Admin/AppData/LocalLow/Tuanjie/Caches/GiCache. Took: 0.012s, timestamps: [14.616 - 14.628]
GfxDevice renderer is null. Unity cannot update the Ambient Probe and Reflection Probes that the SkyManager generates. Run the Editor without the -nographics argument or generate lighting for your scene.
UnityEngine.StackTraceUtility:ExtractStackTrace ()
UnityEditor.BuildPipeline:BuildPlayerInternalNoCheck (string[],string,string,UnityEditor.BuildTargetGroup,UnityEditor.BuildTarget,int,UnityEditor.BuildOptions,string[],bool)
UnityEditor.BuildPipeline:BuildPlayerInternal (string[],string,string,UnityEditor.BuildTargetGroup,UnityEditor.BuildTarget,int,UnityEditor.BuildOptions,string[])
UnityEditor.BuildPipeline:BuildPlayer (string[],string,string,UnityEditor.BuildTargetGroup,UnityEditor.BuildTarget,int,UnityEditor.BuildOptions,string[])
UnityEditor.BuildPipeline:BuildPlayer (UnityEditor.BuildPlayerOptions)
PrototypeBuild:Build () (at Assets/Game/Editor/PrototypeBuild.cs:135)
ArtIntegration:Build () (at Assets/Game/Editor/ArtIntegration.cs:124)

[Assets/Game/Editor/PrototypeBuild.cs line 135]



Mono dependencies included in the build
Dependency assembly - netstandard.dll
Dependency assembly - System.IO.Compression.dll
Dependency assembly - System.IO.Compression.FileSystem.dll
Dependency assembly - Unity.RenderPipelines.Universal.Shaders.dll
Dependency assembly - System.Transactions.dll
Dependency assembly - System.dll
Dependency assembly - System.Data.DataSetExtensions.dll
Dependency assembly - System.Net.Http.dll
Dependency assembly - System.Core.dll
Dependency assembly - Unity.RenderPipelines.Core.Runtime.dll
Dependency assembly - Unity.RenderPipelines.ShaderGraph.ShaderGraphLibrary.dll
Dependency assembly - Unity.Mathematics.dll
Dependency assembly - System.ServiceModel.Internals.dll
Dependency assembly - System.Runtime.dll
Dependency assembly - System.Numerics.dll
Dependency assembly - Assembly-CSharp.dll
Dependency assembly - Unity.RenderPipelines.Universal.2D.Internal.dll
Dependency assembly - System.ComponentModel.Composition.dll
Dependency assembly - System.Drawing.dll
Dependency assembly - Unity.Burst.dll
Dependency assembly - Unity.Burst.Unsafe.dll
Dependency assembly - Mono.Security.dll
Dependency assembly - Unity.RenderPipelines.Universal.Config.Runtime.dll
Dependency assembly - System.Xml.Linq.dll
Dependency assembly - System.Xml.dll
Dependency assembly - Unity.RenderPipelines.Core.ShaderLibrary.dll
Dependency assembly - System.Runtime.Serialization.dll
Dependency assembly - UnityEngine.UI.dll
Dependency assembly - System.Configuration.dll
Dependency assembly - Unity.RenderPipelines.Universal.Runtime.dll
Dependency assembly - System.Security.dll
Dependency assembly - mscorlib.dll
Dependency assembly - Unity.RenderPipeline.Universal.ShaderLibrary.dll
Dependency assembly - System.EnterpriseServices.dll
Dependency assembly - System.Data.dll

Unloading 52 Unused Serialized files (Serialized files now loaded: 0)
Unloading 1663 unused Assets / (1.4 MB). Loaded Objects now: 2914.
Memory consumption went from 125.8 MB to 124.5 MB.
Total: 4.720400 ms (FindLiveObjects: 0.168900 ms CreateObjectMapping: 0.099600 ms MarkObjects: 3.122500 ms  DeleteObjects: 1.327300 ms)

Unloading 0 Unused Serialized files (Serialized files now loaded: 0)
Unloading 0 unused Assets / (0 B). Loaded Objects now: 2914.
Memory consumption went from 124.5 MB to 124.5 MB.
Total: 3.044600 ms (FindLiveObjects: 0.130500 ms CreateObjectMapping: 0.057000 ms MarkObjects: 2.821100 ms  DeleteObjects: 0.033600 ms)

Unloading 51 Unused Serialized files (Serialized files now loaded: 0)
Unloading 173 unused Assets / (132.4 MB). Loaded Objects now: 2914.
Memory consumption went from 256.5 MB to 124.0 MB.
Total: 16.127200 ms (FindLiveObjects: 0.129600 ms CreateObjectMapping: 0.064300 ms MarkObjects: 2.964300 ms  DeleteObjects: 12.966000 ms)

Compiling shader "Hidden/Universal Render Pipeline/Sampling" pass "BoxDownsample" (vp)
    Full variant space:         1
    After settings filtering:   1
    After built-in stripping:   1
    After scriptable stripping: 1
    Processed in 0.29 seconds
    starting compilation...
    finished in 0.01 seconds. Local cache hits 1 (0.01s CPU time), remote cache hits 0 (0.00s CPU time), compiled 0 variants (0.00s CPU time), skipped 0 variants
    Prepared data for serialisation in 0.00s
Compiling shader "Hidden/Universal Render Pipeline/Sampling" pass "BoxDownsample" (fp)
    Full variant space:         1
    After settings filtering:   1
    After built-in stripping:   1
    After scriptable stripping: 1
    Processed in 0.00 seconds
    starting compilation...
    finished in 0.00 seconds. Local cache hits 1 (0.00s CPU time), remote cache hits 0 (0.00s CPU time), compiled 0 variants (0.00s CPU time), skipped 0 variants
    Prepared data for serialisation in 0.00s
Serialized binary data for shader Hidden/Universal Render Pipeline/Sampling in 0.00s
    d3d11 (total internal programs: 2, unique: 2)
Compiling shader "Hidden/TerrainEngine/Details/UniversalPipeline/BillboardWavingDoublePass" pass "" (vp)
    Full variant space:         3072
    After settings filtering:   256
    After built-in stripping:   2
    After scriptable stripping: 2
    Processed in 0.00 seconds
    starting compilation...
    finished in 0.00 seconds. Local cache hits 2 (0.00s CPU time), remote cache hits 0 (0.00s CPU time), compiled 0 variants (0.00s CPU time), skipped 0 variants
    Prepared data for serialisation in 0.00s
Compiling shader "Hidden/TerrainEngine/Details/UniversalPipeline/BillboardWavingDoublePass" pass "" (fp)
    Full variant space:         61440
    After settings filtering:   256
    After built-in stripping:   2
    After scriptable stripping: 2
    Processed in 0.00 seconds
    starting compilation...
    finished in 0.00 seconds. Local cache hits 2 (0.00s CPU time), remote cache hits 0 (0.00s CPU time), compiled 0 variants (0.00s CPU time), skipped 0 variants
    Prepared data for serialisation in 0.00s
Compiling shader "Hidden/TerrainEngine/Details/UniversalPipeline/BillboardWavingDoublePass" pass "DepthOnly" (vp)
    Full variant space:         2
    After settings filtering:   2
    After built-in stripping:   1
    After scriptable stripping: 1
    Processed in 0.00 seconds
    starting compilation...
    finished in 0.00 seconds. Local cache hits 1 (0.00s CPU time), remote cache hits 0 (0.00s CPU time), compiled 0 variants (0.00s CPU time), skipped 0 variants
    Prepared data for serialisation in 0.00s
Compiling shader "Hidden/TerrainEngine/Details/UniversalPipeline/BillboardWavingDoublePass" pass "DepthOnly" (fp)
    Full variant space:         2
    After settings filtering:   2
    After built-in stripping:   1
    After scriptable stripping: 1
    Processed in 0.00 seconds
    starting compilation...
    finished in 0.00 seconds. Local cache hits 1 (0.00s CPU time), remote cache hits 0 (0.00s CPU time), compiled 0 variants (0.00s CPU time), skipped 0 variants
    Prepared data for serialisation in 0.00s
Compiling shader "Hidden/TerrainEngine/Details/UniversalPipeline/BillboardWavingDoublePass" pass "DepthNormals" (vp)
    Full variant space:         2
    After settings filtering:   2
    After built-in stripping:   1
    After scriptable stripping: 1
    Processed in 0.00 seconds
    starting compilation...
    finished in 0.00 seconds. Local cache hits 1 (0.00s CPU time), remote cache hits 0 (0.00s CPU time), compiled 0 variants (0.00s CPU time), skipped 0 variants
    Prepared data for serialisation in 0.00s
Compiling shader "Hidden/TerrainEngine/Details/UniversalPipeline/BillboardWavingDoublePass" pass "DepthNormals" (fp)
    Full variant space:         2
    After settings filtering:   2
    After built-in stripping:   1
    After scriptable stripping: 1
    Processed in 0.00 seconds
    starting compilation...
    finished in 0.00 seconds. Local cache hits 1 (0.00s CPU time), remote cache hits 0 (0.00s CPU time), compiled 0 variants (0.00s CPU time), skipped 0 variants
    Prepared data for serialisation in 0.00s
Serialized binary data for shader Hidden/TerrainEngine/Details/UniversalPipeline/BillboardWavingDoublePass in 0.00s
    d3d11 (total internal programs: 8, unique: 8)
Compiling shader "Hidden/HDRP/DebugVisibility" pass "DebugClusterID" (vp)
    Full variant space:         2
    After settings filtering:   2
    After built-in stripping:   1
    After scriptable stripping: 1
    Processed in 0.00 seconds
    starting compilation...
    finished in 0.00 seconds. Local cache hits 1 (0.00s CPU time), remote cache hits 0 (0.00s CPU time), compiled 0 variants (0.00s CPU time), skipped 0 variants
    Prepared data for serialisation in 0.00s
Compiling shader "Hidden/HDRP/DebugVisibility" pass "DebugClusterID" (fp)
    Full variant space:         2
    After settings filtering:   2
    After built-in stripping:   1
    After scriptable stripping: 1
    Processed in 0.00 seconds
    starting compilation...
    finished in 0.00 seconds. Local cache hits 1 (0.00s CPU time), remote cache hits 0 (0.00s CPU time), compiled 0 variants (0.00s CPU time), skipped 0 variants
    Prepared data for serialisation in 0.00s
Compiling shader "Hidden/HDRP/DebugVisibility" pass "DebugTriangleID" (vp)
    Full variant space:         2
    After settings filtering:   2
    After built-in stripping:   1
    After scriptable stripping: 1
    Processed in 0.00 seconds
    starting compilation...
    finished in 0.00 seconds. Local cache hits 1 (0.00s CPU time), remote cache hits 0 (0.00s CPU time), compiled 0 variants (0.00s CPU time), skipped 0 variants
    Prepared data for serialisation in 0.00s
Compiling shader "Hidden/HDRP/DebugVisibility" pass "DebugTriangleID" (fp)
    Full variant space:         2
    After settings filtering:   2
    After built-in stripping:   1
    After scriptable stripping: 1
    Processed in 0.00 seconds
    starting compilation...
    finished in 0.00 seconds. Local cache hits 1 (0.00s CPU time), remote cache hits 0 (0.00s CPU time), compiled 0 variants (0.00s CPU time), skipped 0 variants
    Prepared data for serialisation in 0.00s
Compiling shader "Hidden/HDRP/DebugVisibility" pass "DebugInstanceID" (vp)
    Full variant space:         2
    After settings filtering:   2
    After built-in stripping:   1
    After scriptable stripping: 1
    Processed in 0.00 seconds
    starting compilation...
    finished in 0.00 seconds. Local cache hits 1 (0.00s CPU time), remote cache hits 0 (0.00s CPU time), compiled 0 variants (0.00s CPU time), skipped 0 variants
    Prepared data for serialisation in 0.00s
Compiling shader "Hidden/HDRP/DebugVisibility" pass "DebugInstanceID" (fp)
    Full variant space:         2
    After settings filtering:   2
    After built-in stripping:   1
    After scriptable stripping: 1
    Processed in 0.00 seconds
    starting compilation...
    finished in 0.00 seconds. Local cache hits 1 (0.00s CPU time), remote cache hits 0 (0.00s CPU time), compiled 0 variants (0.00s CPU time), skipped 0 variants
    Prepared data for serialisation in 0.00s
Compiling shader "Hidden/HDRP/DebugVisibility" pass "DebugClusterHLOD" (vp)
    Full variant space:         2
    After settings filtering:   2
    After built-in stripping:   1
    After scriptable stripping: 1
    Processed in 0.00 seconds
    starting compilation...
    finished in 0.00 seconds. Local cache hits 1 (0.00s CPU time), remote cache hits 0 (0.00s CPU time), compiled 0 variants (0.00s CPU time), skipped 0 variants
    Prepared data for serialisation in 0.00s
Compiling shader "Hidden/HDRP/DebugVisibility" pass "DebugClusterHLOD" (fp)
    Full variant space:         2
    After settings filtering:   2
    After built-in stripping:   1
    After scriptable stripping: 1
    Processed in 0.00 seconds
    starting compilation...
    finished in 0.00 seconds. Local cache hits 1 (0.00s CPU time), remote cache hits 0 (0.00s CPU time), compiled 0 variants (0.00s CPU time), skipped 0 variants
    Prepared data for serialisation in 0.00s
Serialized binary data for shader Hidden/HDRP/DebugVisibility in 0.00s
    d3d11 (total internal programs: 8, unique: 5)
Compiling shader "Hidden/Core/FallbackError" pass "" (vp)
    Full variant space:         4
    After settings filtering:   4
    After built-in stripping:   1
    After scriptable stripping: 1
    Processed in 0.00 seconds
    starting compilation...
    finished in 0.00 seconds. Local cache hits 1 (0.00s CPU time), remote cache hits 0 (0.00s CPU time), compiled 0 variants (0.00s CPU time), skipped 0 variants
    Prepared data for serialisation in 0.00s
Compiling shader "Hidden/Core/FallbackError" pass "" (fp)
    Full variant space:         4
    After settings filtering:   4
    After built-in stripping:   1
    After scriptable stripping: 1
    Processed in 0.00 seconds
    starting compilation...
    finished in 0.00 seconds. Local cache hits 1 (0.00s CPU time), remote cache hits 0 (0.00s CPU time), compiled 0 variants (0.00s CPU time), skipped 0 variants
    Prepared data for serialisation in 0.00s
Serialized binary data for shader Hidden/Core/FallbackError in 0.00s
    d3d11 (total internal programs: 2, unique: 2)
Compiling shader "Hidden/Universal Render Pipeline/StencilSplat" pass "Gpu Driven Stencil Splat" (vp)
    Full variant space:         2
    After settings filtering:   2
    After built-in stripping:   1
    After scriptable stripping: 1
    Processed in 0.00 seconds
    starting compilation...
    finished in 0.00 seconds. Local cache hits 1 (0.00s CPU time), remote cache hits 0 (0.00s CPU time), compiled 0 variants (0.00s CPU time), skipped 0 variants
    Prepared data for serialisation in 0.00s
Compiling shader "Hidden/Universal Render Pipeline/StencilSplat" pass "Gpu Driven Stencil Splat" (fp)
    Full variant space:         2
    After settings filtering:   2
    After built-in stripping:   1
    After scriptable stripping: 1
    Processed in 0.00 seconds
    starting compilation...
    finished in 0.00 seconds. Local cache hits 1 (0.00s CPU time), remote cache hits 0 (0.00s CPU time), compiled 0 variants (0.00s CPU time), skipped 0 variants
    Prepared data for serialisation in 0.00s
Serialized binary data for shader Hidden/Universal Render Pipeline/StencilSplat in 0.00s
    d3d11 (total internal programs: 2, unique: 2)
Compiling shader "Hidden/GDRP/VisibilityBuffer" pass "" (vp)
    Full variant space:         12
    After settings filtering:   12
    After built-in stripping:   4
    After scriptable stripping: 0
    Processed in 0.00 seconds
    Prepared data for serialisation in 0.00s
Compiling shader "Hidden/GDRP/VisibilityBuffer" pass "VGShadowMapSingleView" (vp)
    Full variant space:         24
    After settings filtering:   24
    After built-in stripping:   8
    After scriptable stripping: 0
    Processed in 0.00 seconds
    Prepared data for serialisation in 0.00s
Compiling shader "Hidden/GDRP/VisibilityBuffer" pass "VGShadowMapMultiView" (vp)
    Full variant space:         24
    After settings filtering:   24
    After built-in stripping:   8
    After scriptable stripping: 0
    Processed in 0.00 seconds
    Prepared data for serialisation in 0.00s
Compiling shader "Hidden/GDRP/VisibilityBuffer" pass "VGPicking" (vp)
    Full variant space:         6
    After settings filtering:   6
    After built-in stripping:   2
    After scriptable stripping: 0
    Processed in 0.00 seconds
    Prepared data for serialisation in 0.00s
Compiling shader "Hidden/GDRP/VisibilityBuffer" pass "VBuffer" (vp)
    Full variant space:         6
    After settings filtering:   6
    After built-in stripping:   2
    After scriptable stripping: 0
    Processed in 0.00 seconds
    Prepared data for serialisation in 0.00s
Compiling shader "Hidden/GDRP/VisibilityBuffer" pass "VBufferMultiView" (vp)
    Full variant space:         6
    After settings filtering:   6
    After built-in stripping:   2
    After scriptable stripping: 0
    Processed in 0.00 seconds
    Prepared data for serialisation in 0.00s
Serialized binary data for shader Hidden/GDRP/VisibilityBuffer in 0.00s
    d3d11 (total internal programs: 0, unique: 0)
Compiling shader "Hidden/HDRP/MaterialError" pass "DebugMaterialID" (vp)
    Full variant space:         2
    After settings filtering:   2
    After built-in stripping:   1
    After scriptable stripping: 1
    Processed in 0.00 seconds
    starting compilation...
    finished in 0.00 seconds. Local cache hits 1 (0.00s CPU time), remote cache hits 0 (0.00s CPU time), compiled 0 variants (0.00s CPU time), skipped 0 variants
    Prepared data for serialisation in 0.00s
Compiling shader "Hidden/HDRP/MaterialError" pass "DebugMaterialID" (fp)
    Full variant space:         2
    After settings filtering:   2
    After built-in stripping:   1
    After scriptable stripping: 1
    Processed in 0.00 seconds
    starting compilation...
    finished in 0.00 seconds. Local cache hits 1 (0.00s CPU time), remote cache hits 0 (0.00s CPU time), compiled 0 variants (0.00s CPU time), skipped 0 variants
    Prepared data for serialisation in 0.00s
Compiling shader "Hidden/HDRP/MaterialError" pass "DebugMaterialRange" (vp)
    Full variant space:         2
    After settings filtering:   2
    After built-in stripping:   1
    After scriptable stripping: 1
    Processed in 0.00 seconds
    starting compilation...
    finished in 0.00 seconds. Local cache hits 1 (0.00s CPU time), remote cache hits 0 (0.00s CPU time), compiled 0 variants (0.00s CPU time), skipped 0 variants
    Prepared data for serialisation in 0.00s
Compiling shader "Hidden/HDRP/MaterialError" pass "DebugMaterialRange" (fp)
    Full variant space:         2
    After settings filtering:   2
    After built-in stripping:   1
    After scriptable stripping: 1
    Processed in 0.00 seconds
    starting compilation...
    finished in 0.00 seconds. Local cache hits 1 (0.00s CPU time), remote cache hits 0 (0.00s CPU time), compiled 0 variants (0.00s CPU time), skipped 0 variants
    Prepared data for serialisation in 0.00s
Serialized binary data for shader Hidden/HDRP/MaterialError in 0.00s
    d3d11 (total internal programs: 4, unique: 3)
Compiling shader "Hidden/GDRP/GpuMotionVectors" pass "VGMotionVectors" (vp)
    Full variant space:         16
    After settings filtering:   16
    After built-in stripping:   2
    After scriptable stripping: 1
    Processed in 0.00 seconds
    starting compilation...
    finished in 0.00 seconds. Local cache hits 1 (0.00s CPU time), remote cache hits 0 (0.00s CPU time), compiled 0 variants (0.00s CPU time), skipped 0 variants
    Prepared data for serialisation in 0.00s
Compiling shader "Hidden/GDRP/GpuMotionVectors" pass "VGMotionVectors" (fp)
    Full variant space:         32
    After settings filtering:   32
    After built-in stripping:   4
    After scriptable stripping: 1
    Processed in 0.00 seconds
    starting compilation...
    finished in 0.00 seconds. Local cache hits 1 (0.00s CPU time), remote cache hits 0 (0.00s CPU time), compiled 0 variants (0.00s CPU time), skipped 0 variants
    Prepared data for serialisation in 0.00s
Serialized binary data for shader Hidden/GDRP/GpuMotionVectors in 0.00s
    d3d11 (total internal programs: 2, unique: 2)
Compiling shader "Hidden/Universal/HDRDebugView" pass "" (vp)
    Full variant space:         1
    After settings filtering:   1
    After built-in stripping:   1
    After scriptable stripping: 1
    Processed in 0.00 seconds
    starting compilation...
    finished in 0.00 seconds. Local cache hits 1 (0.00s CPU time), remote cache hits 0 (0.00s CPU time), compiled 0 variants (0.00s CPU time), skipped 0 variants
    Prepared data for serialisation in 0.00s
Compiling shader "Hidden/Universal/HDRDebugView" pass "" (fp)
    Full variant space:         4
    After settings filtering:   1
    After built-in stripping:   1
    After scriptable stripping: 1
    Processed in 0.00 seconds
    starting compilation...
    finished in 0.00 seconds. Local cache hits 1 (0.00s CPU time), remote cache hits 0 (0.00s CPU time), compiled 0 variants (0.00s CPU time), skipped 0 variants
    Prepared data for serialisation in 0.00s
Compiling shader "Hidden/Universal/HDRDebugView" pass "" (vp)
    Full variant space:         1
    After settings filtering:   1
    After built-in stripping:   1
    After scriptable stripping: 1
    Processed in 0.00 seconds
    starting compilation...
    finished in 0.00 seconds. Local cache hits 1 (0.00s CPU time), remote cache hits 0 (0.00s CPU time), compiled 0 variants (0.00s CPU time), skipped 0 variants
    Prepared data for serialisation in 0.00s
Compiling shader "Hidden/Universal/HDRDebugView" pass "" (fp)
    Full variant space:         4
    After settings filtering:   1
    After built-in stripping:   1
    After scriptable stripping: 1
    Processed in 0.00 seconds
    starting compilation...
    finished in 0.00 seconds. Local cache hits 1 (0.00s CPU time), remote cache hits 0 (0.00s CPU time), compiled 0 variants (0.00s CPU time), skipped 0 variants
    Prepared data for serialisation in 0.00s
Serialized binary data for shader Hidden/Universal/HDRDebugView in 0.00s
    d3d11 (total internal programs: 4, unique: 3)
Compiling shader "Hidden/Universal Render Pipeline/MaterialError" pass "" (vp)
    Full variant space:         12
    After settings filtering:   12
    After built-in stripping:   2
    After scriptable stripping: 2
    Processed in 0.00 seconds
    starting compilation...
    finished in 0.00 seconds. Local cache hits 2 (0.00s CPU time), remote cache hits 0 (0.00s CPU time), compiled 0 variants (0.00s CPU time), skipped 0 variants
    Prepared data for serialisation in 0.00s
Compiling shader "Hidden/Universal Render Pipeline/MaterialError" pass "" (fp)
    Full variant space:         12
    After settings filtering:   12
    After built-in stripping:   2
    After scriptable stripping: 2
    Processed in 0.00 seconds
    starting compilation...
    finished in 0.00 seconds. Local cache hits 2 (0.00s CPU time), remote cache hits 0 (0.00s CPU time), compiled 0 variants (0.00s CPU time), skipped 0 variants
    Prepared data for serialisation in 0.00s
Serialized binary data for shader Hidden/Universal Render Pipeline/MaterialError in 0.00s
    d3d11 (total internal programs: 4, unique: 4)
Compiling shader "Hidden/Universal Render Pipeline/LensFlareDataDriven" pass "LensFlareAdditive" (vp)
    Full variant space:         4
    After settings filtering:   4
    After built-in stripping:   4
    After scriptable stripping: 4
    Processed in 0.00 seconds
    starting compilation...
    finished in 0.00 seconds. Local cache hits 4 (0.00s CPU time), remote cache hits 0 (0.00s CPU time), compiled 0 variants (0.00s CPU time), skipped 0 variants
    Prepared data for serialisation in 0.00s
Compiling shader "Hidden/Universal Render Pipeline/LensFlareDataDriven" pass "LensFlareAdditive" (fp)
    Full variant space:         12
    After settings filtering:   12
    After built-in stripping:   12
    After scriptable stripping: 12
    Processed in 0.00 seconds
    starting compilation...
    finished in 0.00 seconds. Local cache hits 12 (0.00s CPU time), remote cache hits 0 (0.00s CPU time), compiled 0 variants (0.00s CPU time), skipped 0 variants
    Prepared data for serialisation in 0.00s
Compiling shader "Hidden/Universal Render Pipeline/LensFlareDataDriven" pass "LensFlareScreen" (vp)
    Full variant space:         4
    After settings filtering:   4
    After built-in stripping:   4
    After scriptable stripping: 4
    Processed in 0.00 seconds
    starting compilation...
    finished in 0.00 seconds. Local cache hits 4 (0.00s CPU time), remote cache hits 0 (0.00s CPU time), compiled 0 variants (0.00s CPU time), skipped 0 variants
    Prepared data for serialisation in 0.00s
Compiling shader "Hidden/Universal Render Pipeline/LensFlareDataDriven" pass "LensFlareScreen" (fp)
    Full variant space:         12
    After settings filtering:   12
    After built-in stripping:   12
    After scriptable stripping: 12
    Processed in 0.00 seconds
    starting compilation...
    finished in 0.00 seconds. Local cache hits 12 (0.00s CPU time), remote cache hits 0 (0.00s CPU time), compiled 0 variants (0.00s CPU time), skipped 0 variants
    Prepared data for serialisation in 0.00s
Compiling shader "Hidden/Universal Render Pipeline/LensFlareDataDriven" pass "LensFlarePremultiply" (vp)
    Full variant space:         4
    After settings filtering:   4
    After built-in stripping:   4
    After scriptable stripping: 4
    Processed in 0.00 seconds
    starting compilation...
    finished in 0.00 seconds. Local cache hits 4 (0.00s CPU time), remote cache hits 0 (0.00s CPU time), compiled 0 variants (0.00s CPU time), skipped 0 variants
    Prepared data for serialisation in 0.00s
Compiling shader "Hidden/Universal Render Pipeline/LensFlareDataDriven" pass "LensFlarePremultiply" (fp)
    Full variant space:         12
    After settings filtering:   12
    After built-in stripping:   12
    After scriptable stripping: 12
    Processed in 0.00 seconds
    starting compilation...
    finished in 0.00 seconds. Local cache hits 12 (0.00s CPU time), remote cache hits 0 (0.00s CPU time), compiled 0 variants (0.00s CPU time), skipped 0 variants
    Prepared data for serialisation in 0.00s
Compiling shader "Hidden/Universal Render Pipeline/LensFlareDataDriven" pass "LensFlareLerp" (vp)
    Full variant space:         4
    After settings filtering:   4
    After built-in stripping:   4
    After scriptable stripping: 4
    Processed in 0.00 seconds
    starting compilation...
    finished in 0.00 seconds. Local cache hits 4 (0.00s CPU time), remote cache hits 0 (0.00s CPU time), compiled 0 variants (0.00s CPU time), skipped 0 variants
    Prepared data for serialisation in 0.00s
Compiling shader "Hidden/Universal Render Pipeline/LensFlareDataDriven" pass "LensFlareLerp" (fp)
    Full variant space:         12
    After settings filtering:   12
    After built-in stripping:   12
    After scriptable stripping: 12
    Processed in 0.00 seconds
    starting compilation...
    finished in 0.00 seconds. Local cache hits 12 (0.00s CPU time), remote cache hits 0 (0.00s CPU time), compiled 0 variants (0.00s CPU time), skipped 0 variants
    Prepared data for serialisation in 0.00s
Compiling shader "Hidden/Universal Render Pipeline/LensFlareDataDriven" pass "LensFlareOcclusion" (vp)
    Full variant space:         1
    After settings filtering:   1
    After built-in stripping:   1
    After scriptable stripping: 1
    Processed in 0.00 seconds
    starting compilation...
    finished in 0.00 seconds. Local cache hits 1 (0.00s CPU time), remote cache hits 0 (0.00s CPU time), compiled 0 variants (0.00s CPU time), skipped 0 variants
    Prepared data for serialisation in 0.00s
Compiling shader "Hidden/Universal Render Pipeline/LensFlareDataDriven" pass "LensFlareOcclusion" (fp)
    Full variant space:         1
    After settings filtering:   1
    After built-in stripping:   1
    After scriptable stripping: 1
    Processed in 0.00 seconds
    starting compilation...
    finished in 0.00 seconds. Local cache hits 1 (0.00s CPU time), remote cache hits 0 (0.00s CPU time), compiled 0 variants (0.00s CPU time), skipped 0 variants
    Prepared data for serialisation in 0.00s
Serialized binary data for shader Hidden/Universal Render Pipeline/LensFlareDataDriven in 0.00s
    d3d11 (total internal programs: 66, unique: 18)
Compiling shader "Hidden/VRS/ConvertSRI_R32ToR8" pass "ConvertSRI_R32ToR8" (vp)
    Full variant space:         1
    After settings filtering:   1
    After built-in stripping:   1
    After scriptable stripping: 1
    Processed in 0.00 seconds
    starting compilation...
    finished in 0.00 seconds. Local cache hits 1 (0.00s CPU time), remote cache hits 0 (0.00s CPU time), compiled 0 variants (0.00s CPU time), skipped 0 variants
    Prepared data for serialisation in 0.00s
Compiling shader "Hidden/VRS/ConvertSRI_R32ToR8" pass "ConvertSRI_R32ToR8" (fp)
    Full variant space:         1
    After settings filtering:   1
    After built-in stripping:   1
    After scriptable stripping: 1
    Processed in 0.00 seconds
    starting compilation...
    finished in 0.00 seconds. Local cache hits 1 (0.00s CPU time), remote cache hits 0 (0.00s CPU time), compiled 0 variants (0.00s CPU time), skipped 0 variants
    Prepared data for serialisation in 0.00s
Serialized binary data for shader Hidden/VRS/ConvertSRI_R32ToR8 in 0.00s
    d3d11 (total internal programs: 2, unique: 2)
Compiling shader "Hidden/Universal Render Pipeline/ObjectMotionVectors" pass "Object Motion Vectors" (vp)
    Full variant space:         4
    After settings filtering:   4
    After built-in stripping:   1
    After scriptable stripping: 1
    Processed in 0.00 seconds
    starting compilation...
    finished in 0.00 seconds. Local cache hits 1 (0.00s CPU time), remote cache hits 0 (0.00s CPU time), compiled 0 variants (0.00s CPU time), skipped 0 variants
    Prepared data for serialisation in 0.00s
Compiling shader "Hidden/Universal Render Pipeline/ObjectMotionVectors" pass "Object Motion Vectors" (fp)
    Full variant space:         4
    After settings filtering:   4
    After built-in stripping:   1
    After scriptable stripping: 1
    Processed in 0.00 seconds
    starting compilation...
    finished in 0.00 seconds. Local cache hits 1 (0.00s CPU time), remote cache hits 0 (0.00s CPU time), compiled 0 variants (0.00s CPU time), skipped 0 variants
    Prepared data for serialisation in 0.00s
Serialized binary data for shader Hidden/Universal Render Pipeline/ObjectMotionVectors in 0.00s
    d3d11 (total internal programs: 2, unique: 2)
Compiling shader "Hidden/Universal Render Pipeline/FallbackLoading" pass "" (vp)
    Full variant space:         12
    After settings filtering:   6
    After built-in stripping:   1
    After scriptable stripping: 1
    Processed in 0.00 seconds
    starting compilation...
    finished in 0.00 seconds. Local cache hits 1 (0.00s CPU time), remote cache hits 0 (0.00s CPU time), compiled 0 variants (0.00s CPU time), skipped 0 variants
    Prepared data for serialisation in 0.00s
Compiling shader "Hidden/Universal Render Pipeline/FallbackLoading" pass "" (fp)
    Full variant space:         12
    After settings filtering:   6
    After built-in stripping:   1
    After scriptable stripping: 1
    Processed in 0.00 seconds
    starting compilation...
    finished in 0.00 seconds. Local cache hits 1 (0.00s CPU time), remote cache hits 0 (0.00s CPU time), compiled 0 variants (0.00s CPU time), skipped 0 variants
    Prepared data for serialisation in 0.00s
Serialized binary data for shader Hidden/Universal Render Pipeline/FallbackLoading in 0.00s
    d3d11 (total internal programs: 2, unique: 2)
Compiling shader "Hidden/Universal Render Pipeline/GIMotionVectors" pass "GI Camera Motion Vectors" (vp)
    Full variant space:         1
    After settings filtering:   1
    After built-in stripping:   1
    After scriptable stripping: 0
    Processed in 0.00 seconds
    Prepared data for serialisation in 0.00s
Compiling shader "Hidden/Universal Render Pipeline/GIMotionVectors" pass "GI Object Motion Vectors" (vp)
    Full variant space:         2
    After settings filtering:   2
    After built-in stripping:   1
    After scriptable stripping: 0
    Processed in 0.00 seconds
    Prepared data for serialisation in 0.00s
Serialized binary data for shader Hidden/Universal Render Pipeline/GIMotionVectors in 0.00s
    d3d11 (total internal programs: 0, unique: 0)
Compiling shader "Hidden/Universal/CoreBlit" pass "" (vp)
    Full variant space:         4
    After settings filtering:   2
    After built-in stripping:   2
    After scriptable stripping: 2
    Processed in 0.00 seconds
    starting compilation...
    finished in 0.00 seconds. Local cache hits 2 (0.00s CPU time), remote cache hits 0 (0.00s CPU time), compiled 0 variants (0.00s CPU time), skipped 0 variants
    Prepared data for serialisation in 0.00s
Compiling shader "Hidden/Universal/CoreBlit" pass "" (fp)
    Full variant space:         4
    After settings filtering:   2
    After built-in stripping:   2
    After scriptable stripping: 2
    Processed in 0.00 seconds
    starting compilation...
    finished in 0.00 seconds. Local cache hits 2 (0.00s CPU time), remote cache hits 0 (0.00s CPU time), compiled 0 variants (0.00s CPU time), skipped 0 variants
    Prepared data for serialisation in 0.00s
Compiling shader "Hidden/Universal/CoreBlit" pass "" (vp)
    Full variant space:         4
    After settings filtering:   2
    After built-in stripping:   2
    After scriptable stripping: 2
    Processed in 0.00 seconds
    starting compilation...
    finished in 0.00 seconds. Local cache hits 2 (0.00s CPU time), remote cache hits 0 (0.00s CPU time), compiled 0 variants (0.00s CPU time), skipped 0 variants
    Prepared data for serialisation in 0.00s
Compiling shader "Hidden/Universal/CoreBlit" pass "" (fp)
    Full variant space:         4
    After settings filtering:   2
    After built-in stripping:   2
    After scriptable stripping: 2
    Processed in 0.00 seconds
    starting compilation...
    finished in 0.00 seconds. Local cache hits 2 (0.00s CPU time), remote cache hits 0 (0.00s CPU time), compiled 0 variants (0.00s CPU time), skipped 0 variants
    Prepared data for serialisation in 0.00s
Compiling shader "Hidden/Universal/CoreBlit" pass "" (vp)
    Full variant space:         4
    After settings filtering:   2
    After built-in stripping:   2
    After scriptable stripping: 2
    Processed in 0.00 seconds
    starting compilation...
    finished in 0.00 seconds. Local cache hits 2 (0.00s CPU time), remote cache hits 0 (0.00s CPU time), compiled 0 variants (0.00s CPU time), skipped 0 variants
    Prepared data for serialisation in 0.00s
Compiling shader "Hidden/Universal/CoreBlit" pass "" (fp)
    Full variant space:         4
    After settings filtering:   2
    After built-in stripping:   2
    After scriptable stripping: 2
    Processed in 0.00 seconds
    starting compilation...
    finished in 0.00 seconds. Local cache hits 2 (0.00s CPU time), remote cache hits 0 (0.00s CPU time), compiled 0 variants (0.00s CPU time), skipped 0 variants
    Prepared data for serialisation in 0.00s
Compiling shader "Hidden/Universal/CoreBlit" pass "" (vp)
    Full variant space:         4
    After settings filtering:   2
    After built-in stripping:   2
    After scriptable stripping: 2
    Processed in 0.00 seconds
    starting compilation...
    finished in 0.00 seconds. Local cache hits 2 (0.00s CPU time), remote cache hits 0 (0.00s CPU time), compiled 0 variants (0.00s CPU time), skipped 0 variants
    Prepared data for serialisation in 0.00s
Compiling shader "Hidden/Universal/CoreBlit" pass "" (fp)
    Full variant space:         4
    After settings filtering:   2
    After built-in stripping:   2
    After scriptable stripping: 2
    Processed in 0.00 seconds
    starting compilation...
    finished in 0.00 seconds. Local cache hits 2 (0.00s CPU time), remote cache hits 0 (0.00s CPU time), compiled 0 variants (0.00s CPU time), skipped 0 variants
    Prepared data for serialisation in 0.00s
Compiling shader "Hidden/Universal/CoreBlit" pass "" (vp)
    Full variant space:         4
    After settings filtering:   2
    After built-in stripping:   2
    After scriptable stripping: 2
    Processed in 0.00 seconds
    starting compilation...
    finished in 0.00 seconds. Local cache hits 2 (0.00s CPU time), remote cache hits 0 (0.00s CPU time), compiled 0 variants (0.00s CPU time), skipped 0 variants
    Prepared data for serialisation in 0.00s
Compiling shader "Hidden/Universal/CoreBlit" pass "" (fp)
    Full variant space:         4
    After settings filtering:   2
    After built-in stripping:   2
    After scriptable stripping: 2
    Processed in 0.00 seconds
    starting compilation...
    finished in 0.00 seconds. Local cache hits 2 (0.00s CPU time), remote cache hits 0 (0.00s CPU time), compiled 0 variants (0.00s CPU time), skipped 0 variants
    Prepared data for serialisation in 0.00s
Compiling shader "Hidden/Universal/CoreBlit" pass "" (vp)
    Full variant space:         4
    After settings filtering:   2
    After built-in stripping:   2
    After scriptable stripping: 2
    Processed in 0.00 seconds
    starting compilation...
    finished in 0.00 seconds. Local cache hits 2 (0.00s CPU time), remote cache hits 0 (0.00s CPU time), compiled 0 variants (0.00s CPU time), skipped 0 variants
    Prepared data for serialisation in 0.00s
Compiling shader "Hidden/Universal/CoreBlit" pass "" (fp)
    Full variant space:         4
    After settings filtering:   2
    After built-in stripping:   2
    After scriptable stripping: 2
    Processed in 0.00 seconds
    starting compilation...
    finished in 0.00 seconds. Local cache hits 2 (0.00s CPU time), remote cache hits 0 (0.00s CPU time), compiled 0 variants (0.00s CPU time), skipped 0 variants
    Prepared data for serialisation in 0.00s
Compiling shader "Hidden/Universal/CoreBlit" pass "" (vp)
    Full variant space:         4
    After settings filtering:   2
    After built-in stripping:   2
    After scriptable stripping: 2
    Processed in 0.00 seconds
    starting compilation...
    finished in 0.00 seconds. Local cache hits 2 (0.00s CPU time), remote cache hits 0 (0.00s CPU time), compiled 0 variants (0.00s CPU time), skipped 0 variants
    Prepared data for serialisation in 0.00s
Compiling shader "Hidden/Universal/CoreBlit" pass "" (fp)
    Full variant space:         4
    After settings filtering:   2
    After built-in stripping:   2
    After scriptable stripping: 2
    Processed in 0.00 seconds
    starting compilation...
    finished in 0.00 seconds. Local cache hits 2 (0.00s CPU time), remote cache hits 0 (0.00s CPU time), compiled 0 variants (0.00s CPU time), skipped 0 variants
    Prepared data for serialisation in 0.00s
Compiling shader "Hidden/Universal/CoreBlit" pass "" (vp)
    Full variant space:         4
    After settings filtering:   2
    After built-in stripping:   2
    After scriptable stripping: 2
    Processed in 0.00 seconds
    starting compilation...
    finished in 0.00 seconds. Local cache hits 2 (0.00s CPU time), remote cache hits 0 (0.00s CPU time), compiled 0 variants (0.00s CPU time), skipped 0 variants
    Prepared data for serialisation in 0.00s
Compiling shader "Hidden/Universal/CoreBlit" pass "" (fp)
    Full variant space:         4
    After settings filtering:   2
    After built-in stripping:   2
    After scriptable stripping: 2
    Processed in 0.00 seconds
    starting compilation...
    finished in 0.00 seconds. Local cache hits 2 (0.00s CPU time), remote cache hits 0 (0.00s CPU time), compiled 0 variants (0.00s CPU time), skipped 0 variants
    Prepared data for serialisation in 0.00s
Compiling shader "Hidden/Universal/CoreBlit" pass "" (vp)
    Full variant space:         4
    After settings filtering:   2
    After built-in stripping:   2
    After scriptable stripping: 2
    Processed in 0.00 seconds
    starting compilation...
    finished in 0.00 seconds. Local cache hits 2 (0.00s CPU time), remote cache hits 0 (0.00s CPU time), compiled 0 variants (0.00s CPU time), skipped 0 variants
    Prepared data for serialisation in 0.00s
Compiling shader "Hidden/Universal/CoreBlit" pass "" (fp)
    Full variant space:         4
    After settings filtering:   2
    After built-in stripping:   2
    After scriptable stripping: 2
    Processed in 0.00 seconds
    starting compilation...
    finished in 0.00 seconds. Local cache hits 2 (0.00s CPU time), remote cache hits 0 (0.00s CPU time), compiled 0 variants (0.00s CPU time), skipped 0 variants
    Prepared data for serialisation in 0.00s
Compiling shader "Hidden/Universal/CoreBlit" pass "" (vp)
    Full variant space:         4
    After settings filtering:   2
    After built-in stripping:   2
    After scriptable stripping: 2
    Processed in 0.00 seconds
    starting compilation...
    finished in 0.00 seconds. Local cache hits 2 (0.00s CPU time), remote cache hits 0 (0.00s CPU time), compiled 0 variants (0.00s CPU time), skipped 0 variants
    Prepared data for serialisation in 0.00s
Compiling shader "Hidden/Universal/CoreBlit" pass "" (fp)
    Full variant space:         4
    After settings filtering:   2
    After built-in stripping:   2
    After scriptable stripping: 2
    Processed in 0.00 seconds
    starting compilation...
    finished in 0.00 seconds. Local cache hits 2 (0.00s CPU time), remote cache hits 0 (0.00s CPU time), compiled 0 variants (0.00s CPU time), skipped 0 variants
    Prepared data for serialisation in 0.00s
Compiling shader "Hidden/Universal/CoreBlit" pass "" (vp)
    Full variant space:         4
    After settings filtering:   2
    After built-in stripping:   2
    After scriptable stripping: 2
    Processed in 0.00 seconds
    starting compilation...
    finished in 0.00 seconds. Local cache hits 2 (0.00s CPU time), remote cache hits 0 (0.00s CPU time), compiled 0 variants (0.00s CPU time), skipped 0 variants
    Prepared data for serialisation in 0.00s
Compiling shader "Hidden/Universal/CoreBlit" pass "" (fp)
    Full variant space:         4
    After settings filtering:   2
    After built-in stripping:   2
    After scriptable stripping: 2
    Processed in 0.00 seconds
    starting compilation...
    finished in 0.00 seconds. Local cache hits 2 (0.00s CPU time), remote cache hits 0 (0.00s CPU time), compiled 0 variants (0.00s CPU time), skipped 0 variants
    Prepared data for serialisation in 0.00s
Compiling shader "Hidden/Universal/CoreBlit" pass "" (vp)
    Full variant space:         4
    After settings filtering:   2
    After built-in stripping:   2
    After scriptable stripping: 2
    Processed in 0.00 seconds
    starting compilation...
    finished in 0.00 seconds. Local cache hits 2 (0.00s CPU time), remote cache hits 0 (0.00s CPU time), compiled 0 variants (0.00s CPU time), skipped 0 variants
    Prepared data for serialisation in 0.00s
Compiling shader "Hidden/Universal/CoreBlit" pass "" (fp)
    Full variant space:         4
    After settings filtering:   2
    After built-in stripping:   2
    After scriptable stripping: 2
    Processed in 0.00 seconds
    starting compilation...
    finished in 0.00 seconds. Local cache hits 2 (0.00s CPU time), remote cache hits 0 (0.00s CPU time), compiled 0 variants (0.00s CPU time), skipped 0 variants
    Prepared data for serialisation in 0.00s
Compiling shader "Hidden/Universal/CoreBlit" pass "" (vp)
    Full variant space:         4
    After settings filtering:   2
    After built-in stripping:   2
    After scriptable stripping: 2
    Processed in 0.00 seconds
    starting compilation...
    finished in 0.00 seconds. Local cache hits 2 (0.00s CPU time), remote cache hits 0 (0.00s CPU time), compiled 0 variants (0.00s CPU time), skipped 0 variants
    Prepared data for serialisation in 0.00s
Compiling shader "Hidden/Universal/CoreBlit" pass "" (fp)
    Full variant space:         4
    After settings filtering:   2
    After built-in stripping:   2
    After scriptable stripping: 2
    Processed in 0.00 seconds
    starting compilation...
    finished in 0.00 seconds. Local cache hits 2 (0.00s CPU time), remote cache hits 0 (0.00s CPU time), compiled 0 variants (0.00s CPU time), skipped 0 variants
    Prepared data for serialisation in 0.00s
Compiling shader "Hidden/Universal/CoreBlit" pass "" (vp)
    Full variant space:         4
    After settings filtering:   2
    After built-in stripping:   2
    After scriptable stripping: 2
    Processed in 0.00 seconds
    starting compilation...
    finished in 0.00 seconds. Local cache hits 2 (0.00s CPU time), remote cache hits 0 (0.00s CPU time), compiled 0 variants (0.00s CPU time), skipped 0 variants
    Prepared data for serialisation in 0.00s
Compiling shader "Hidden/Universal/CoreBlit" pass "" (fp)
    Full variant space:         4
    After settings filtering:   2
    After built-in stripping:   2
    After scriptable stripping: 2
    Processed in 0.00 seconds
    starting compilation...
    finished in 0.00 seconds. Local cache hits 2 (0.00s CPU time), remote cache hits 0 (0.00s CPU time), compiled 0 variants (0.00s CPU time), skipped 0 variants
    Prepared data for serialisation in 0.00s
Compiling shader "Hidden/Universal/CoreBlit" pass "" (vp)
    Full variant space:         4
    After settings filtering:   2
    After built-in stripping:   2
    After scriptable stripping: 2
    Processed in 0.00 seconds
    starting compilation...
    finished in 0.00 seconds. Local cache hits 2 (0.00s CPU time), remote cache hits 0 (0.00s CPU time), compiled 0 variants (0.00s CPU time), skipped 0 variants
    Prepared data for serialisation in 0.00s
Compiling shader "Hidden/Universal/CoreBlit" pass "" (fp)
    Full variant space:         4
    After settings filtering:   2
    After built-in stripping:   2
    After scriptable stripping: 2
    Processed in 0.00 seconds
    starting compilation...
    finished in 0.00 seconds. Local cache hits 2 (0.00s CPU time), remote cache hits 0 (0.00s CPU time), compiled 0 variants (0.00s CPU time), skipped 0 variants
    Prepared data for serialisation in 0.00s
Compiling shader "Hidden/Universal/CoreBlit" pass "" (vp)
    Full variant space:         4
    After settings filtering:   2
    After built-in stripping:   2
    After scriptable stripping: 2
    Processed in 0.00 seconds
    starting compilation...
    finished in 0.00 seconds. Local cache hits 2 (0.00s CPU time), remote cache hits 0 (0.00s CPU time), compiled 0 variants (0.00s CPU time), skipped 0 variants
    Prepared data for serialisation in 0.00s
Compiling shader "Hidden/Universal/CoreBlit" pass "" (fp)
    Full variant space:         4
    After settings filtering:   2
    After built-in stripping:   2
    After scriptable stripping: 2
    Processed in 0.00 seconds
    starting compilation...
    finished in 0.00 seconds. Local cache hits 2 (0.00s CPU time), remote cache hits 0 (0.00s CPU time), compiled 0 variants (0.00s CPU time), skipped 0 variants
    Prepared data for serialisation in 0.00s
Compiling shader "Hidden/Universal/CoreBlit" pass "" (vp)
    Full variant space:         4
    After settings filtering:   2
    After built-in stripping:   2
    After scriptable stripping: 2
    Processed in 0.00 seconds
    starting compilation...
    finished in 0.00 seconds. Local cache hits 2 (0.00s CPU time), remote cache hits 0 (0.00s CPU time), compiled 0 variants (0.00s CPU time), skipped 0 variants
    Prepared data for serialisation in 0.00s
Compiling shader "Hidden/Universal/CoreBlit" pass "" (fp)
    Full variant space:         4
    After settings filtering:   2
    After built-in stripping:   2
    After scriptable stripping: 2
    Processed in 0.00 seconds
    starting compilation...
    finished in 0.00 seconds. Local cache hits 2 (0.00s CPU time), remote cache hits 0 (0.00s CPU time), compiled 0 variants (0.00s CPU time), skipped 0 variants
    Prepared data for serialisation in 0.00s
Compiling shader "Hidden/Universal/CoreBlit" pass "" (vp)
    Full variant space:         4
    After settings filtering:   2
    After built-in stripping:   2
    After scriptable stripping: 2
    Processed in 0.00 seconds
    starting compilation...
    finished in 0.00 seconds. Local cache hits 2 (0.00s CPU time), remote cache hits 0 (0.00s CPU time), compiled 0 variants (0.00s CPU time), skipped 0 variants
    Prepared data for serialisation in 0.00s
Compiling shader "Hidden/Universal/CoreBlit" pass "" (fp)
    Full variant space:         4
    After settings filtering:   2
    After built-in stripping:   2
    After scriptable stripping: 2
    Processed in 0.00 seconds
    starting compilation...
    finished in 0.00 seconds. Local cache hits 2 (0.00s CPU time), remote cache hits 0 (0.00s CPU time), compiled 0 variants (0.00s CPU time), skipped 0 variants
    Prepared data for serialisation in 0.00s
Compiling shader "Hidden/Universal/CoreBlit" pass "" (vp)
    Full variant space:         4
    After settings filtering:   2
    After built-in stripping:   2
    After scriptable stripping: 2
    Processed in 0.00 seconds
    starting compilation...
    finished in 0.00 seconds. Local cache hits 2 (0.00s CPU time), remote cache hits 0 (0.00s CPU time), compiled 0 variants (0.00s CPU time), skipped 0 variants
    Prepared data for serialisation in 0.00s
Compiling shader "Hidden/Universal/CoreBlit" pass "" (fp)
    Full variant space:         4
    After settings filtering:   2
    After built-in stripping:   2
    After scriptable stripping: 2
    Processed in 0.00 seconds
    starting compilation...
    finished in 0.00 seconds. Local cache hits 2 (0.00s CPU time), remote cache hits 0 (0.00s CPU time), compiled 0 variants (0.00s CPU time), skipped 0 variants
    Prepared data for serialisation in 0.00s
Compiling shader "Hidden/Universal/CoreBlit" pass "" (vp)
    Full variant space:         4
    After settings filtering:   2
    After built-in stripping:   2
    After scriptable stripping: 2
    Processed in 0.00 seconds
    starting compilation...
    finished in 0.00 seconds. Local cache hits 2 (0.00s CPU time), remote cache hits 0 (0.00s CPU time), compiled 0 variants (0.00s CPU time), skipped 0 variants
    Prepared data for serialisation in 0.00s
Compiling shader "Hidden/Universal/CoreBlit" pass "" (fp)
    Full variant space:         4
    After settings filtering:   2
    After built-in stripping:   2
    After scriptable stripping: 2
    Processed in 0.00 seconds
    starting compilation...
    finished in 0.00 seconds. Local cache hits 2 (0.00s CPU time), remote cache hits 0 (0.00s CPU time), compiled 0 variants (0.00s CPU time), skipped 0 variants
    Prepared data for serialisation in 0.00s
Compiling shader "Hidden/Universal/CoreBlit" pass "" (vp)
    Full variant space:         4
    After settings filtering:   2
    After built-in stripping:   2
    After scriptable stripping: 2
    Processed in 0.00 seconds
    starting compilation...
    finished in 0.00 seconds. Local cache hits 2 (0.00s CPU time), remote cache hits 0 (0.00s CPU time), compiled 0 variants (0.00s CPU time), skipped 0 variants
    Prepared data for serialisation in 0.00s
Compiling shader "Hidden/Universal/CoreBlit" pass "" (fp)
    Full variant space:         4
    After settings filtering:   2
    After built-in stripping:   2
    After scriptable stripping: 2
    Processed in 0.00 seconds
    starting compilation...
    finished in 0.00 seconds. Local cache hits 2 (0.00s CPU time), remote cache hits 0 (0.00s CPU time), compiled 0 variants (0.00s CPU time), skipped 0 variants
    Prepared data for serialisation in 0.00s
Compiling shader "Hidden/Universal/CoreBlit" pass "" (vp)
    Full variant space:         8
    After settings filtering:   4
    After built-in stripping:   4
    After scriptable stripping: 4
    Processed in 0.00 seconds
    starting compilation...
    finished in 0.00 seconds. Local cache hits 4 (0.00s CPU time), remote cache hits 0 (0.00s CPU time), compiled 0 variants (0.00s CPU time), skipped 0 variants
    Prepared data for serialisation in 0.00s
Compiling shader "Hidden/Universal/CoreBlit" pass "" (fp)
    Full variant space:         8
    After settings filtering:   4
    After built-in stripping:   4
    After scriptable stripping: 4
    Processed in 0.00 seconds
    starting compilation...
    finished in 0.00 seconds. Local cache hits 4 (0.00s CPU time), remote cache hits 0 (0.00s CPU time), compiled 0 variants (0.00s CPU time), skipped 0 variants
    Prepared data for serialisation in 0.00s
Compiling shader "Hidden/Universal/CoreBlit" pass "" (vp)
    Full variant space:         8
    After settings filtering:   4
    After built-in stripping:   4
    After scriptable stripping: 4
    Processed in 0.00 seconds
    starting compilation...
    finished in 0.00 seconds. Local cache hits 4 (0.00s CPU time), remote cache hits 0 (0.00s CPU time), compiled 0 variants (0.00s CPU time), skipped 0 variants
    Prepared data for serialisation in 0.00s
Compiling shader "Hidden/Universal/CoreBlit" pass "" (fp)
    Full variant space:         8
    After settings filtering:   4
    After built-in stripping:   4
    After scriptable stripping: 4
    Processed in 0.00 seconds
    starting compilation...
    finished in 0.00 seconds. Local cache hits 4 (0.00s CPU time), remote cache hits 0 (0.00s CPU time), compiled 0 variants (0.00s CPU time), skipped 0 variants
    Prepared data for serialisation in 0.00s
Compiling shader "Hidden/Universal/CoreBlit" pass "BilinearDebugDraw" (vp)
    Full variant space:         4
    After settings filtering:   2
    After built-in stripping:   2
    After scriptable stripping: 2
    Processed in 0.00 seconds
    starting compilation...
    finished in 0.00 seconds. Local cache hits 2 (0.00s CPU time), remote cache hits 0 (0.00s CPU time), compiled 0 variants (0.00s CPU time), skipped 0 variants
    Prepared data for serialisation in 0.00s
Compiling shader "Hidden/Universal/CoreBlit" pass "BilinearDebugDraw" (fp)
    Full variant space:         16
    After settings filtering:   4
    After built-in stripping:   4
    After scriptable stripping: 4
    Processed in 0.00 seconds
    starting compilation...
    finished in 0.00 seconds. Local cache hits 4 (0.00s CPU time), remote cache hits 0 (0.00s CPU time), compiled 0 variants (0.00s CPU time), skipped 0 variants
    Prepared data for serialisation in 0.00s
Compiling shader "Hidden/Universal/CoreBlit" pass "NearestDebugDraw" (vp)
    Full variant space:         4
    After settings filtering:   2
    After built-in stripping:   2
    After scriptable stripping: 2
    Processed in 0.00 seconds
    starting compilation...
    finished in 0.00 seconds. Local cache hits 2 (0.00s CPU time), remote cache hits 0 (0.00s CPU time), compiled 0 variants (0.00s CPU time), skipped 0 variants
    Prepared data for serialisation in 0.00s
Compiling shader "Hidden/Universal/CoreBlit" pass "NearestDebugDraw" (fp)
    Full variant space:         16
    After settings filtering:   4
    After built-in stripping:   4
    After scriptable stripping: 4
    Processed in 0.00 seconds
    starting compilation...
    finished in 0.00 seconds. Local cache hits 4 (0.00s CPU time), remote cache hits 0 (0.00s CPU time), compiled 0 variants (0.00s CPU time), skipped 0 variants
    Prepared data for serialisation in 0.00s
Serialized binary data for shader Hidden/Universal/CoreBlit in 0.00s
    d3d11 (total internal programs: 112, unique: 32)
Compiling shader "Hidden/Universal/BlitHDROverlay" pass "BilinearDebugDraw" (vp)
    Full variant space:         4
    After settings filtering:   2
    After built-in stripping:   2
    After scriptable stripping: 0
    Processed in 0.00 seconds
    Prepared data for serialisation in 0.00s
Compiling shader "Hidden/Universal/BlitHDROverlay" pass "NearestDebugDraw" (vp)
    Full variant space:         4
    After settings filtering:   2
    After built-in stripping:   2
    After scriptable stripping: 0
    Processed in 0.00 seconds
    Prepared data for serialisation in 0.00s
Serialized binary data for shader Hidden/Universal/BlitHDROverlay in 0.00s
    d3d11 (total internal programs: 0, unique: 0)
Compiling shader "Hidden/Universal Render Pipeline/Deferred+ Shading" pass "Deferred Plus Lights (Lit)" (vp)
    Full variant space:         1
    After settings filtering:   1
    After built-in stripping:   1
    After scriptable stripping: 0
    Processed in 0.00 seconds
    Prepared data for serialisation in 0.00s
Compiling shader "Hidden/Universal Render Pipeline/Deferred+ Shading" pass "Deferred Plus Lights (SimpleLit)" (vp)
    Full variant space:         1
    After settings filtering:   1
    After built-in stripping:   1
    After scriptable stripping: 0
    Processed in 0.00 seconds
    Prepared data for serialisation in 0.00s
Serialized binary data for shader Hidden/Universal Render Pipeline/Deferred+ Shading in 0.00s
    d3d11 (total internal programs: 0, unique: 0)
Compiling shader "Hidden/Universal Render Pipeline/Blit" pass "Blit" (vp)
    Full variant space:         1
    After settings filtering:   1
    After built-in stripping:   1
    After scriptable stripping: 1
    Processed in 0.00 seconds
    starting compilation...
    finished in 0.00 seconds. Local cache hits 1 (0.00s CPU time), remote cache hits 0 (0.00s CPU time), compiled 0 variants (0.00s CPU time), skipped 0 variants
    Prepared data for serialisation in 0.00s
Compiling shader "Hidden/Universal Render Pipeline/Blit" pass "Blit" (fp)
    Full variant space:         4
    After settings filtering:   2
    After built-in stripping:   2
    After scriptable stripping: 2
    Processed in 0.00 seconds
    starting compilation...
    finished in 0.00 seconds. Local cache hits 2 (0.00s CPU time), remote cache hits 0 (0.00s CPU time), compiled 0 variants (0.00s CPU time), skipped 0 variants
    Prepared data for serialisation in 0.00s
Serialized binary data for shader Hidden/Universal Render Pipeline/Blit in 0.00s
    d3d11 (total internal programs: 3, unique: 3)
Compiling shader "Hidden/Universal Render Pipeline/CameraMotionVectors" pass "Camera Motion Vectors" (vp)
    Full variant space:         1
    After settings filtering:   1
    After built-in stripping:   1
    After scriptable stripping: 1
    Processed in 0.00 seconds
    starting compilation...
    finished in 0.00 seconds. Local cache hits 1 (0.00s CPU time), remote cache hits 0 (0.00s CPU time), compiled 0 variants (0.00s CPU time), skipped 0 variants
    Prepared data for serialisation in 0.00s
Compiling shader "Hidden/Universal Render Pipeline/CameraMotionVectors" pass "Camera Motion Vectors" (fp)
    Full variant space:         1
    After settings filtering:   1
    After built-in stripping:   1
    After scriptable stripping: 1
    Processed in 0.00 seconds
    starting compilation...
    finished in 0.00 seconds. Local cache hits 1 (0.00s CPU time), remote cache hits 0 (0.00s CPU time), compiled 0 variants (0.00s CPU time), skipped 0 variants
    Prepared data for serialisation in 0.00s
Serialized binary data for shader Hidden/Universal Render Pipeline/CameraMotionVectors in 0.00s
    d3d11 (total internal programs: 2, unique: 2)
Compiling shader "Hidden/GDRP/DecalBufferEmit" pass "DBuffer Emit" (vp)
    Full variant space:         2
    After settings filtering:   2
    After built-in stripping:   1
    After scriptable stripping: 1
    Processed in 0.00 seconds
    starting compilation...
    finished in 0.00 seconds. Local cache hits 1 (0.00s CPU time), remote cache hits 0 (0.00s CPU time), compiled 0 variants (0.00s CPU time), skipped 0 variants
    Prepared data for serialisation in 0.00s
Compiling shader "Hidden/GDRP/DecalBufferEmit" pass "DBuffer Emit" (fp)
    Full variant space:         2
    After settings filtering:   2
    After built-in stripping:   1
    After scriptable stripping: 1
    Processed in 0.00 seconds
    starting compilation...
    finished in 0.00 seconds. Local cache hits 1 (0.00s CPU time), remote cache hits 0 (0.00s CPU time), compiled 0 variants (0.00s CPU time), skipped 0 variants
    Prepared data for serialisation in 0.00s
Serialized binary data for shader Hidden/GDRP/DecalBufferEmit in 0.00s
    d3d11 (total internal programs: 2, unique: 2)
Compiling shader "Hidden/Universal Render Pipeline/Debug/DebugReplacement" pass "Vertex Attributes" (vp)
    Full variant space:         4
    After settings filtering:   2
    After built-in stripping:   1
    After scriptable stripping: 1
    Processed in 0.00 seconds
    starting compilation...
    finished in 0.00 seconds. Local cache hits 1 (0.00s CPU time), remote cache hits 0 (0.00s CPU time), compiled 0 variants (0.00s CPU time), skipped 0 variants
    Prepared data for serialisation in 0.00s
Compiling shader "Hidden/Universal Render Pipeline/Debug/DebugReplacement" pass "Vertex Attributes" (fp)
    Full variant space:         4
    After settings filtering:   2
    After built-in stripping:   1
    After scriptable stripping: 1
    Processed in 0.00 seconds
    starting compilation...
    finished in 0.00 seconds. Local cache hits 1 (0.00s CPU time), remote cache hits 0 (0.00s CPU time), compiled 0 variants (0.00s CPU time), skipped 0 variants
    Prepared data for serialisation in 0.00s
Serialized binary data for shader Hidden/Universal Render Pipeline/Debug/DebugReplacement in 0.00s
    d3d11 (total internal programs: 2, unique: 2)
Compiling shader "Hidden/Universal/CoreBlitColorAndDepth" pass "" (vp)
    Full variant space:         4
    After settings filtering:   2
    After built-in stripping:   2
    After scriptable stripping: 2
    Processed in 0.00 seconds
    starting compilation...
    finished in 0.00 seconds. Local cache hits 2 (0.00s CPU time), remote cache hits 0 (0.00s CPU time), compiled 0 variants (0.00s CPU time), skipped 0 variants
    Prepared data for serialisation in 0.00s
Compiling shader "Hidden/Universal/CoreBlitColorAndDepth" pass "" (fp)
    Full variant space:         4
    After settings filtering:   2
    After built-in stripping:   2
    After scriptable stripping: 2
    Processed in 0.00 seconds
    starting compilation...
    finished in 0.00 seconds. Local cache hits 2 (0.00s CPU time), remote cache hits 0 (0.00s CPU time), compiled 0 variants (0.00s CPU time), skipped 0 variants
    Prepared data for serialisation in 0.00s
Compiling shader "Hidden/Universal/CoreBlitColorAndDepth" pass "" (vp)
    Full variant space:         4
    After settings filtering:   2
    After built-in stripping:   2
    After scriptable stripping: 2
    Processed in 0.00 seconds
    starting compilation...
    finished in 0.00 seconds. Local cache hits 2 (0.00s CPU time), remote cache hits 0 (0.00s CPU time), compiled 0 variants (0.00s CPU time), skipped 0 variants
    Prepared data for serialisation in 0.00s
Compiling shader "Hidden/Universal/CoreBlitColorAndDepth" pass "" (fp)
    Full variant space:         4
    After settings filtering:   2
    After built-in stripping:   2
    After scriptable stripping: 2
    Processed in 0.00 seconds
    starting compilation...
    finished in 0.00 seconds. Local cache hits 2 (0.00s CPU time), remote cache hits 0 (0.00s CPU time), compiled 0 variants (0.00s CPU time), skipped 0 variants
    Prepared data for serialisation in 0.00s
Serialized binary data for shader Hidden/Universal/CoreBlitColorAndDepth in 0.00s
    d3d11 (total internal programs: 8, unique: 6)
Compiling shader "Hidden/Universal Render Pipeline/CopyDepth" pass "CopyDepth" (vp)
    Full variant space:         8
    After settings filtering:   8
    After built-in stripping:   8
    After scriptable stripping: 8
    Processed in 0.00 seconds
    starting compilation...
    finished in 0.00 seconds. Local cache hits 8 (0.00s CPU time), remote cache hits 0 (0.00s CPU time), compiled 0 variants (0.00s CPU time), skipped 0 variants
    Prepared data for serialisation in 0.00s
Compiling shader "Hidden/Universal Render Pipeline/CopyDepth" pass "CopyDepth" (fp)
    Full variant space:         8
    After settings filtering:   8
    After built-in stripping:   8
    After scriptable stripping: 8
    Processed in 0.00 seconds
    starting compilation...
    finished in 0.00 seconds. Local cache hits 8 (0.00s CPU time), remote cache hits 0 (0.00s CPU time), compiled 0 variants (0.00s CPU time), skipped 0 variants
    Prepared data for serialisation in 0.00s
Serialized binary data for shader Hidden/Universal Render Pipeline/CopyDepth in 0.00s
    d3d11 (total internal programs: 16, unique: 16)
Compiling shader "Hidden/GDRP/MaterialDepth" pass "" (vp)
    Full variant space:         2
    After settings filtering:   2
    After built-in stripping:   1
    After scriptable stripping: 1
    Processed in 0.00 seconds
    starting compilation...
    finished in 0.00 seconds. Local cache hits 1 (0.00s CPU time), remote cache hits 0 (0.00s CPU time), compiled 0 variants (0.00s CPU time), skipped 0 variants
    Prepared data for serialisation in 0.00s
Compiling shader "Hidden/GDRP/MaterialDepth" pass "" (fp)
    Full variant space:         2
    After settings filtering:   2
    After built-in stripping:   1
    After scriptable stripping: 1
    Processed in 0.00 seconds
    starting compilation...
    finished in 0.00 seconds. Local cache hits 1 (0.00s CPU time), remote cache hits 0 (0.00s CPU time), compiled 0 variants (0.00s CPU time), skipped 0 variants
    Prepared data for serialisation in 0.00s
Serialized binary data for shader Hidden/GDRP/MaterialDepth in 0.00s
    d3d11 (total internal programs: 2, unique: 2)
Compiling shader "Hidden/TerrainEngine/Details/UniversalPipeline/WavingDoublePass" pass "" (vp)
    Full variant space:         18432
    After settings filtering:   768
    After built-in stripping:   6
    After scriptable stripping: 2
    Processed in 0.00 seconds
    starting compilation...
    finished in 0.00 seconds. Local cache hits 2 (0.00s CPU time), remote cache hits 0 (0.00s CPU time), compiled 0 variants (0.00s CPU time), skipped 0 variants
    Prepared data for serialisation in 0.00s
Compiling shader "Hidden/TerrainEngine/Details/UniversalPipeline/WavingDoublePass" pass "" (fp)
    Full variant space:         589824
    After settings filtering:   1536
    After built-in stripping:   12
    After scriptable stripping: 4
    Processed in 0.00 seconds
    starting compilation...
    finished in 0.00 seconds. Local cache hits 4 (0.00s CPU time), remote cache hits 0 (0.00s CPU time), compiled 0 variants (0.00s CPU time), skipped 0 variants
    Prepared data for serialisation in 0.00s
Compiling shader "Hidden/TerrainEngine/Details/UniversalPipeline/WavingDoublePass" pass "DepthOnly" (vp)
    Full variant space:         2
    After settings filtering:   2
    After built-in stripping:   1
    After scriptable stripping: 1
    Processed in 0.00 seconds
    starting compilation...
    finished in 0.00 seconds. Local cache hits 1 (0.00s CPU time), remote cache hits 0 (0.00s CPU time), compiled 0 variants (0.00s CPU time), skipped 0 variants
    Prepared data for serialisation in 0.00s
Compiling shader "Hidden/TerrainEngine/Details/UniversalPipeline/WavingDoublePass" pass "DepthOnly" (fp)
    Full variant space:         2
    After settings filtering:   2
    After built-in stripping:   1
    After scriptable stripping: 1
    Processed in 0.00 seconds
    starting compilation...
    finished in 0.00 seconds. Local cache hits 1 (0.00s CPU time), remote cache hits 0 (0.00s CPU time), compiled 0 variants (0.00s CPU time), skipped 0 variants
    Prepared data for serialisation in 0.00s
Compiling shader "Hidden/TerrainEngine/Details/UniversalPipeline/WavingDoublePass" pass "DepthNormalsOnly" (vp)
    Full variant space:         2
    After settings filtering:   2
    After built-in stripping:   1
    After scriptable stripping: 1
    Processed in 0.00 seconds
    starting compilation...
    finished in 0.00 seconds. Local cache hits 1 (0.00s CPU time), remote cache hits 0 (0.00s CPU time), compiled 0 variants (0.00s CPU time), skipped 0 variants
    Prepared data for serialisation in 0.00s
Compiling shader "Hidden/TerrainEngine/Details/UniversalPipeline/WavingDoublePass" pass "DepthNormalsOnly" (fp)
    Full variant space:         4
    After settings filtering:   2
    After built-in stripping:   1
    After scriptable stripping: 1
    Processed in 0.00 seconds
    starting compilation...
    finished in 0.00 seconds. Local cache hits 1 (0.00s CPU time), remote cache hits 0 (0.00s CPU time), compiled 0 variants (0.00s CPU time), skipped 0 variants
    Prepared data for serialisation in 0.00s
Serialized binary data for shader Hidden/TerrainEngine/Details/UniversalPipeline/WavingDoublePass in 0.00s
    d3d11 (total internal programs: 10, unique: 10)
Compiling shader "Hidden/Universal Render Pipeline/FallbackError" pass "" (vp)
    Full variant space:         12
    After settings filtering:   6
    After built-in stripping:   1
    After scriptable stripping: 1
    Processed in 0.00 seconds
    starting compilation...
    finished in 0.00 seconds. Local cache hits 1 (0.00s CPU time), remote cache hits 0 (0.00s CPU time), compiled 0 variants (0.00s CPU time), skipped 0 variants
    Prepared data for serialisation in 0.00s
Compiling shader "Hidden/Universal Render Pipeline/FallbackError" pass "" (fp)
    Full variant space:         12
    After settings filtering:   6
    After built-in stripping:   1
    After scriptable stripping: 1
    Processed in 0.00 seconds
    starting compilation...
    finished in 0.00 seconds. Local cache hits 1 (0.00s CPU time), remote cache hits 0 (0.00s CPU time), compiled 0 variants (0.00s CPU time), skipped 0 variants
    Prepared data for serialisation in 0.00s
Serialized binary data for shader Hidden/Universal Render Pipeline/FallbackError in 0.00s
    d3d11 (total internal programs: 2, unique: 2)
Compiling shader "Hidden/Universal Render Pipeline/StencilDeferred" pass "Stencil Volume" (vp)
    Full variant space:         2
    After settings filtering:   2
    After built-in stripping:   2
    After scriptable stripping: 0
    Processed in 0.00 seconds
    Prepared data for serialisation in 0.00s
Compiling shader "Hidden/Universal Render Pipeline/StencilDeferred" pass "Deferred Punctual Light (Lit)" (vp)
    Full variant space:         2
    After settings filtering:   2
    After built-in stripping:   2
    After scriptable stripping: 0
    Processed in 0.00 seconds
    Prepared data for serialisation in 0.00s
Compiling shader "Hidden/Universal Render Pipeline/StencilDeferred" pass "Deferred Punctual Light (SimpleLit)" (vp)
    Full variant space:         2
    After settings filtering:   2
    After built-in stripping:   2
    After scriptable stripping: 0
    Processed in 0.00 seconds
    Prepared data for serialisation in 0.00s
Compiling shader "Hidden/Universal Render Pipeline/StencilDeferred" pass "Deferred Directional Light (Lit)" (vp)
    Full variant space:         1
    After settings filtering:   1
    After built-in stripping:   1
    After scriptable stripping: 0
    Processed in 0.00 seconds
    Prepared data for serialisation in 0.00s
Compiling shader "Hidden/Universal Render Pipeline/StencilDeferred" pass "Deferred Directional Light (SimpleLit)" (vp)
    Full variant space:         1
    After settings filtering:   1
    After built-in stripping:   1
    After scriptable stripping: 0
    Processed in 0.00 seconds
    Prepared data for serialisation in 0.00s
Compiling shader "Hidden/Universal Render Pipeline/StencilDeferred" pass "Fog" (vp)
    Full variant space:         3
    After settings filtering:   3
    After built-in stripping:   0
    After scriptable stripping: 0
    Processed in 0.00 seconds
    Prepared data for serialisation in 0.00s
Compiling shader "Hidden/Universal Render Pipeline/StencilDeferred" pass "ClearStencilPartial" (vp)
    Full variant space:         1
    After settings filtering:   1
    After built-in stripping:   1
    After scriptable stripping: 0
    Processed in 0.00 seconds
    Prepared data for serialisation in 0.00s
Compiling shader "Hidden/Universal Render Pipeline/StencilDeferred" pass "SSAOOnly" (vp)
    Full variant space:         2
    After settings filtering:   1
    After built-in stripping:   1
    After scriptable stripping: 0
    Processed in 0.00 seconds
    Prepared data for serialisation in 0.00s
Compiling shader "Hidden/Universal Render Pipeline/StencilDeferred" pass "GI" (vp)
    Full variant space:         2
    After settings filtering:   2
    After built-in stripping:   2
    After scriptable stripping: 0
    Processed in 0.00 seconds
    Prepared data for serialisation in 0.00s
Serialized binary data for shader Hidden/Universal Render Pipeline/StencilDeferred in 0.00s
    d3d11 (total internal programs: 0, unique: 0)
Compiling shader "Hidden/Universal Render Pipeline/ShadingRate" pass "Shading Rate" (vp)
    Full variant space:         1
    After settings filtering:   1
    After built-in stripping:   1
    After scriptable stripping: 1
    Processed in 0.00 seconds
    starting compilation...
    finished in 0.00 seconds. Local cache hits 1 (0.00s CPU time), remote cache hits 0 (0.00s CPU time), compiled 0 variants (0.00s CPU time), skipped 0 variants
    Prepared data for serialisation in 0.00s
Compiling shader "Hidden/Universal Render Pipeline/ShadingRate" pass "Shading Rate" (fp)
    Full variant space:         1
    After settings filtering:   1
    After built-in stripping:   1
    After scriptable stripping: 1
    Processed in 0.00 seconds
    starting compilation...
    finished in 0.00 seconds. Local cache hits 1 (0.00s CPU time), remote cache hits 0 (0.00s CPU time), compiled 0 variants (0.00s CPU time), skipped 0 variants
    Prepared data for serialisation in 0.00s
Serialized binary data for shader Hidden/Universal Render Pipeline/ShadingRate in 0.00s
    d3d11 (total internal programs: 2, unique: 2)
Compiling shader "Hidden/TerrainEngine/Details/UniversalPipeline/Vertexlit" pass "TerrainDetailVertex" (vp)
    Full variant space:         3072
    After settings filtering:   128
    After built-in stripping:   2
    After scriptable stripping: 2
    Processed in 0.00 seconds
    starting compilation...
    finished in 0.00 seconds. Local cache hits 2 (0.00s CPU time), remote cache hits 0 (0.00s CPU time), compiled 0 variants (0.00s CPU time), skipped 0 variants
    Prepared data for serialisation in 0.00s
Compiling shader "Hidden/TerrainEngine/Details/UniversalPipeline/Vertexlit" pass "TerrainDetailVertex" (fp)
    Full variant space:         61440
    After settings filtering:   256
    After built-in stripping:   4
    After scriptable stripping: 4
    Processed in 0.00 seconds
    starting compilation...
    finished in 0.00 seconds. Local cache hits 4 (0.00s CPU time), remote cache hits 0 (0.00s CPU time), compiled 0 variants (0.00s CPU time), skipped 0 variants
    Prepared data for serialisation in 0.00s
Compiling shader "Hidden/TerrainEngine/Details/UniversalPipeline/Vertexlit" pass "TerrainDetailVertex - GBuffer" (vp)
    Full variant space:         64
    After settings filtering:   16
    After built-in stripping:   4
    After scriptable stripping: 4
    Processed in 0.00 seconds
    starting compilation...
    finished in 0.00 seconds. Local cache hits 4 (0.00s CPU time), remote cache hits 0 (0.00s CPU time), compiled 0 variants (0.00s CPU time), skipped 0 variants
    Prepared data for serialisation in 0.00s
Compiling shader "Hidden/TerrainEngine/Details/UniversalPipeline/Vertexlit" pass "TerrainDetailVertex - GBuffer" (fp)
    Full variant space:         1280
    After settings filtering:   16
    After built-in stripping:   4
    After scriptable stripping: 4
    Processed in 0.00 seconds
    starting compilation...
    finished in 0.00 seconds. Local cache hits 4 (0.00s CPU time), remote cache hits 0 (0.00s CPU time), compiled 0 variants (0.00s CPU time), skipped 0 variants
    Prepared data for serialisation in 0.00s
Compiling shader "Hidden/TerrainEngine/Details/UniversalPipeline/Vertexlit" pass "DepthOnly" (vp)
    Full variant space:         2
    After settings filtering:   2
    After built-in stripping:   1
    After scriptable stripping: 1
    Processed in 0.00 seconds
    starting compilation...
    finished in 0.00 seconds. Local cache hits 1 (0.00s CPU time), remote cache hits 0 (0.00s CPU time), compiled 0 variants (0.00s CPU time), skipped 0 variants
    Prepared data for serialisation in 0.00s
Compiling shader "Hidden/TerrainEngine/Details/UniversalPipeline/Vertexlit" pass "DepthOnly" (fp)
    Full variant space:         2
    After settings filtering:   2
    After built-in stripping:   1
    After scriptable stripping: 1
    Processed in 0.00 seconds
    starting compilation...
    finished in 0.00 seconds. Local cache hits 1 (0.00s CPU time), remote cache hits 0 (0.00s CPU time), compiled 0 variants (0.00s CPU time), skipped 0 variants
    Prepared data for serialisation in 0.00s
Compiling shader "Hidden/TerrainEngine/Details/UniversalPipeline/Vertexlit" pass "DepthNormals" (vp)
    Full variant space:         2
    After settings filtering:   2
    After built-in stripping:   1
    After scriptable stripping: 1
    Processed in 0.00 seconds
    starting compilation...
    finished in 0.00 seconds. Local cache hits 1 (0.00s CPU time), remote cache hits 0 (0.00s CPU time), compiled 0 variants (0.00s CPU time), skipped 0 variants
    Prepared data for serialisation in 0.00s
Compiling shader "Hidden/TerrainEngine/Details/UniversalPipeline/Vertexlit" pass "DepthNormals" (fp)
    Full variant space:         2
    After settings filtering:   2
    After built-in stripping:   1
    After scriptable stripping: 1
    Processed in 0.00 seconds
    starting compilation...
    finished in 0.00 seconds. Local cache hits 1 (0.00s CPU time), remote cache hits 0 (0.00s CPU time), compiled 0 variants (0.00s CPU time), skipped 0 variants
    Prepared data for serialisation in 0.00s
Serialized binary data for shader Hidden/TerrainEngine/Details/UniversalPipeline/Vertexlit in 0.00s
    d3d11 (total internal programs: 18, unique: 18)
Compiling compute shader "ReprojectSRI"
    starting stripping...
    finished in 0.00 seconds. 8 of 8 variants left
    8 variants, starting compilation...
    finished in 0.00 seconds. Local cache hits 8, remote cache hits 0, compiled 0 variants
Compiling compute shader "GenerateSRI"
    starting stripping...
    finished in 0.00 seconds. 3 of 3 variants left
    3 variants, starting compilation...
    finished in 0.00 seconds. Local cache hits 3, remote cache hits 0, compiled 0 variants
Compiling compute shader "TuanjieGIGPUCopy"
    starting stripping...
    finished in 0.00 seconds. 2 of 2 variants left
    2 variants, starting compilation...
    finished in 0.00 seconds. Local cache hits 2, remote cache hits 0, compiled 0 variants
Compiling compute shader "TuanjieGIBuildDepthPyramid"
    starting stripping...
    finished in 0.00 seconds. 1 of 1 variants left
    1 variants, starting compilation...
    finished in 0.00 seconds. Local cache hits 1, remote cache hits 0, compiled 0 variants
Compiling compute shader "TuanjieGICopyTexture"
    starting stripping...
    finished in 0.00 seconds. 1 of 1 variants left
    1 variants, starting compilation...
    finished in 0.00 seconds. Local cache hits 1, remote cache hits 0, compiled 0 variants
Compiling compute shader "DepthPyramid"
    starting stripping...
    finished in 0.00 seconds. 8 of 8 variants left
    8 variants, starting compilation...
    finished in 0.00 seconds. Local cache hits 8, remote cache hits 0, compiled 0 variants
Compiling compute shader "ReflectionProbeCulling"
    starting stripping...
    finished in 0.00 seconds. 4 of 4 variants left
    4 variants, starting compilation...
    finished in 0.00 seconds. Local cache hits 4, remote cache hits 0, compiled 0 variants
Compiling shader "Skybox/Procedural" pass "" (vp)
    Full variant space:         3
    After settings filtering:   3
    After built-in stripping:   3
    After scriptable stripping: 3
    Processed in 0.00 seconds
    starting compilation...
    finished in 0.00 seconds. Local cache hits 3 (0.00s CPU time), remote cache hits 0 (0.00s CPU time), compiled 0 variants (0.00s CPU time), skipped 0 variants
    Prepared data for serialisation in 0.00s
Compiling shader "Skybox/Procedural" pass "" (fp)
    Full variant space:         3
    After settings filtering:   3
    After built-in stripping:   3
    After scriptable stripping: 3
    Processed in 0.00 seconds
    starting compilation...
    finished in 0.00 seconds. Local cache hits 3 (0.00s CPU time), remote cache hits 0 (0.00s CPU time), compiled 0 variants (0.00s CPU time), skipped 0 variants
    Prepared data for serialisation in 0.00s
Serialized binary data for shader Skybox/Procedural in 0.00s
    d3d11 (total internal programs: 6, unique: 6)
Compiling shader "Universal Render Pipeline/Particles/Unlit" pass "ForwardLit" (vp)
    Full variant space:         48
    After settings filtering:   24
    After built-in stripping:   2
    After scriptable stripping: 2
    Processed in 0.00 seconds
    starting compilation...
    finished in 0.00 seconds. Local cache hits 2 (0.00s CPU time), remote cache hits 0 (0.00s CPU time), compiled 0 variants (0.00s CPU time), skipped 0 variants
    Prepared data for serialisation in 0.00s
Compiling shader "Universal Render Pipeline/Particles/Unlit" pass "ForwardLit" (fp)
    Full variant space:         192
    After settings filtering:   24
    After built-in stripping:   2
    After scriptable stripping: 2
    Processed in 0.00 seconds
    starting compilation...
    finished in 0.00 seconds. Local cache hits 2 (0.00s CPU time), remote cache hits 0 (0.00s CPU time), compiled 0 variants (0.00s CPU time), skipped 0 variants
    Prepared data for serialisation in 0.00s
Compiling shader "Universal Render Pipeline/Particles/Unlit" pass "DepthOnly" (vp)
    Full variant space:         12
    After settings filtering:   6
    After built-in stripping:   2
    After scriptable stripping: 2
    Processed in 0.00 seconds
    starting compilation...
    finished in 0.00 seconds. Local cache hits 2 (0.00s CPU time), remote cache hits 0 (0.00s CPU time), compiled 0 variants (0.00s CPU time), skipped 0 variants
    Prepared data for serialisation in 0.00s
Compiling shader "Universal Render Pipeline/Particles/Unlit" pass "DepthOnly" (fp)
    Full variant space:         12
    After settings filtering:   6
    After built-in stripping:   2
    After scriptable stripping: 2
    Processed in 0.00 seconds
    starting compilation...
    finished in 0.00 seconds. Local cache hits 2 (0.00s CPU time), remote cache hits 0 (0.00s CPU time), compiled 0 variants (0.00s CPU time), skipped 0 variants
    Prepared data for serialisation in 0.00s
Compiling shader "Universal Render Pipeline/Particles/Unlit" pass "DepthNormalsOnly" (vp)
    Full variant space:         8
    After settings filtering:   4
    After built-in stripping:   1
    After scriptable stripping: 1
    Processed in 0.00 seconds
    starting compilation...
    finished in 0.00 seconds. Local cache hits 1 (0.00s CPU time), remote cache hits 0 (0.00s CPU time), compiled 0 variants (0.00s CPU time), skipped 0 variants
    Prepared data for serialisation in 0.00s
Compiling shader "Universal Render Pipeline/Particles/Unlit" pass "DepthNormalsOnly" (fp)
    Full variant space:         16
    After settings filtering:   4
    After built-in stripping:   1
    After scriptable stripping: 1
    Processed in 0.00 seconds
    starting compilation...
    finished in 0.00 seconds. Local cache hits 1 (0.00s CPU time), remote cache hits 0 (0.00s CPU time), compiled 0 variants (0.00s CPU time), skipped 0 variants
    Prepared data for serialisation in 0.00s
Serialized binary data for shader Universal Render Pipeline/Particles/Unlit in 0.00s
    d3d11 (total internal programs: 10, unique: 10)
Compiling shader "Universal Render Pipeline/Unlit" pass "Unlit" (vp)
    Full variant space:         64
    After settings filtering:   16
    After built-in stripping:   1
    After scriptable stripping: 1
    Processed in 0.00 seconds
    starting compilation...
    finished in 0.00 seconds. Local cache hits 1 (0.00s CPU time), remote cache hits 0 (0.00s CPU time), compiled 0 variants (0.00s CPU time), skipped 0 variants
    Prepared data for serialisation in 0.00s
Compiling shader "Universal Render Pipeline/Unlit" pass "Unlit" (fp)
    Full variant space:         2048
    After settings filtering:   32
    After built-in stripping:   2
    After scriptable stripping: 2
    Processed in 0.00 seconds
    starting compilation...
    finished in 0.00 seconds. Local cache hits 2 (0.00s CPU time), remote cache hits 0 (0.00s CPU time), compiled 0 variants (0.00s CPU time), skipped 0 variants
    Prepared data for serialisation in 0.00s
Compiling shader "Universal Render Pipeline/Unlit" pass "GBuffer" (vp)
    Full variant space:         8
    After settings filtering:   4
    After built-in stripping:   1
    After scriptable stripping: 0
    Processed in 0.00 seconds
    Prepared data for serialisation in 0.00s
Compiling shader "Universal Render Pipeline/Unlit" pass "DepthOnly" (vp)
    Full variant space:         8
    After settings filtering:   4
    After built-in stripping:   1
    After scriptable stripping: 1
    Processed in 0.00 seconds
    starting compilation...
    finished in 0.00 seconds. Local cache hits 1 (0.00s CPU time), remote cache hits 0 (0.00s CPU time), compiled 0 variants (0.00s CPU time), skipped 0 variants
    Prepared data for serialisation in 0.00s
Compiling shader "Universal Render Pipeline/Unlit" pass "DepthOnly" (fp)
    Full variant space:         16
    After settings filtering:   8
    After built-in stripping:   2
    After scriptable stripping: 2
    Processed in 0.00 seconds
    starting compilation...
    finished in 0.00 seconds. Local cache hits 2 (0.00s CPU time), remote cache hits 0 (0.00s CPU time), compiled 0 variants (0.00s CPU time), skipped 0 variants
    Prepared data for serialisation in 0.00s
Compiling shader "Universal Render Pipeline/Unlit" pass "DepthNormalsOnly" (vp)
    Full variant space:         8
    After settings filtering:   4
    After built-in stripping:   1
    After scriptable stripping: 1
    Processed in 0.00 seconds
    starting compilation...
    finished in 0.00 seconds. Local cache hits 1 (0.00s CPU time), remote cache hits 0 (0.00s CPU time), compiled 0 variants (0.00s CPU time), skipped 0 variants
    Prepared data for serialisation in 0.00s
Compiling shader "Universal Render Pipeline/Unlit" pass "DepthNormalsOnly" (fp)
    Full variant space:         64
    After settings filtering:   8
    After built-in stripping:   2
    After scriptable stripping: 2
    Processed in 0.00 seconds
    starting compilation...
    finished in 0.00 seconds. Local cache hits 2 (0.00s CPU time), remote cache hits 0 (0.00s CPU time), compiled 0 variants (0.00s CPU time), skipped 0 variants
    Prepared data for serialisation in 0.00s
Serialized binary data for shader Universal Render Pipeline/Unlit in 0.00s
    d3d11 (total internal programs: 9, unique: 9)
Compiling shader "Universal Render Pipeline/Lit" pass "ForwardLit" (vp)
    Full variant space:         452984832
    After settings filtering:   6144
    After built-in stripping:   12
    After scriptable stripping: 4
    Processed in 0.00 seconds
    starting compilation...
    finished in 0.00 seconds. Local cache hits 4 (0.00s CPU time), remote cache hits 0 (0.00s CPU time), compiled 0 variants (0.00s CPU time), skipped 0 variants
    Prepared data for serialisation in 0.00s
Compiling shader "Universal Render Pipeline/Lit" pass "ForwardLit" (fp)
    Full variant space:         2319282339840
    After settings filtering:   24576
    After built-in stripping:   96
    After scriptable stripping: 32
    Processed in 0.00 seconds
    starting compilation...
    finished in 0.00 seconds. Local cache hits 32 (0.01s CPU time), remote cache hits 0 (0.00s CPU time), compiled 0 variants (0.00s CPU time), skipped 0 variants
    Prepared data for serialisation in 0.00s
Compiling shader "Universal Render Pipeline/Lit" pass "ShadowCaster" (vp)
    Full variant space:         32
    After settings filtering:   16
    After built-in stripping:   4
    After scriptable stripping: 2
    Processed in 0.00 seconds
    starting compilation...
    finished in 0.00 seconds. Local cache hits 2 (0.00s CPU time), remote cache hits 0 (0.00s CPU time), compiled 0 variants (0.00s CPU time), skipped 0 variants
    Prepared data for serialisation in 0.00s
Compiling shader "Universal Render Pipeline/Lit" pass "ShadowCaster" (fp)
    Full variant space:         16
    After settings filtering:   8
    After built-in stripping:   4
    After scriptable stripping: 4
    Processed in 0.00 seconds
    starting compilation...
    finished in 0.00 seconds. Local cache hits 4 (0.00s CPU time), remote cache hits 0 (0.00s CPU time), compiled 0 variants (0.00s CPU time), skipped 0 variants
    Prepared data for serialisation in 0.00s
Compiling shader "Universal Render Pipeline/Lit" pass "GBuffer" (vp)
    Full variant space:         1572864
    After settings filtering:   256
    After built-in stripping:   4
    After scriptable stripping: 0
    Processed in 0.00 seconds
    Prepared data for serialisation in 0.00s
Compiling shader "Universal Render Pipeline/Lit" pass "FacetGBuffer" (vp)
    Full variant space:         12
    After settings filtering:   6
    After built-in stripping:   3
    After scriptable stripping: 0
    Processed in 0.00 seconds
    Prepared data for serialisation in 0.00s
Compiling shader "Universal Render Pipeline/Lit" pass "GBufferSplat" (vp)
    Full variant space:         589824
    After settings filtering:   384
    After built-in stripping:   12
    After scriptable stripping: 0
    Processed in 0.00 seconds
    Prepared data for serialisation in 0.00s
Compiling shader "Universal Render Pipeline/Lit" pass "VBuffer" (vp)
    Full variant space:         6
    After settings filtering:   6
    After built-in stripping:   3
    After scriptable stripping: 0
    Processed in 0.00 seconds
    Prepared data for serialisation in 0.00s
Compiling shader "Universal Render Pipeline/Lit" pass "VBufferMultiView" (vp)
    Full variant space:         6
    After settings filtering:   6
    After built-in stripping:   3
    After scriptable stripping: 0
    Processed in 0.00 seconds
    Prepared data for serialisation in 0.00s
Compiling shader "Universal Render Pipeline/Lit" pass "MeshSelection" (vp)
    Full variant space:         6
    After settings filtering:   6
    After built-in stripping:   3
    After scriptable stripping: 0
    Processed in 0.00 seconds
    Prepared data for serialisation in 0.00s
Compiling shader "Universal Render Pipeline/Lit" pass "VGShadowMapSingleView" (vp)
    Full variant space:         24
    After settings filtering:   24
    After built-in stripping:   12
    After scriptable stripping: 0
    Processed in 0.00 seconds
    Prepared data for serialisation in 0.00s
Compiling shader "Universal Render Pipeline/Lit" pass "VGShadowMapMultiView" (vp)
    Full variant space:         24
    After settings filtering:   24
    After built-in stripping:   12
    After scriptable stripping: 0
    Processed in 0.00 seconds
    Prepared data for serialisation in 0.00s
Compiling shader "Universal Render Pipeline/Lit" pass "VGMotionVectors" (vp)
    Full variant space:         6
    After settings filtering:   6
    After built-in stripping:   3
    After scriptable stripping: 3
    Processed in 0.00 seconds
    starting compilation...
    finished in 0.00 seconds. Local cache hits 3 (0.00s CPU time), remote cache hits 0 (0.00s CPU time), compiled 0 variants (0.00s CPU time), skipped 0 variants
    Prepared data for serialisation in 0.00s
Compiling shader "Universal Render Pipeline/Lit" pass "VGMotionVectors" (fp)
    Full variant space:         6
    After settings filtering:   6
    After built-in stripping:   3
    After scriptable stripping: 3
    Processed in 0.00 seconds
    starting compilation...
    finished in 0.00 seconds. Local cache hits 3 (0.00s CPU time), remote cache hits 0 (0.00s CPU time), compiled 0 variants (0.00s CPU time), skipped 0 variants
    Prepared data for serialisation in 0.00s
Compiling shader "Universal Render Pipeline/Lit" pass "DepthOnly" (vp)
    Full variant space:         16
    After settings filtering:   8
    After built-in stripping:   2
    After scriptable stripping: 2
    Processed in 0.00 seconds
    starting compilation...
    finished in 0.00 seconds. Local cache hits 2 (0.00s CPU time), remote cache hits 0 (0.00s CPU time), compiled 0 variants (0.00s CPU time), skipped 0 variants
    Prepared data for serialisation in 0.00s
Compiling shader "Universal Render Pipeline/Lit" pass "DepthOnly" (fp)
    Full variant space:         16
    After settings filtering:   8
    After built-in stripping:   4
    After scriptable stripping: 4
    Processed in 0.00 seconds
    starting compilation...
    finished in 0.00 seconds. Local cache hits 4 (0.00s CPU time), remote cache hits 0 (0.00s CPU time), compiled 0 variants (0.00s CPU time), skipped 0 variants
    Prepared data for serialisation in 0.00s
Compiling shader "Universal Render Pipeline/Lit" pass "DepthNormals" (vp)
    Full variant space:         16
    After settings filtering:   8
    After built-in stripping:   2
    After scriptable stripping: 2
    Processed in 0.00 seconds
    starting compilation...
    finished in 0.00 seconds. Local cache hits 2 (0.00s CPU time), remote cache hits 0 (0.00s CPU time), compiled 0 variants (0.00s CPU time), skipped 0 variants
    Prepared data for serialisation in 0.00s
Compiling shader "Universal Render Pipeline/Lit" pass "DepthNormals" (fp)
    Full variant space:         32
    After settings filtering:   8
    After built-in stripping:   4
    After scriptable stripping: 4
    Processed in 0.00 seconds
    starting compilation...
    finished in 0.00 seconds. Local cache hits 4 (0.00s CPU time), remote cache hits 0 (0.00s CPU time), compiled 0 variants (0.00s CPU time), skipped 0 variants
    Prepared data for serialisation in 0.00s
Compiling shader "Universal Render Pipeline/Lit" pass "Universal2D" (vp)
    Full variant space:         4
    After settings filtering:   2
    After built-in stripping:   1
    After scriptable stripping: 0
    Processed in 0.00 seconds
    Prepared data for serialisation in 0.00s
Compiling shader "Universal Render Pipeline/Lit" pass "VGFacetGBuffer" (vp)
    Full variant space:         6
    After settings filtering:   6
    After built-in stripping:   3
    After scriptable stripping: 0
    Processed in 0.00 seconds
    Prepared data for serialisation in 0.00s
Serialized binary data for shader Universal Render Pipeline/Lit in 0.00s
    d3d11 (total internal programs: 60, unique: 60)
Shader warning in 'Universal Render Pipeline/Lit': use of potentially uninitialized variable (output) at /Users/Admin/Documents/Codex/2026-10-06/unity-6-unity-emberward-3d-roguelite/outputs/StoneSignal/Library/PackageCache/com.unity.render-pipelines.universal@14.2.0-t1/Shaders/GpuMotionVectors.hlsl(283) (on d3d11)

Compiling Subshader: 0, Pass: VGMotionVectors, Vertex program with <no keywords>
Platform defines: SHADER_API_DESKTOP UNITY_ENABLE_DETAIL_NORMALMAP UNITY_ENABLE_REFLECTION_BUFFERS UNITY_LIGHTMAP_FULL_HDR UNITY_LIGHT_PROBE_PROXY_VOLUME UNITY_PBS_USE_BRDF1 UNITY_SPECCUBE_BLENDING UNITY_SPECCUBE_BOX_PROJECTION UNITY_USE_DITHER_MASK_FOR_ALPHABLENDED_SHADOWS
Disabled keywords: INSTANCING_ON PROCEDURAL_INSTANCING_ON SHADER_API_DECL_IMMCB_AS_CONST SHADER_API_DECL_TEMPS_IN_MAIN SHADER_API_GLES30 SHADER_API_MAX_VISIBLE_LIGHTS_16 UNITY_ASTC_NORMALMAP_ENCODING UNITY_COLORSPACE_GAMMA UNITY_FRAMEBUFFER_FETCH_AVAILABLE UNITY_HALF_PRECISION_FRAGMENT_SHADER_REGISTERS UNITY_HARDWARE_TIER1 UNITY_HARDWARE_TIER2 UNITY_HARDWARE_TIER3 UNITY_LIGHTMAP_DLDR_ENCODING UNITY_LIGHTMAP_RGBM_ENCODING UNITY_METAL_SHADOWS_USE_POINT_FILTERING UNITY_NO_DXT5nm UNITY_NO_FULL_STANDARD_SHADER UNITY_NO_SCREENSPACE_SHADOWS UNITY_PBS_USE_BRDF2 UNITY_PBS_USE_BRDF3 UNITY_PRETRANSFORM_TO_DISPLAY_ORIENTATION UNITY_UNIFIED_SHADER_PRECISION_MODEL UNITY_VIRTUAL_TEXTURING VG_ENABLE_FIXED_ENCODE_VERTEX_DATA
Compiling shader "Legacy Shaders/VertexLit" pass "" (vp)
    Full variant space:         12
    After settings filtering:   12
    After built-in stripping:   3
    After scriptable stripping: 3
    Processed in 0.00 seconds
    starting compilation...
    finished in 0.00 seconds. Local cache hits 3 (0.00s CPU time), remote cache hits 0 (0.00s CPU time), compiled 0 variants (0.00s CPU time), skipped 0 variants
    Prepared data for serialisation in 0.00s
Compiling shader "Legacy Shaders/VertexLit" pass "" (fp)
    Full variant space:         12
    After settings filtering:   12
    After built-in stripping:   3
    After scriptable stripping: 3
    Processed in 0.00 seconds
    starting compilation...
    finished in 0.00 seconds. Local cache hits 3 (0.00s CPU time), remote cache hits 0 (0.00s CPU time), compiled 0 variants (0.00s CPU time), skipped 0 variants
    Prepared data for serialisation in 0.00s
Compiling shader "Legacy Shaders/VertexLit" pass "" (vp)
    Full variant space:         4
    After settings filtering:   4
    After built-in stripping:   1
    After scriptable stripping: 1
    Processed in 0.00 seconds
    starting compilation...
    finished in 0.00 seconds. Local cache hits 1 (0.00s CPU time), remote cache hits 0 (0.00s CPU time), compiled 0 variants (0.00s CPU time), skipped 0 variants
    Prepared data for serialisation in 0.00s
Compiling shader "Legacy Shaders/VertexLit" pass "" (fp)
    Full variant space:         4
    After settings filtering:   4
    After built-in stripping:   1
    After scriptable stripping: 1
    Processed in 0.00 seconds
    starting compilation...
    finished in 0.00 seconds. Local cache hits 1 (0.00s CPU time), remote cache hits 0 (0.00s CPU time), compiled 0 variants (0.00s CPU time), skipped 0 variants
    Prepared data for serialisation in 0.00s
Compiling shader "Legacy Shaders/VertexLit" pass "ShadowCaster" (vp)
    Full variant space:         4
    After settings filtering:   4
    After built-in stripping:   2
    After scriptable stripping: 2
    Processed in 0.00 seconds
    starting compilation...
    finished in 0.00 seconds. Local cache hits 2 (0.00s CPU time), remote cache hits 0 (0.00s CPU time), compiled 0 variants (0.00s CPU time), skipped 0 variants
    Prepared data for serialisation in 0.00s
Compiling shader "Legacy Shaders/VertexLit" pass "ShadowCaster" (fp)
    Full variant space:         4
    After settings filtering:   4
    After built-in stripping:   2
    After scriptable stripping: 2
    Processed in 0.00 seconds
    starting compilation...
    finished in 0.00 seconds. Local cache hits 2 (0.00s CPU time), remote cache hits 0 (0.00s CPU time), compiled 0 variants (0.00s CPU time), skipped 0 variants
    Prepared data for serialisation in 0.00s
Serialized binary data for shader Legacy Shaders/VertexLit in 0.00s
    d3d11 (total internal programs: 12, unique: 12)
Compiling shader "Legacy Shaders/Diffuse" pass "FORWARD" (vp)
    Full variant space:         664
    After settings filtering:   664
    After built-in stripping:   8
    After scriptable stripping: 8
    Processed in 0.00 seconds
    starting compilation...
    finished in 0.00 seconds. Local cache hits 8 (0.00s CPU time), remote cache hits 0 (0.00s CPU time), compiled 0 variants (0.00s CPU time), skipped 0 variants
    Prepared data for serialisation in 0.00s
Compiling shader "Legacy Shaders/Diffuse" pass "FORWARD" (fp)
    Full variant space:         504
    After settings filtering:   504
    After built-in stripping:   4
    After scriptable stripping: 4
    Processed in 0.00 seconds
    starting compilation...
    finished in 0.00 seconds. Local cache hits 4 (0.00s CPU time), remote cache hits 0 (0.00s CPU time), compiled 0 variants (0.00s CPU time), skipped 0 variants
    Prepared data for serialisation in 0.00s
Compiling shader "Legacy Shaders/Diffuse" pass "FORWARD" (vp)
    Full variant space:         20
    After settings filtering:   20
    After built-in stripping:   5
    After scriptable stripping: 5
    Processed in 0.00 seconds
    starting compilation...
    finished in 0.00 seconds. Local cache hits 5 (0.00s CPU time), remote cache hits 0 (0.00s CPU time), compiled 0 variants (0.00s CPU time), skipped 0 variants
    Prepared data for serialisation in 0.00s
Compiling shader "Legacy Shaders/Diffuse" pass "FORWARD" (fp)
    Full variant space:         20
    After settings filtering:   20
    After built-in stripping:   5
    After scriptable stripping: 5
    Processed in 0.00 seconds
    starting compilation...
    finished in 0.00 seconds. Local cache hits 5 (0.00s CPU time), remote cache hits 0 (0.00s CPU time), compiled 0 variants (0.00s CPU time), skipped 0 variants
    Prepared data for serialisation in 0.00s
Compiling shader "Legacy Shaders/Diffuse" pass "DEFERRED" (vp)
    Full variant space:         76
    After settings filtering:   76
    After built-in stripping:   4
    After scriptable stripping: 4
    Processed in 0.00 seconds
    starting compilation...
    finished in 0.00 seconds. Local cache hits 4 (0.00s CPU time), remote cache hits 0 (0.00s CPU time), compiled 0 variants (0.00s CPU time), skipped 0 variants
    Prepared data for serialisation in 0.00s
Compiling shader "Legacy Shaders/Diffuse" pass "DEFERRED" (fp)
    Full variant space:         76
    After settings filtering:   76
    After built-in stripping:   4
    After scriptable stripping: 4
    Processed in 0.00 seconds
    starting compilation...
    finished in 0.00 seconds. Local cache hits 4 (0.00s CPU time), remote cache hits 0 (0.00s CPU time), compiled 0 variants (0.00s CPU time), skipped 0 variants
    Prepared data for serialisation in 0.00s
Serialized binary data for shader Legacy Shaders/Diffuse in 0.00s
    d3d11 (total internal programs: 30, unique: 30)
Compiling shader "Hidden/Internal-StencilWrite" pass "" (vp)
    Full variant space:         1
    After settings filtering:   1
    After built-in stripping:   1
    After scriptable stripping: 1
    Processed in 0.00 seconds
    starting compilation...
    finished in 0.00 seconds. Local cache hits 1 (0.00s CPU time), remote cache hits 0 (0.00s CPU time), compiled 0 variants (0.00s CPU time), skipped 0 variants
    Prepared data for serialisation in 0.00s
Compiling shader "Hidden/Internal-StencilWrite" pass "" (fp)
    Full variant space:         1
    After settings filtering:   1
    After built-in stripping:   1
    After scriptable stripping: 1
    Processed in 0.00 seconds
    starting compilation...
    finished in 0.00 seconds. Local cache hits 1 (0.00s CPU time), remote cache hits 0 (0.00s CPU time), compiled 0 variants (0.00s CPU time), skipped 0 variants
    Prepared data for serialisation in 0.00s
Serialized binary data for shader Hidden/Internal-StencilWrite in 0.00s
    d3d11 (total internal programs: 2, unique: 2)
Compiling shader "Hidden/Internal-DepthNormalsTexture" pass "" (vp)
    Full variant space:         1
    After settings filtering:   1
    After built-in stripping:   1
    After scriptable stripping: 1
    Processed in 0.00 seconds
    starting compilation...
    finished in 0.00 seconds. Local cache hits 1 (0.00s CPU time), remote cache hits 0 (0.00s CPU time), compiled 0 variants (0.00s CPU time), skipped 0 variants
    Prepared data for serialisation in 0.00s
Compiling shader "Hidden/Internal-DepthNormalsTexture" pass "" (fp)
    Full variant space:         1
    After settings filtering:   1
    After built-in stripping:   1
    After scriptable stripping: 1
    Processed in 0.00 seconds
    starting compilation...
    finished in 0.00 seconds. Local cache hits 1 (0.00s CPU time), remote cache hits 0 (0.00s CPU time), compiled 0 variants (0.00s CPU time), skipped 0 variants
    Prepared data for serialisation in 0.00s
Compiling shader "Hidden/Internal-DepthNormalsTexture" pass "" (vp)
    Full variant space:         1
    After settings filtering:   1
    After built-in stripping:   1
    After scriptable stripping: 1
    Processed in 0.00 seconds
    starting compilation...
    finished in 0.00 seconds. Local cache hits 1 (0.00s CPU time), remote cache hits 0 (0.00s CPU time), compiled 0 variants (0.00s CPU time), skipped 0 variants
    Prepared data for serialisation in 0.00s
Compiling shader "Hidden/Internal-DepthNormalsTexture" pass "" (fp)
    Full variant space:         1
    After settings filtering:   1
    After built-in stripping:   1
    After scriptable stripping: 1
    Processed in 0.00 seconds
    starting compilation...
    finished in 0.00 seconds. Local cache hits 1 (0.00s CPU time), remote cache hits 0 (0.00s CPU time), compiled 0 variants (0.00s CPU time), skipped 0 variants
    Prepared data for serialisation in 0.00s
Compiling shader "Hidden/Internal-DepthNormalsTexture" pass "" (vp)
    Full variant space:         1
    After settings filtering:   1
    After built-in stripping:   1
    After scriptable stripping: 1
    Processed in 0.00 seconds
    starting compilation...
    finished in 0.00 seconds. Local cache hits 1 (0.00s CPU time), remote cache hits 0 (0.00s CPU time), compiled 0 variants (0.00s CPU time), skipped 0 variants
    Prepared data for serialisation in 0.00s
Compiling shader "Hidden/Internal-DepthNormalsTexture" pass "" (fp)
    Full variant space:         1
    After settings filtering:   1
    After built-in stripping:   1
    After scriptable stripping: 1
    Processed in 0.00 seconds
    starting compilation...
    finished in 0.00 seconds. Local cache hits 1 (0.00s CPU time), remote cache hits 0 (0.00s CPU time), compiled 0 variants (0.00s CPU time), skipped 0 variants
    Prepared data for serialisation in 0.00s
Compiling shader "Hidden/Internal-DepthNormalsTexture" pass "" (vp)
    Full variant space:         1
    After settings filtering:   1
    After built-in stripping:   1
    After scriptable stripping: 1
    Processed in 0.00 seconds
    starting compilation...
    finished in 0.00 seconds. Local cache hits 1 (0.00s CPU time), remote cache hits 0 (0.00s CPU time), compiled 0 variants (0.00s CPU time), skipped 0 variants
    Prepared data for serialisation in 0.00s
Compiling shader "Hidden/Internal-DepthNormalsTexture" pass "" (fp)
    Full variant space:         1
    After settings filtering:   1
    After built-in stripping:   1
    After scriptable stripping: 1
    Processed in 0.00 seconds
    starting compilation...
    finished in 0.00 seconds. Local cache hits 1 (0.00s CPU time), remote cache hits 0 (0.00s CPU time), compiled 0 variants (0.00s CPU time), skipped 0 variants
    Prepared data for serialisation in 0.00s
Compiling shader "Hidden/Internal-DepthNormalsTexture" pass "" (vp)
    Full variant space:         1
    After settings filtering:   1
    After built-in stripping:   1
    After scriptable stripping: 1
    Processed in 0.00 seconds
    starting compilation...
    finished in 0.00 seconds. Local cache hits 1 (0.00s CPU time), remote cache hits 0 (0.00s CPU time), compiled 0 variants (0.00s CPU time), skipped 0 variants
    Prepared data for serialisation in 0.00s
Compiling shader "Hidden/Internal-DepthNormalsTexture" pass "" (fp)
    Full variant space:         1
    After settings filtering:   1
    After built-in stripping:   1
    After scriptable stripping: 1
    Processed in 0.00 seconds
    starting compilation...
    finished in 0.00 seconds. Local cache hits 1 (0.00s CPU time), remote cache hits 0 (0.00s CPU time), compiled 0 variants (0.00s CPU time), skipped 0 variants
    Prepared data for serialisation in 0.00s
Compiling shader "Hidden/Internal-DepthNormalsTexture" pass "" (vp)
    Full variant space:         1
    After settings filtering:   1
    After built-in stripping:   1
    After scriptable stripping: 1
    Processed in 0.00 seconds
    starting compilation...
    finished in 0.00 seconds. Local cache hits 1 (0.00s CPU time), remote cache hits 0 (0.00s CPU time), compiled 0 variants (0.00s CPU time), skipped 0 variants
    Prepared data for serialisation in 0.00s
Compiling shader "Hidden/Internal-DepthNormalsTexture" pass "" (fp)
    Full variant space:         1
    After settings filtering:   1
    After built-in stripping:   1
    After scriptable stripping: 1
    Processed in 0.00 seconds
    starting compilation...
    finished in 0.00 seconds. Local cache hits 1 (0.00s CPU time), remote cache hits 0 (0.00s CPU time), compiled 0 variants (0.00s CPU time), skipped 0 variants
    Prepared data for serialisation in 0.00s
Compiling shader "Hidden/Internal-DepthNormalsTexture" pass "" (vp)
    Full variant space:         1
    After settings filtering:   1
    After built-in stripping:   1
    After scriptable stripping: 1
    Processed in 0.00 seconds
    starting compilation...
    finished in 0.00 seconds. Local cache hits 1 (0.00s CPU time), remote cache hits 0 (0.00s CPU time), compiled 0 variants (0.00s CPU time), skipped 0 variants
    Prepared data for serialisation in 0.00s
Compiling shader "Hidden/Internal-DepthNormalsTexture" pass "" (fp)
    Full variant space:         1
    After settings filtering:   1
    After built-in stripping:   1
    After scriptable stripping: 1
    Processed in 0.00 seconds
    starting compilation...
    finished in 0.00 seconds. Local cache hits 1 (0.00s CPU time), remote cache hits 0 (0.00s CPU time), compiled 0 variants (0.00s CPU time), skipped 0 variants
    Prepared data for serialisation in 0.00s
Compiling shader "Hidden/Internal-DepthNormalsTexture" pass "" (vp)
    Full variant space:         1
    After settings filtering:   1
    After built-in stripping:   1
    After scriptable stripping: 1
    Processed in 0.00 seconds
    starting compilation...
    finished in 0.00 seconds. Local cache hits 1 (0.00s CPU time), remote cache hits 0 (0.00s CPU time), compiled 0 variants (0.00s CPU time), skipped 0 variants
    Prepared data for serialisation in 0.00s
Compiling shader "Hidden/Internal-DepthNormalsTexture" pass "" (fp)
    Full variant space:         1
    After settings filtering:   1
    After built-in stripping:   1
    After scriptable stripping: 1
    Processed in 0.00 seconds
    starting compilation...
    finished in 0.00 seconds. Local cache hits 1 (0.00s CPU time), remote cache hits 0 (0.00s CPU time), compiled 0 variants (0.00s CPU time), skipped 0 variants
    Prepared data for serialisation in 0.00s
Compiling shader "Hidden/Internal-DepthNormalsTexture" pass "" (vp)
    Full variant space:         1
    After settings filtering:   1
    After built-in stripping:   1
    After scriptable stripping: 1
    Processed in 0.00 seconds
    starting compilation...
    finished in 0.00 seconds. Local cache hits 1 (0.00s CPU time), remote cache hits 0 (0.00s CPU time), compiled 0 variants (0.00s CPU time), skipped 0 variants
    Prepared data for serialisation in 0.00s
Compiling shader "Hidden/Internal-DepthNormalsTexture" pass "" (fp)
    Full variant space:         1
    After settings filtering:   1
    After built-in stripping:   1
    After scriptable stripping: 1
    Processed in 0.00 seconds
    starting compilation...
    finished in 0.00 seconds. Local cache hits 1 (0.00s CPU time), remote cache hits 0 (0.00s CPU time), compiled 0 variants (0.00s CPU time), skipped 0 variants
    Prepared data for serialisation in 0.00s
Compiling shader "Hidden/Internal-DepthNormalsTexture" pass "" (vp)
    Full variant space:         1
    After settings filtering:   1
    After built-in stripping:   1
    After scriptable stripping: 1
    Processed in 0.00 seconds
    starting compilation...
    finished in 0.00 seconds. Local cache hits 1 (0.00s CPU time), remote cache hits 0 (0.00s CPU time), compiled 0 variants (0.00s CPU time), skipped 0 variants
    Prepared data for serialisation in 0.00s
Compiling shader "Hidden/Internal-DepthNormalsTexture" pass "" (fp)
    Full variant space:         1
    After settings filtering:   1
    After built-in stripping:   1
    After scriptable stripping: 1
    Processed in 0.00 seconds
    starting compilation...
    finished in 0.00 seconds. Local cache hits 1 (0.00s CPU time), remote cache hits 0 (0.00s CPU time), compiled 0 variants (0.00s CPU time), skipped 0 variants
    Prepared data for serialisation in 0.00s
Serialized binary data for shader Hidden/Internal-DepthNormalsTexture in 0.00s
    d3d11 (total internal programs: 20, unique: 17)
Compiling shader "Hidden/Internal-ScreenSpaceShadows" pass "" (vp)
    Full variant space:         4
    After settings filtering:   4
    After built-in stripping:   4
    After scriptable stripping: 4
    Processed in 0.00 seconds
    starting compilation...
    finished in 0.00 seconds. Local cache hits 4 (0.00s CPU time), remote cache hits 0 (0.00s CPU time), compiled 0 variants (0.00s CPU time), skipped 0 variants
    Prepared data for serialisation in 0.00s
Compiling shader "Hidden/Internal-ScreenSpaceShadows" pass "" (fp)
    Full variant space:         4
    After settings filtering:   4
    After built-in stripping:   4
    After scriptable stripping: 4
    Processed in 0.00 seconds
    starting compilation...
    finished in 0.00 seconds. Local cache hits 4 (0.00s CPU time), remote cache hits 0 (0.00s CPU time), compiled 0 variants (0.00s CPU time), skipped 0 variants
    Prepared data for serialisation in 0.00s
Compiling shader "Hidden/Internal-ScreenSpaceShadows" pass "" (vp)
    Full variant space:         4
    After settings filtering:   4
    After built-in stripping:   4
    After scriptable stripping: 4
    Processed in 0.00 seconds
    starting compilation...
    finished in 0.00 seconds. Local cache hits 4 (0.00s CPU time), remote cache hits 0 (0.00s CPU time), compiled 0 variants (0.00s CPU time), skipped 0 variants
    Prepared data for serialisation in 0.00s
Compiling shader "Hidden/Internal-ScreenSpaceShadows" pass "" (fp)
    Full variant space:         4
    After settings filtering:   4
    After built-in stripping:   4
    After scriptable stripping: 4
    Processed in 0.00 seconds
    starting compilation...
    finished in 0.00 seconds. Local cache hits 4 (0.00s CPU time), remote cache hits 0 (0.00s CPU time), compiled 0 variants (0.00s CPU time), skipped 0 variants
    Prepared data for serialisation in 0.00s
Compiling shader "Hidden/Internal-ScreenSpaceShadows" pass "" (vp)
    Full variant space:         4
    After settings filtering:   4
    After built-in stripping:   4
    After scriptable stripping: 4
    Processed in 0.00 seconds
    starting compilation...
    finished in 0.00 seconds. Local cache hits 4 (0.00s CPU time), remote cache hits 0 (0.00s CPU time), compiled 0 variants (0.00s CPU time), skipped 0 variants
    Prepared data for serialisation in 0.00s
Compiling shader "Hidden/Internal-ScreenSpaceShadows" pass "" (fp)
    Full variant space:         4
    After settings filtering:   4
    After built-in stripping:   4
    After scriptable stripping: 4
    Processed in 0.00 seconds
    starting compilation...
    finished in 0.00 seconds. Local cache hits 4 (0.00s CPU time), remote cache hits 0 (0.00s CPU time), compiled 0 variants (0.00s CPU time), skipped 0 variants
    Prepared data for serialisation in 0.00s
Compiling shader "Hidden/Internal-ScreenSpaceShadows" pass "" (vp)
    Full variant space:         4
    After settings filtering:   4
    After built-in stripping:   4
    After scriptable stripping: 4
    Processed in 0.00 seconds
    starting compilation...
    finished in 0.00 seconds. Local cache hits 4 (0.00s CPU time), remote cache hits 0 (0.00s CPU time), compiled 0 variants (0.00s CPU time), skipped 0 variants
    Prepared data for serialisation in 0.00s
Compiling shader "Hidden/Internal-ScreenSpaceShadows" pass "" (fp)
    Full variant space:         4
    After settings filtering:   4
    After built-in stripping:   4
    After scriptable stripping: 4
    Processed in 0.00 seconds
    starting compilation...
    finished in 0.00 seconds. Local cache hits 4 (0.00s CPU time), remote cache hits 0 (0.00s CPU time), compiled 0 variants (0.00s CPU time), skipped 0 variants
    Prepared data for serialisation in 0.00s
Serialized binary data for shader Hidden/Internal-ScreenSpaceShadows in 0.00s
    d3d11 (total internal programs: 32, unique: 20)
Compiling shader "Hidden/Internal-CombineDepthNormals" pass "" (vp)
    Full variant space:         1
    After settings filtering:   1
    After built-in stripping:   1
    After scriptable stripping: 1
    Processed in 0.00 seconds
    starting compilation...
    finished in 0.00 seconds. Local cache hits 1 (0.00s CPU time), remote cache hits 0 (0.00s CPU time), compiled 0 variants (0.00s CPU time), skipped 0 variants
    Prepared data for serialisation in 0.00s
Compiling shader "Hidden/Internal-CombineDepthNormals" pass "" (fp)
    Full variant space:         1
    After settings filtering:   1
    After built-in stripping:   1
    After scriptable stripping: 1
    Processed in 0.00 seconds
    starting compilation...
    finished in 0.00 seconds. Local cache hits 1 (0.00s CPU time), remote cache hits 0 (0.00s CPU time), compiled 0 variants (0.00s CPU time), skipped 0 variants
    Prepared data for serialisation in 0.00s
Serialized binary data for shader Hidden/Internal-CombineDepthNormals in 0.00s
    d3d11 (total internal programs: 2, unique: 2)
Compiling shader "Hidden/BlitCopy" pass "" (vp)
    Full variant space:         1
    After settings filtering:   1
    After built-in stripping:   1
    After scriptable stripping: 1
    Processed in 0.00 seconds
    starting compilation...
    finished in 0.00 seconds. Local cache hits 1 (0.00s CPU time), remote cache hits 0 (0.00s CPU time), compiled 0 variants (0.00s CPU time), skipped 0 variants
    Prepared data for serialisation in 0.00s
Compiling shader "Hidden/BlitCopy" pass "" (fp)
    Full variant space:         1
    After settings filtering:   1
    After built-in stripping:   1
    After scriptable stripping: 1
    Processed in 0.00 seconds
    starting compilation...
    finished in 0.00 seconds. Local cache hits 1 (0.00s CPU time), remote cache hits 0 (0.00s CPU time), compiled 0 variants (0.00s CPU time), skipped 0 variants
    Prepared data for serialisation in 0.00s
Serialized binary data for shader Hidden/BlitCopy in 0.00s
    d3d11 (total internal programs: 2, unique: 2)
Compiling shader "Hidden/BlitCopyDepth" pass "" (vp)
    Full variant space:         1
    After settings filtering:   1
    After built-in stripping:   1
    After scriptable stripping: 1
    Processed in 0.00 seconds
    starting compilation...
    finished in 0.00 seconds. Local cache hits 1 (0.00s CPU time), remote cache hits 0 (0.00s CPU time), compiled 0 variants (0.00s CPU time), skipped 0 variants
    Prepared data for serialisation in 0.00s
Compiling shader "Hidden/BlitCopyDepth" pass "" (fp)
    Full variant space:         1
    After settings filtering:   1
    After built-in stripping:   1
    After scriptable stripping: 1
    Processed in 0.00 seconds
    starting compilation...
    finished in 0.00 seconds. Local cache hits 1 (0.00s CPU time), remote cache hits 0 (0.00s CPU time), compiled 0 variants (0.00s CPU time), skipped 0 variants
    Prepared data for serialisation in 0.00s
Serialized binary data for shader Hidden/BlitCopyDepth in 0.00s
    d3d11 (total internal programs: 2, unique: 2)
Compiling shader "Hidden/ConvertTexture" pass "" (vp)
    Full variant space:         1
    After settings filtering:   1
    After built-in stripping:   1
    After scriptable stripping: 1
    Processed in 0.00 seconds
    starting compilation...
    finished in 0.00 seconds. Local cache hits 1 (0.00s CPU time), remote cache hits 0 (0.00s CPU time), compiled 0 variants (0.00s CPU time), skipped 0 variants
    Prepared data for serialisation in 0.00s
Compiling shader "Hidden/ConvertTexture" pass "" (fp)
    Full variant space:         1
    After settings filtering:   1
    After built-in stripping:   1
    After scriptable stripping: 1
    Processed in 0.00 seconds
    starting compilation...
    finished in 0.00 seconds. Local cache hits 1 (0.00s CPU time), remote cache hits 0 (0.00s CPU time), compiled 0 variants (0.00s CPU time), skipped 0 variants
    Prepared data for serialisation in 0.00s
Serialized binary data for shader Hidden/ConvertTexture in 0.00s
    d3d11 (total internal programs: 2, unique: 2)
Compiling shader "Hidden/Internal-DeferredShading" pass "" (vp)
    Full variant space:         94
    After settings filtering:   94
    After built-in stripping:   26
    After scriptable stripping: 26
    Processed in 0.00 seconds
    starting compilation...
    finished in 0.00 seconds. Local cache hits 26 (0.00s CPU time), remote cache hits 0 (0.00s CPU time), compiled 0 variants (0.00s CPU time), skipped 0 variants
    Prepared data for serialisation in 0.00s
Compiling shader "Hidden/Internal-DeferredShading" pass "" (fp)
    Full variant space:         94
    After settings filtering:   94
    After built-in stripping:   26
    After scriptable stripping: 26
    Processed in 0.00 seconds
    starting compilation...
    finished in 0.00 seconds. Local cache hits 26 (0.00s CPU time), remote cache hits 0 (0.00s CPU time), compiled 0 variants (0.00s CPU time), skipped 0 variants
    Prepared data for serialisation in 0.00s
Compiling shader "Hidden/Internal-DeferredShading" pass "" (vp)
    Full variant space:         1
    After settings filtering:   1
    After built-in stripping:   1
    After scriptable stripping: 1
    Processed in 0.00 seconds
    starting compilation...
    finished in 0.00 seconds. Local cache hits 1 (0.00s CPU time), remote cache hits 0 (0.00s CPU time), compiled 0 variants (0.00s CPU time), skipped 0 variants
    Prepared data for serialisation in 0.00s
Compiling shader "Hidden/Internal-DeferredShading" pass "" (fp)
    Full variant space:         1
    After settings filtering:   1
    After built-in stripping:   1
    After scriptable stripping: 1
    Processed in 0.00 seconds
    starting compilation...
    finished in 0.00 seconds. Local cache hits 1 (0.00s CPU time), remote cache hits 0 (0.00s CPU time), compiled 0 variants (0.00s CPU time), skipped 0 variants
    Prepared data for serialisation in 0.00s
Serialized binary data for shader Hidden/Internal-DeferredShading in 0.00s
    d3d11 (total internal programs: 54, unique: 54)
Compiling shader "Hidden/Internal-DeferredReflections" pass "" (vp)
    Full variant space:         1
    After settings filtering:   1
    After built-in stripping:   1
    After scriptable stripping: 1
    Processed in 0.00 seconds
    starting compilation...
    finished in 0.00 seconds. Local cache hits 1 (0.00s CPU time), remote cache hits 0 (0.00s CPU time), compiled 0 variants (0.00s CPU time), skipped 0 variants
    Prepared data for serialisation in 0.00s
Compiling shader "Hidden/Internal-DeferredReflections" pass "" (fp)
    Full variant space:         1
    After settings filtering:   1
    After built-in stripping:   1
    After scriptable stripping: 1
    Processed in 0.00 seconds
    starting compilation...
    finished in 0.00 seconds. Local cache hits 1 (0.00s CPU time), remote cache hits 0 (0.00s CPU time), compiled 0 variants (0.00s CPU time), skipped 0 variants
    Prepared data for serialisation in 0.00s
Compiling shader "Hidden/Internal-DeferredReflections" pass "" (vp)
    Full variant space:         2
    After settings filtering:   2
    After built-in stripping:   2
    After scriptable stripping: 2
    Processed in 0.00 seconds
    starting compilation...
    finished in 0.00 seconds. Local cache hits 2 (0.00s CPU time), remote cache hits 0 (0.00s CPU time), compiled 0 variants (0.00s CPU time), skipped 0 variants
    Prepared data for serialisation in 0.00s
Compiling shader "Hidden/Internal-DeferredReflections" pass "" (fp)
    Full variant space:         2
    After settings filtering:   2
    After built-in stripping:   2
    After scriptable stripping: 2
    Processed in 0.00 seconds
    starting compilation...
    finished in 0.00 seconds. Local cache hits 2 (0.00s CPU time), remote cache hits 0 (0.00s CPU time), compiled 0 variants (0.00s CPU time), skipped 0 variants
    Prepared data for serialisation in 0.00s
Serialized binary data for shader Hidden/Internal-DeferredReflections in 0.00s
    d3d11 (total internal programs: 6, unique: 6)
Compiling shader "Hidden/Internal-MotionVectors" pass "" (vp)
    Full variant space:         1
    After settings filtering:   1
    After built-in stripping:   1
    After scriptable stripping: 1
    Processed in 0.00 seconds
    starting compilation...
    finished in 0.00 seconds. Local cache hits 1 (0.00s CPU time), remote cache hits 0 (0.00s CPU time), compiled 0 variants (0.00s CPU time), skipped 0 variants
    Prepared data for serialisation in 0.00s
Compiling shader "Hidden/Internal-MotionVectors" pass "" (fp)
    Full variant space:         1
    After settings filtering:   1
    After built-in stripping:   1
    After scriptable stripping: 1
    Processed in 0.00 seconds
    starting compilation...
    finished in 0.00 seconds. Local cache hits 1 (0.00s CPU time), remote cache hits 0 (0.00s CPU time), compiled 0 variants (0.00s CPU time), skipped 0 variants
    Prepared data for serialisation in 0.00s
Compiling shader "Hidden/Internal-MotionVectors" pass "" (vp)
    Full variant space:         1
    After settings filtering:   1
    After built-in stripping:   1
    After scriptable stripping: 1
    Processed in 0.00 seconds
    starting compilation...
    finished in 0.00 seconds. Local cache hits 1 (0.00s CPU time), remote cache hits 0 (0.00s CPU time), compiled 0 variants (0.00s CPU time), skipped 0 variants
    Prepared data for serialisation in 0.00s
Compiling shader "Hidden/Internal-MotionVectors" pass "" (fp)
    Full variant space:         1
    After settings filtering:   1
    After built-in stripping:   1
    After scriptable stripping: 1
    Processed in 0.00 seconds
    starting compilation...
    finished in 0.00 seconds. Local cache hits 1 (0.00s CPU time), remote cache hits 0 (0.00s CPU time), compiled 0 variants (0.00s CPU time), skipped 0 variants
    Prepared data for serialisation in 0.00s
Compiling shader "Hidden/Internal-MotionVectors" pass "" (vp)
    Full variant space:         1
    After settings filtering:   1
    After built-in stripping:   1
    After scriptable stripping: 1
    Processed in 0.00 seconds
    starting compilation...
    finished in 0.00 seconds. Local cache hits 1 (0.00s CPU time), remote cache hits 0 (0.00s CPU time), compiled 0 variants (0.00s CPU time), skipped 0 variants
    Prepared data for serialisation in 0.00s
Compiling shader "Hidden/Internal-MotionVectors" pass "" (fp)
    Full variant space:         1
    After settings filtering:   1
    After built-in stripping:   1
    After scriptable stripping: 1
    Processed in 0.00 seconds
    starting compilation...
    finished in 0.00 seconds. Local cache hits 1 (0.00s CPU time), remote cache hits 0 (0.00s CPU time), compiled 0 variants (0.00s CPU time), skipped 0 variants
    Prepared data for serialisation in 0.00s
Serialized binary data for shader Hidden/Internal-MotionVectors in 0.00s
    d3d11 (total internal programs: 6, unique: 5)
Compiling shader "Hidden/Internal-Flare" pass "" (vp)
    Full variant space:         1
    After settings filtering:   1
    After built-in stripping:   1
    After scriptable stripping: 1
    Processed in 0.00 seconds
    starting compilation...
    finished in 0.00 seconds. Local cache hits 1 (0.00s CPU time), remote cache hits 0 (0.00s CPU time), compiled 0 variants (0.00s CPU time), skipped 0 variants
    Prepared data for serialisation in 0.00s
Compiling shader "Hidden/Internal-Flare" pass "" (fp)
    Full variant space:         1
    After settings filtering:   1
    After built-in stripping:   1
    After scriptable stripping: 1
    Processed in 0.00 seconds
    starting compilation...
    finished in 0.00 seconds. Local cache hits 1 (0.00s CPU time), remote cache hits 0 (0.00s CPU time), compiled 0 variants (0.00s CPU time), skipped 0 variants
    Prepared data for serialisation in 0.00s
Serialized binary data for shader Hidden/Internal-Flare in 0.00s
    d3d11 (total internal programs: 2, unique: 2)
Compiling shader "Hidden/Internal-Halo" pass "" (vp)
    Full variant space:         4
    After settings filtering:   4
    After built-in stripping:   1
    After scriptable stripping: 1
    Processed in 0.00 seconds
    starting compilation...
    finished in 0.00 seconds. Local cache hits 1 (0.00s CPU time), remote cache hits 0 (0.00s CPU time), compiled 0 variants (0.00s CPU time), skipped 0 variants
    Prepared data for serialisation in 0.00s
Compiling shader "Hidden/Internal-Halo" pass "" (fp)
    Full variant space:         4
    After settings filtering:   4
    After built-in stripping:   1
    After scriptable stripping: 1
    Processed in 0.00 seconds
    starting compilation...
    finished in 0.00 seconds. Local cache hits 1 (0.00s CPU time), remote cache hits 0 (0.00s CPU time), compiled 0 variants (0.00s CPU time), skipped 0 variants
    Prepared data for serialisation in 0.00s
Serialized binary data for shader Hidden/Internal-Halo in 0.00s
    d3d11 (total internal programs: 2, unique: 2)
Compiling shader "Hidden/BlitCopyWithDepth" pass "" (vp)
    Full variant space:         1
    After settings filtering:   1
    After built-in stripping:   1
    After scriptable stripping: 1
    Processed in 0.00 seconds
    starting compilation...
    finished in 0.00 seconds. Local cache hits 1 (0.00s CPU time), remote cache hits 0 (0.00s CPU time), compiled 0 variants (0.00s CPU time), skipped 0 variants
    Prepared data for serialisation in 0.00s
Compiling shader "Hidden/BlitCopyWithDepth" pass "" (fp)
    Full variant space:         1
    After settings filtering:   1
    After built-in stripping:   1
    After scriptable stripping: 1
    Processed in 0.00 seconds
    starting compilation...
    finished in 0.00 seconds. Local cache hits 1 (0.00s CPU time), remote cache hits 0 (0.00s CPU time), compiled 0 variants (0.00s CPU time), skipped 0 variants
    Prepared data for serialisation in 0.00s
Serialized binary data for shader Hidden/BlitCopyWithDepth in 0.00s
    d3d11 (total internal programs: 2, unique: 2)
Compiling shader "Hidden/BlitToDepth" pass "" (vp)
    Full variant space:         1
    After settings filtering:   1
    After built-in stripping:   1
    After scriptable stripping: 1
    Processed in 0.00 seconds
    starting compilation...
    finished in 0.00 seconds. Local cache hits 1 (0.00s CPU time), remote cache hits 0 (0.00s CPU time), compiled 0 variants (0.00s CPU time), skipped 0 variants
    Prepared data for serialisation in 0.00s
Compiling shader "Hidden/BlitToDepth" pass "" (fp)
    Full variant space:         1
    After settings filtering:   1
    After built-in stripping:   1
    After scriptable stripping: 1
    Processed in 0.00 seconds
    starting compilation...
    finished in 0.00 seconds. Local cache hits 1 (0.00s CPU time), remote cache hits 0 (0.00s CPU time), compiled 0 variants (0.00s CPU time), skipped 0 variants
    Prepared data for serialisation in 0.00s
Serialized binary data for shader Hidden/BlitToDepth in 0.00s
    d3d11 (total internal programs: 2, unique: 2)
Compiling shader "Hidden/BlitToDepth_MSAA" pass "" (vp)
    Full variant space:         1
    After settings filtering:   1
    After built-in stripping:   1
    After scriptable stripping: 1
    Processed in 0.00 seconds
    starting compilation...
    finished in 0.00 seconds. Local cache hits 1 (0.00s CPU time), remote cache hits 0 (0.00s CPU time), compiled 0 variants (0.00s CPU time), skipped 0 variants
    Prepared data for serialisation in 0.00s
Compiling shader "Hidden/BlitToDepth_MSAA" pass "" (fp)
    Full variant space:         1
    After settings filtering:   1
    After built-in stripping:   1
    After scriptable stripping: 1
    Processed in 0.00 seconds
    starting compilation...
    finished in 0.00 seconds. Local cache hits 1 (0.00s CPU time), remote cache hits 0 (0.00s CPU time), compiled 0 variants (0.00s CPU time), skipped 0 variants
    Prepared data for serialisation in 0.00s
Serialized binary data for shader Hidden/BlitToDepth_MSAA in 0.00s
    d3d11 (total internal programs: 2, unique: 2)
Compiling shader "Hidden/BlitCopyHDRTonemap" pass "" (vp)
    Full variant space:         1
    After settings filtering:   1
    After built-in stripping:   1
    After scriptable stripping: 1
    Processed in 0.00 seconds
    starting compilation...
    finished in 0.00 seconds. Local cache hits 1 (0.00s CPU time), remote cache hits 0 (0.00s CPU time), compiled 0 variants (0.00s CPU time), skipped 0 variants
    Prepared data for serialisation in 0.00s
Compiling shader "Hidden/BlitCopyHDRTonemap" pass "" (fp)
    Full variant space:         1
    After settings filtering:   1
    After built-in stripping:   1
    After scriptable stripping: 1
    Processed in 0.00 seconds
    starting compilation...
    finished in 0.00 seconds. Local cache hits 1 (0.00s CPU time), remote cache hits 0 (0.00s CPU time), compiled 0 variants (0.00s CPU time), skipped 0 variants
    Prepared data for serialisation in 0.00s
Serialized binary data for shader Hidden/BlitCopyHDRTonemap in 0.00s
    d3d11 (total internal programs: 2, unique: 2)
Compiling shader "Hidden/Internal-DebugPattern" pass "Target Color and DepthStencil" (vp)
    Full variant space:         1
    After settings filtering:   1
    After built-in stripping:   1
    After scriptable stripping: 1
    Processed in 0.00 seconds
    starting compilation...
    finished in 0.00 seconds. Local cache hits 1 (0.00s CPU time), remote cache hits 0 (0.00s CPU time), compiled 0 variants (0.00s CPU time), skipped 0 variants
    Prepared data for serialisation in 0.00s
Compiling shader "Hidden/Internal-DebugPattern" pass "Target Color and DepthStencil" (fp)
    Full variant space:         1
    After settings filtering:   1
    After built-in stripping:   1
    After scriptable stripping: 1
    Processed in 0.00 seconds
    starting compilation...
    finished in 0.00 seconds. Local cache hits 1 (0.00s CPU time), remote cache hits 0 (0.00s CPU time), compiled 0 variants (0.00s CPU time), skipped 0 variants
    Prepared data for serialisation in 0.00s
Compiling shader "Hidden/Internal-DebugPattern" pass "Target only Color" (vp)
    Full variant space:         1
    After settings filtering:   1
    After built-in stripping:   1
    After scriptable stripping: 1
    Processed in 0.00 seconds
    starting compilation...
    finished in 0.00 seconds. Local cache hits 1 (0.00s CPU time), remote cache hits 0 (0.00s CPU time), compiled 0 variants (0.00s CPU time), skipped 0 variants
    Prepared data for serialisation in 0.00s
Compiling shader "Hidden/Internal-DebugPattern" pass "Target only Color" (fp)
    Full variant space:         1
    After settings filtering:   1
    After built-in stripping:   1
    After scriptable stripping: 1
    Processed in 0.00 seconds
    starting compilation...
    finished in 0.00 seconds. Local cache hits 1 (0.00s CPU time), remote cache hits 0 (0.00s CPU time), compiled 0 variants (0.00s CPU time), skipped 0 variants
    Prepared data for serialisation in 0.00s
Compiling shader "Hidden/Internal-DebugPattern" pass "Target only DepthStencil" (vp)
    Full variant space:         1
    After settings filtering:   1
    After built-in stripping:   1
    After scriptable stripping: 1
    Processed in 0.00 seconds
    starting compilation...
    finished in 0.00 seconds. Local cache hits 1 (0.00s CPU time), remote cache hits 0 (0.00s CPU time), compiled 0 variants (0.00s CPU time), skipped 0 variants
    Prepared data for serialisation in 0.00s
Compiling shader "Hidden/Internal-DebugPattern" pass "Target only DepthStencil" (fp)
    Full variant space:         1
    After settings filtering:   1
    After built-in stripping:   1
    After scriptable stripping: 1
    Processed in 0.00 seconds
    starting compilation...
    finished in 0.00 seconds. Local cache hits 1 (0.00s CPU time), remote cache hits 0 (0.00s CPU time), compiled 0 variants (0.00s CPU time), skipped 0 variants
    Prepared data for serialisation in 0.00s
Serialized binary data for shader Hidden/Internal-DebugPattern in 0.00s
    d3d11 (total internal programs: 6, unique: 4)
Compiling shader "Hidden/Internal-GUITextureClip" pass "" (vp)
    Full variant space:         1
    After settings filtering:   1
    After built-in stripping:   1
    After scriptable stripping: 1
    Processed in 0.00 seconds
    starting compilation...
    finished in 0.00 seconds. Local cache hits 1 (0.00s CPU time), remote cache hits 0 (0.00s CPU time), compiled 0 variants (0.00s CPU time), skipped 0 variants
    Prepared data for serialisation in 0.00s
Compiling shader "Hidden/Internal-GUITextureClip" pass "" (fp)
    Full variant space:         1
    After settings filtering:   1
    After built-in stripping:   1
    After scriptable stripping: 1
    Processed in 0.00 seconds
    starting compilation...
    finished in 0.00 seconds. Local cache hits 1 (0.00s CPU time), remote cache hits 0 (0.00s CPU time), compiled 0 variants (0.00s CPU time), skipped 0 variants
    Prepared data for serialisation in 0.00s
Compiling shader "Hidden/Internal-GUITextureClip" pass "" (vp)
    Full variant space:         1
    After settings filtering:   1
    After built-in stripping:   1
    After scriptable stripping: 1
    Processed in 0.00 seconds
    starting compilation...
    finished in 0.00 seconds. Local cache hits 1 (0.00s CPU time), remote cache hits 0 (0.00s CPU time), compiled 0 variants (0.00s CPU time), skipped 0 variants
    Prepared data for serialisation in 0.00s
Compiling shader "Hidden/Internal-GUITextureClip" pass "" (fp)
    Full variant space:         1
    After settings filtering:   1
    After built-in stripping:   1
    After scriptable stripping: 1
    Processed in 0.00 seconds
    starting compilation...
    finished in 0.00 seconds. Local cache hits 1 (0.00s CPU time), remote cache hits 0 (0.00s CPU time), compiled 0 variants (0.00s CPU time), skipped 0 variants
    Prepared data for serialisation in 0.00s
Serialized binary data for shader Hidden/Internal-GUITextureClip in 0.00s
    d3d11 (total internal programs: 4, unique: 2)
Compiling shader "Hidden/Internal-GUITextureClipText" pass "" (vp)
    Full variant space:         1
    After settings filtering:   1
    After built-in stripping:   1
    After scriptable stripping: 1
    Processed in 0.00 seconds
    starting compilation...
    finished in 0.00 seconds. Local cache hits 1 (0.00s CPU time), remote cache hits 0 (0.00s CPU time), compiled 0 variants (0.00s CPU time), skipped 0 variants
    Prepared data for serialisation in 0.00s
Compiling shader "Hidden/Internal-GUITextureClipText" pass "" (fp)
    Full variant space:         1
    After settings filtering:   1
    After built-in stripping:   1
    After scriptable stripping: 1
    Processed in 0.00 seconds
    starting compilation...
    finished in 0.00 seconds. Local cache hits 1 (0.00s CPU time), remote cache hits 0 (0.00s CPU time), compiled 0 variants (0.00s CPU time), skipped 0 variants
    Prepared data for serialisation in 0.00s
Compiling shader "Hidden/Internal-GUITextureClipText" pass "" (vp)
    Full variant space:         1
    After settings filtering:   1
    After built-in stripping:   1
    After scriptable stripping: 1
    Processed in 0.00 seconds
    starting compilation...
    finished in 0.00 seconds. Local cache hits 1 (0.00s CPU time), remote cache hits 0 (0.00s CPU time), compiled 0 variants (0.00s CPU time), skipped 0 variants
    Prepared data for serialisation in 0.00s
Compiling shader "Hidden/Internal-GUITextureClipText" pass "" (fp)
    Full variant space:         1
    After settings filtering:   1
    After built-in stripping:   1
    After scriptable stripping: 1
    Processed in 0.00 seconds
    starting compilation...
    finished in 0.00 seconds. Local cache hits 1 (0.00s CPU time), remote cache hits 0 (0.00s CPU time), compiled 0 variants (0.00s CPU time), skipped 0 variants
    Prepared data for serialisation in 0.00s
Serialized binary data for shader Hidden/Internal-GUITextureClipText in 0.00s
    d3d11 (total internal programs: 4, unique: 2)
Compiling shader "Hidden/Internal-GUITexture" pass "" (vp)
    Full variant space:         1
    After settings filtering:   1
    After built-in stripping:   1
    After scriptable stripping: 1
    Processed in 0.00 seconds
    starting compilation...
    finished in 0.00 seconds. Local cache hits 1 (0.00s CPU time), remote cache hits 0 (0.00s CPU time), compiled 0 variants (0.00s CPU time), skipped 0 variants
    Prepared data for serialisation in 0.00s
Compiling shader "Hidden/Internal-GUITexture" pass "" (fp)
    Full variant space:         1
    After settings filtering:   1
    After built-in stripping:   1
    After scriptable stripping: 1
    Processed in 0.00 seconds
    starting compilation...
    finished in 0.00 seconds. Local cache hits 1 (0.00s CPU time), remote cache hits 0 (0.00s CPU time), compiled 0 variants (0.00s CPU time), skipped 0 variants
    Prepared data for serialisation in 0.00s
Compiling shader "Hidden/Internal-GUITexture" pass "" (vp)
    Full variant space:         1
    After settings filtering:   1
    After built-in stripping:   1
    After scriptable stripping: 1
    Processed in 0.00 seconds
    starting compilation...
    finished in 0.00 seconds. Local cache hits 1 (0.00s CPU time), remote cache hits 0 (0.00s CPU time), compiled 0 variants (0.00s CPU time), skipped 0 variants
    Prepared data for serialisation in 0.00s
Compiling shader "Hidden/Internal-GUITexture" pass "" (fp)
    Full variant space:         1
    After settings filtering:   1
    After built-in stripping:   1
    After scriptable stripping: 1
    Processed in 0.00 seconds
    starting compilation...
    finished in 0.00 seconds. Local cache hits 1 (0.00s CPU time), remote cache hits 0 (0.00s CPU time), compiled 0 variants (0.00s CPU time), skipped 0 variants
    Prepared data for serialisation in 0.00s
Serialized binary data for shader Hidden/Internal-GUITexture in 0.00s
    d3d11 (total internal programs: 4, unique: 2)
Compiling shader "Hidden/Internal-GUITextureBlit" pass "" (vp)
    Full variant space:         1
    After settings filtering:   1
    After built-in stripping:   1
    After scriptable stripping: 1
    Processed in 0.00 seconds
    starting compilation...
    finished in 0.00 seconds. Local cache hits 1 (0.00s CPU time), remote cache hits 0 (0.00s CPU time), compiled 0 variants (0.00s CPU time), skipped 0 variants
    Prepared data for serialisation in 0.00s
Compiling shader "Hidden/Internal-GUITextureBlit" pass "" (fp)
    Full variant space:         1
    After settings filtering:   1
    After built-in stripping:   1
    After scriptable stripping: 1
    Processed in 0.00 seconds
    starting compilation...
    finished in 0.00 seconds. Local cache hits 1 (0.00s CPU time), remote cache hits 0 (0.00s CPU time), compiled 0 variants (0.00s CPU time), skipped 0 variants
    Prepared data for serialisation in 0.00s
Compiling shader "Hidden/Internal-GUITextureBlit" pass "" (vp)
    Full variant space:         1
    After settings filtering:   1
    After built-in stripping:   1
    After scriptable stripping: 1
    Processed in 0.00 seconds
    starting compilation...
    finished in 0.00 seconds. Local cache hits 1 (0.00s CPU time), remote cache hits 0 (0.00s CPU time), compiled 0 variants (0.00s CPU time), skipped 0 variants
    Prepared data for serialisation in 0.00s
Compiling shader "Hidden/Internal-GUITextureBlit" pass "" (fp)
    Full variant space:         1
    After settings filtering:   1
    After built-in stripping:   1
    After scriptable stripping: 1
    Processed in 0.00 seconds
    starting compilation...
    finished in 0.00 seconds. Local cache hits 1 (0.00s CPU time), remote cache hits 0 (0.00s CPU time), compiled 0 variants (0.00s CPU time), skipped 0 variants
    Prepared data for serialisation in 0.00s
Serialized binary data for shader Hidden/Internal-GUITextureBlit in 0.00s
    d3d11 (total internal programs: 4, unique: 2)
Compiling shader "Hidden/Internal-GUIRoundedRect" pass "" (vp)
    Full variant space:         1
    After settings filtering:   1
    After built-in stripping:   1
    After scriptable stripping: 1
    Processed in 0.00 seconds
    starting compilation...
    finished in 0.00 seconds. Local cache hits 1 (0.00s CPU time), remote cache hits 0 (0.00s CPU time), compiled 0 variants (0.00s CPU time), skipped 0 variants
    Prepared data for serialisation in 0.00s
Compiling shader "Hidden/Internal-GUIRoundedRect" pass "" (fp)
    Full variant space:         1
    After settings filtering:   1
    After built-in stripping:   1
    After scriptable stripping: 1
    Processed in 0.00 seconds
    starting compilation...
    finished in 0.00 seconds. Local cache hits 1 (0.00s CPU time), remote cache hits 0 (0.00s CPU time), compiled 0 variants (0.00s CPU time), skipped 0 variants
    Prepared data for serialisation in 0.00s
Compiling shader "Hidden/Internal-GUIRoundedRect" pass "" (vp)
    Full variant space:         1
    After settings filtering:   1
    After built-in stripping:   1
    After scriptable stripping: 1
    Processed in 0.00 seconds
    starting compilation...
    finished in 0.00 seconds. Local cache hits 1 (0.00s CPU time), remote cache hits 0 (0.00s CPU time), compiled 0 variants (0.00s CPU time), skipped 0 variants
    Prepared data for serialisation in 0.00s
Compiling shader "Hidden/Internal-GUIRoundedRect" pass "" (fp)
    Full variant space:         1
    After settings filtering:   1
    After built-in stripping:   1
    After scriptable stripping: 1
    Processed in 0.00 seconds
    starting compilation...
    finished in 0.00 seconds. Local cache hits 1 (0.00s CPU time), remote cache hits 0 (0.00s CPU time), compiled 0 variants (0.00s CPU time), skipped 0 variants
    Prepared data for serialisation in 0.00s
Serialized binary data for shader Hidden/Internal-GUIRoundedRect in 0.00s
    d3d11 (total internal programs: 4, unique: 2)
Compiling shader "Hidden/Internal-GUIRoundedRectWithColorPerBorder" pass "" (vp)
    Full variant space:         1
    After settings filtering:   1
    After built-in stripping:   1
    After scriptable stripping: 1
    Processed in 0.00 seconds
    starting compilation...
    finished in 0.00 seconds. Local cache hits 1 (0.00s CPU time), remote cache hits 0 (0.00s CPU time), compiled 0 variants (0.00s CPU time), skipped 0 variants
    Prepared data for serialisation in 0.00s
Compiling shader "Hidden/Internal-GUIRoundedRectWithColorPerBorder" pass "" (fp)
    Full variant space:         1
    After settings filtering:   1
    After built-in stripping:   1
    After scriptable stripping: 1
    Processed in 0.00 seconds
    starting compilation...
    finished in 0.00 seconds. Local cache hits 1 (0.00s CPU time), remote cache hits 0 (0.00s CPU time), compiled 0 variants (0.00s CPU time), skipped 0 variants
    Prepared data for serialisation in 0.00s
Compiling shader "Hidden/Internal-GUIRoundedRectWithColorPerBorder" pass "" (vp)
    Full variant space:         1
    After settings filtering:   1
    After built-in stripping:   1
    After scriptable stripping: 1
    Processed in 0.00 seconds
    starting compilation...
    finished in 0.00 seconds. Local cache hits 1 (0.00s CPU time), remote cache hits 0 (0.00s CPU time), compiled 0 variants (0.00s CPU time), skipped 0 variants
    Prepared data for serialisation in 0.00s
Compiling shader "Hidden/Internal-GUIRoundedRectWithColorPerBorder" pass "" (fp)
    Full variant space:         1
    After settings filtering:   1
    After built-in stripping:   1
    After scriptable stripping: 1
    Processed in 0.00 seconds
    starting compilation...
    finished in 0.00 seconds. Local cache hits 1 (0.00s CPU time), remote cache hits 0 (0.00s CPU time), compiled 0 variants (0.00s CPU time), skipped 0 variants
    Prepared data for serialisation in 0.00s
Serialized binary data for shader Hidden/Internal-GUIRoundedRectWithColorPerBorder in 0.00s
    d3d11 (total internal programs: 4, unique: 2)
Compiling shader "Hidden/Internal-UIRDefault" pass "" (vp)
    Full variant space:         1
    After settings filtering:   1
    After built-in stripping:   1
    After scriptable stripping: 1
    Processed in 0.00 seconds
    starting compilation...
    finished in 0.00 seconds. Local cache hits 1 (0.00s CPU time), remote cache hits 0 (0.00s CPU time), compiled 0 variants (0.00s CPU time), skipped 0 variants
    Prepared data for serialisation in 0.00s
Compiling shader "Hidden/Internal-UIRDefault" pass "" (fp)
    Full variant space:         1
    After settings filtering:   1
    After built-in stripping:   1
    After scriptable stripping: 1
    Processed in 0.00 seconds
    starting compilation...
    finished in 0.00 seconds. Local cache hits 1 (0.00s CPU time), remote cache hits 0 (0.00s CPU time), compiled 0 variants (0.00s CPU time), skipped 0 variants
    Prepared data for serialisation in 0.00s
Compiling shader "Hidden/Internal-UIRDefault" pass "" (vp)
    Full variant space:         1
    After settings filtering:   1
    After built-in stripping:   1
    After scriptable stripping: 1
    Processed in 0.00 seconds
    starting compilation...
    finished in 0.00 seconds. Local cache hits 1 (0.00s CPU time), remote cache hits 0 (0.00s CPU time), compiled 0 variants (0.00s CPU time), skipped 0 variants
    Prepared data for serialisation in 0.00s
Compiling shader "Hidden/Internal-UIRDefault" pass "" (fp)
    Full variant space:         1
    After settings filtering:   1
    After built-in stripping:   1
    After scriptable stripping: 1
    Processed in 0.00 seconds
    starting compilation...
    finished in 0.00 seconds. Local cache hits 1 (0.00s CPU time), remote cache hits 0 (0.00s CPU time), compiled 0 variants (0.00s CPU time), skipped 0 variants
    Prepared data for serialisation in 0.00s
Serialized binary data for shader Hidden/Internal-UIRDefault in 0.00s
    d3d11 (total internal programs: 4, unique: 4)
Compiling shader "Hidden/Internal-UIRAtlasBlitCopy" pass "" (vp)
    Full variant space:         1
    After settings filtering:   1
    After built-in stripping:   1
    After scriptable stripping: 1
    Processed in 0.00 seconds
    starting compilation...
    finished in 0.00 seconds. Local cache hits 1 (0.00s CPU time), remote cache hits 0 (0.00s CPU time), compiled 0 variants (0.00s CPU time), skipped 0 variants
    Prepared data for serialisation in 0.00s
Compiling shader "Hidden/Internal-UIRAtlasBlitCopy" pass "" (fp)
    Full variant space:         1
    After settings filtering:   1
    After built-in stripping:   1
    After scriptable stripping: 1
    Processed in 0.00 seconds
    starting compilation...
    finished in 0.00 seconds. Local cache hits 1 (0.00s CPU time), remote cache hits 0 (0.00s CPU time), compiled 0 variants (0.00s CPU time), skipped 0 variants
    Prepared data for serialisation in 0.00s
Serialized binary data for shader Hidden/Internal-UIRAtlasBlitCopy in 0.00s
    d3d11 (total internal programs: 2, unique: 2)
Compiling shader "Hidden/Internal-UIRDefaultWorld" pass "" (vp)
    Full variant space:         1
    After settings filtering:   1
    After built-in stripping:   1
    After scriptable stripping: 1
    Processed in 0.00 seconds
    starting compilation...
    finished in 0.00 seconds. Local cache hits 1 (0.00s CPU time), remote cache hits 0 (0.00s CPU time), compiled 0 variants (0.00s CPU time), skipped 0 variants
    Prepared data for serialisation in 0.00s
Compiling shader "Hidden/Internal-UIRDefaultWorld" pass "" (fp)
    Full variant space:         1
    After settings filtering:   1
    After built-in stripping:   1
    After scriptable stripping: 1
    Processed in 0.00 seconds
    starting compilation...
    finished in 0.00 seconds. Local cache hits 1 (0.00s CPU time), remote cache hits 0 (0.00s CPU time), compiled 0 variants (0.00s CPU time), skipped 0 variants
    Prepared data for serialisation in 0.00s
Compiling shader "Hidden/Internal-UIRDefaultWorld" pass "" (vp)
    Full variant space:         1
    After settings filtering:   1
    After built-in stripping:   1
    After scriptable stripping: 1
    Processed in 0.00 seconds
    starting compilation...
    finished in 0.00 seconds. Local cache hits 1 (0.00s CPU time), remote cache hits 0 (0.00s CPU time), compiled 0 variants (0.00s CPU time), skipped 0 variants
    Prepared data for serialisation in 0.00s
Compiling shader "Hidden/Internal-UIRDefaultWorld" pass "" (fp)
    Full variant space:         1
    After settings filtering:   1
    After built-in stripping:   1
    After scriptable stripping: 1
    Processed in 0.00 seconds
    starting compilation...
    finished in 0.00 seconds. Local cache hits 1 (0.00s CPU time), remote cache hits 0 (0.00s CPU time), compiled 0 variants (0.00s CPU time), skipped 0 variants
    Prepared data for serialisation in 0.00s
Serialized binary data for shader Hidden/Internal-UIRDefaultWorld in 0.00s
    d3d11 (total internal programs: 4, unique: 4)
Compiling shader "Sprites/Default" pass "" (vp)
    Full variant space:         8
    After settings filtering:   8
    After built-in stripping:   4
    After scriptable stripping: 4
    Processed in 0.00 seconds
    starting compilation...
    finished in 0.00 seconds. Local cache hits 4 (0.00s CPU time), remote cache hits 0 (0.00s CPU time), compiled 0 variants (0.00s CPU time), skipped 0 variants
    Prepared data for serialisation in 0.00s
Compiling shader "Sprites/Default" pass "" (fp)
    Full variant space:         8
    After settings filtering:   8
    After built-in stripping:   4
    After scriptable stripping: 4
    Processed in 0.00 seconds
    starting compilation...
    finished in 0.00 seconds. Local cache hits 4 (0.00s CPU time), remote cache hits 0 (0.00s CPU time), compiled 0 variants (0.00s CPU time), skipped 0 variants
    Prepared data for serialisation in 0.00s
Serialized binary data for shader Sprites/Default in 0.00s
    d3d11 (total internal programs: 8, unique: 8)
Compiling shader "Sprites/Mask" pass "" (vp)
    Full variant space:         4
    After settings filtering:   4
    After built-in stripping:   4
    After scriptable stripping: 4
    Processed in 0.00 seconds
    starting compilation...
    finished in 0.00 seconds. Local cache hits 4 (0.00s CPU time), remote cache hits 0 (0.00s CPU time), compiled 0 variants (0.00s CPU time), skipped 0 variants
    Prepared data for serialisation in 0.00s
Compiling shader "Sprites/Mask" pass "" (fp)
    Full variant space:         4
    After settings filtering:   4
    After built-in stripping:   4
    After scriptable stripping: 4
    Processed in 0.00 seconds
    starting compilation...
    finished in 0.00 seconds. Local cache hits 4 (0.00s CPU time), remote cache hits 0 (0.00s CPU time), compiled 0 variants (0.00s CPU time), skipped 0 variants
    Prepared data for serialisation in 0.00s
Serialized binary data for shader Sprites/Mask in 0.00s
    d3d11 (total internal programs: 8, unique: 8)
Compiling shader "UI/Default" pass "Default" (vp)
    Full variant space:         4
    After settings filtering:   4
    After built-in stripping:   4
    After scriptable stripping: 4
    Processed in 0.00 seconds
    starting compilation...
    finished in 0.00 seconds. Local cache hits 4 (0.00s CPU time), remote cache hits 0 (0.00s CPU time), compiled 0 variants (0.00s CPU time), skipped 0 variants
    Prepared data for serialisation in 0.00s
Compiling shader "UI/Default" pass "Default" (fp)
    Full variant space:         4
    After settings filtering:   4
    After built-in stripping:   4
    After scriptable stripping: 4
    Processed in 0.00 seconds
    starting compilation...
    finished in 0.00 seconds. Local cache hits 4 (0.00s CPU time), remote cache hits 0 (0.00s CPU time), compiled 0 variants (0.00s CPU time), skipped 0 variants
    Prepared data for serialisation in 0.00s
Serialized binary data for shader UI/Default in 0.00s
    d3d11 (total internal programs: 8, unique: 8)
Compiling shader "UI/DefaultETC1" pass "Default" (vp)
    Full variant space:         4
    After settings filtering:   4
    After built-in stripping:   4
    After scriptable stripping: 4
    Processed in 0.00 seconds
    starting compilation...
    finished in 0.00 seconds. Local cache hits 4 (0.00s CPU time), remote cache hits 0 (0.00s CPU time), compiled 0 variants (0.00s CPU time), skipped 0 variants
    Prepared data for serialisation in 0.00s
Compiling shader "UI/DefaultETC1" pass "Default" (fp)
    Full variant space:         4
    After settings filtering:   4
    After built-in stripping:   4
    After scriptable stripping: 4
    Processed in 0.00 seconds
    starting compilation...
    finished in 0.00 seconds. Local cache hits 4 (0.00s CPU time), remote cache hits 0 (0.00s CPU time), compiled 0 variants (0.00s CPU time), skipped 0 variants
    Prepared data for serialisation in 0.00s
Serialized binary data for shader UI/DefaultETC1 in 0.00s
    d3d11 (total internal programs: 8, unique: 8)
Compiling shader "Hidden/CubeBlur" pass "" (vp)
    Full variant space:         1
    After settings filtering:   1
    After built-in stripping:   1
    After scriptable stripping: 1
    Processed in 0.00 seconds
    starting compilation...
    finished in 0.00 seconds. Local cache hits 1 (0.00s CPU time), remote cache hits 0 (0.00s CPU time), compiled 0 variants (0.00s CPU time), skipped 0 variants
    Prepared data for serialisation in 0.00s
Compiling shader "Hidden/CubeBlur" pass "" (fp)
    Full variant space:         1
    After settings filtering:   1
    After built-in stripping:   1
    After scriptable stripping: 1
    Processed in 0.00 seconds
    starting compilation...
    finished in 0.00 seconds. Local cache hits 1 (0.00s CPU time), remote cache hits 0 (0.00s CPU time), compiled 0 variants (0.00s CPU time), skipped 0 variants
    Prepared data for serialisation in 0.00s
Compiling shader "Hidden/CubeBlur" pass "" (vp)
    Full variant space:         1
    After settings filtering:   1
    After built-in stripping:   1
    After scriptable stripping: 1
    Processed in 0.00 seconds
    starting compilation...
    finished in 0.00 seconds. Local cache hits 1 (0.00s CPU time), remote cache hits 0 (0.00s CPU time), compiled 0 variants (0.00s CPU time), skipped 0 variants
    Prepared data for serialisation in 0.00s
Compiling shader "Hidden/CubeBlur" pass "" (fp)
    Full variant space:         1
    After settings filtering:   1
    After built-in stripping:   1
    After scriptable stripping: 1
    Processed in 0.00 seconds
    starting compilation...
    finished in 0.00 seconds. Local cache hits 1 (0.00s CPU time), remote cache hits 0 (0.00s CPU time), compiled 0 variants (0.00s CPU time), skipped 0 variants
    Prepared data for serialisation in 0.00s
Serialized binary data for shader Hidden/CubeBlur in 0.00s
    d3d11 (total internal programs: 4, unique: 3)
Compiling shader "Hidden/CubeCopy" pass "" (vp)
    Full variant space:         1
    After settings filtering:   1
    After built-in stripping:   1
    After scriptable stripping: 1
    Processed in 0.00 seconds
    starting compilation...
    finished in 0.00 seconds. Local cache hits 1 (0.00s CPU time), remote cache hits 0 (0.00s CPU time), compiled 0 variants (0.00s CPU time), skipped 0 variants
    Prepared data for serialisation in 0.00s
Compiling shader "Hidden/CubeCopy" pass "" (fp)
    Full variant space:         1
    After settings filtering:   1
    After built-in stripping:   1
    After scriptable stripping: 1
    Processed in 0.00 seconds
    starting compilation...
    finished in 0.00 seconds. Local cache hits 1 (0.00s CPU time), remote cache hits 0 (0.00s CPU time), compiled 0 variants (0.00s CPU time), skipped 0 variants
    Prepared data for serialisation in 0.00s
Compiling shader "Hidden/CubeCopy" pass "" (vp)
    Full variant space:         1
    After settings filtering:   1
    After built-in stripping:   1
    After scriptable stripping: 1
    Processed in 0.00 seconds
    starting compilation...
    finished in 0.00 seconds. Local cache hits 1 (0.00s CPU time), remote cache hits 0 (0.00s CPU time), compiled 0 variants (0.00s CPU time), skipped 0 variants
    Prepared data for serialisation in 0.00s
Compiling shader "Hidden/CubeCopy" pass "" (fp)
    Full variant space:         1
    After settings filtering:   1
    After built-in stripping:   1
    After scriptable stripping: 1
    Processed in 0.00 seconds
    starting compilation...
    finished in 0.00 seconds. Local cache hits 1 (0.00s CPU time), remote cache hits 0 (0.00s CPU time), compiled 0 variants (0.00s CPU time), skipped 0 variants
    Prepared data for serialisation in 0.00s
Serialized binary data for shader Hidden/CubeCopy in 0.00s
    d3d11 (total internal programs: 4, unique: 2)
Compiling shader "Hidden/CubeBlend" pass "" (vp)
    Full variant space:         1
    After settings filtering:   1
    After built-in stripping:   1
    After scriptable stripping: 1
    Processed in 0.00 seconds
    starting compilation...
    finished in 0.00 seconds. Local cache hits 1 (0.00s CPU time), remote cache hits 0 (0.00s CPU time), compiled 0 variants (0.00s CPU time), skipped 0 variants
    Prepared data for serialisation in 0.00s
Compiling shader "Hidden/CubeBlend" pass "" (fp)
    Full variant space:         1
    After settings filtering:   1
    After built-in stripping:   1
    After scriptable stripping: 1
    Processed in 0.00 seconds
    starting compilation...
    finished in 0.00 seconds. Local cache hits 1 (0.00s CPU time), remote cache hits 0 (0.00s CPU time), compiled 0 variants (0.00s CPU time), skipped 0 variants
    Prepared data for serialisation in 0.00s
Compiling shader "Hidden/CubeBlend" pass "" (vp)
    Full variant space:         1
    After settings filtering:   1
    After built-in stripping:   1
    After scriptable stripping: 1
    Processed in 0.00 seconds
    starting compilation...
    finished in 0.00 seconds. Local cache hits 1 (0.00s CPU time), remote cache hits 0 (0.00s CPU time), compiled 0 variants (0.00s CPU time), skipped 0 variants
    Prepared data for serialisation in 0.00s
Compiling shader "Hidden/CubeBlend" pass "" (fp)
    Full variant space:         1
    After settings filtering:   1
    After built-in stripping:   1
    After scriptable stripping: 1
    Processed in 0.00 seconds
    starting compilation...
    finished in 0.00 seconds. Local cache hits 1 (0.00s CPU time), remote cache hits 0 (0.00s CPU time), compiled 0 variants (0.00s CPU time), skipped 0 variants
    Prepared data for serialisation in 0.00s
Serialized binary data for shader Hidden/CubeBlend in 0.00s
    d3d11 (total internal programs: 4, unique: 2)
Compiling shader "Hidden/VR/BlitTexArraySlice" pass "" (vp)
    Full variant space:         1
    After settings filtering:   1
    After built-in stripping:   1
    After scriptable stripping: 1
    Processed in 0.00 seconds
    starting compilation...
    finished in 0.00 seconds. Local cache hits 1 (0.00s CPU time), remote cache hits 0 (0.00s CPU time), compiled 0 variants (0.00s CPU time), skipped 0 variants
    Prepared data for serialisation in 0.00s
Compiling shader "Hidden/VR/BlitTexArraySlice" pass "" (fp)
    Full variant space:         1
    After settings filtering:   1
    After built-in stripping:   1
    After scriptable stripping: 1
    Processed in 0.00 seconds
    starting compilation...
    finished in 0.00 seconds. Local cache hits 1 (0.00s CPU time), remote cache hits 0 (0.00s CPU time), compiled 0 variants (0.00s CPU time), skipped 0 variants
    Prepared data for serialisation in 0.00s
Serialized binary data for shader Hidden/VR/BlitTexArraySlice in 0.00s
    d3d11 (total internal programs: 2, unique: 2)
Compiling shader "Hidden/Internal-ODSWorldTexture" pass "" (vp)
    Full variant space:         1
    After settings filtering:   1
    After built-in stripping:   1
    After scriptable stripping: 1
    Processed in 0.00 seconds
    starting compilation...
    finished in 0.00 seconds. Local cache hits 1 (0.00s CPU time), remote cache hits 0 (0.00s CPU time), compiled 0 variants (0.00s CPU time), skipped 0 variants
    Prepared data for serialisation in 0.00s
Compiling shader "Hidden/Internal-ODSWorldTexture" pass "" (fp)
    Full variant space:         1
    After settings filtering:   1
    After built-in stripping:   1
    After scriptable stripping: 1
    Processed in 0.00 seconds
    starting compilation...
    finished in 0.00 seconds. Local cache hits 1 (0.00s CPU time), remote cache hits 0 (0.00s CPU time), compiled 0 variants (0.00s CPU time), skipped 0 variants
    Prepared data for serialisation in 0.00s
Compiling shader "Hidden/Internal-ODSWorldTexture" pass "" (vp)
    Full variant space:         1
    After settings filtering:   1
    After built-in stripping:   1
    After scriptable stripping: 1
    Processed in 0.00 seconds
    starting compilation...
    finished in 0.00 seconds. Local cache hits 1 (0.00s CPU time), remote cache hits 0 (0.00s CPU time), compiled 0 variants (0.00s CPU time), skipped 0 variants
    Prepared data for serialisation in 0.00s
Compiling shader "Hidden/Internal-ODSWorldTexture" pass "" (fp)
    Full variant space:         1
    After settings filtering:   1
    After built-in stripping:   1
    After scriptable stripping: 1
    Processed in 0.00 seconds
    starting compilation...
    finished in 0.00 seconds. Local cache hits 1 (0.00s CPU time), remote cache hits 0 (0.00s CPU time), compiled 0 variants (0.00s CPU time), skipped 0 variants
    Prepared data for serialisation in 0.00s
Compiling shader "Hidden/Internal-ODSWorldTexture" pass "" (vp)
    Full variant space:         1
    After settings filtering:   1
    After built-in stripping:   1
    After scriptable stripping: 1
    Processed in 0.00 seconds
    starting compilation...
    finished in 0.00 seconds. Local cache hits 1 (0.00s CPU time), remote cache hits 0 (0.00s CPU time), compiled 0 variants (0.00s CPU time), skipped 0 variants
    Prepared data for serialisation in 0.00s
Compiling shader "Hidden/Internal-ODSWorldTexture" pass "" (fp)
    Full variant space:         1
    After settings filtering:   1
    After built-in stripping:   1
    After scriptable stripping: 1
    Processed in 0.00 seconds
    starting compilation...
    finished in 0.00 seconds. Local cache hits 1 (0.00s CPU time), remote cache hits 0 (0.00s CPU time), compiled 0 variants (0.00s CPU time), skipped 0 variants
    Prepared data for serialisation in 0.00s
Compiling shader "Hidden/Internal-ODSWorldTexture" pass "" (vp)
    Full variant space:         1
    After settings filtering:   1
    After built-in stripping:   1
    After scriptable stripping: 1
    Processed in 0.00 seconds
    starting compilation...
    finished in 0.00 seconds. Local cache hits 1 (0.00s CPU time), remote cache hits 0 (0.00s CPU time), compiled 0 variants (0.00s CPU time), skipped 0 variants
    Prepared data for serialisation in 0.00s
Compiling shader "Hidden/Internal-ODSWorldTexture" pass "" (fp)
    Full variant space:         1
    After settings filtering:   1
    After built-in stripping:   1
    After scriptable stripping: 1
    Processed in 0.00 seconds
    starting compilation...
    finished in 0.00 seconds. Local cache hits 1 (0.00s CPU time), remote cache hits 0 (0.00s CPU time), compiled 0 variants (0.00s CPU time), skipped 0 variants
    Prepared data for serialisation in 0.00s
Compiling shader "Hidden/Internal-ODSWorldTexture" pass "" (vp)
    Full variant space:         1
    After settings filtering:   1
    After built-in stripping:   1
    After scriptable stripping: 1
    Processed in 0.00 seconds
    starting compilation...
    finished in 0.00 seconds. Local cache hits 1 (0.00s CPU time), remote cache hits 0 (0.00s CPU time), compiled 0 variants (0.00s CPU time), skipped 0 variants
    Prepared data for serialisation in 0.00s
Compiling shader "Hidden/Internal-ODSWorldTexture" pass "" (fp)
    Full variant space:         1
    After settings filtering:   1
    After built-in stripping:   1
    After scriptable stripping: 1
    Processed in 0.00 seconds
    starting compilation...
    finished in 0.00 seconds. Local cache hits 1 (0.00s CPU time), remote cache hits 0 (0.00s CPU time), compiled 0 variants (0.00s CPU time), skipped 0 variants
    Prepared data for serialisation in 0.00s
Compiling shader "Hidden/Internal-ODSWorldTexture" pass "" (vp)
    Full variant space:         1
    After settings filtering:   1
    After built-in stripping:   1
    After scriptable stripping: 1
    Processed in 0.00 seconds
    starting compilation...
    finished in 0.00 seconds. Local cache hits 1 (0.00s CPU time), remote cache hits 0 (0.00s CPU time), compiled 0 variants (0.00s CPU time), skipped 0 variants
    Prepared data for serialisation in 0.00s
Compiling shader "Hidden/Internal-ODSWorldTexture" pass "" (fp)
    Full variant space:         1
    After settings filtering:   1
    After built-in stripping:   1
    After scriptable stripping: 1
    Processed in 0.00 seconds
    starting compilation...
    finished in 0.00 seconds. Local cache hits 1 (0.00s CPU time), remote cache hits 0 (0.00s CPU time), compiled 0 variants (0.00s CPU time), skipped 0 variants
    Prepared data for serialisation in 0.00s
Compiling shader "Hidden/Internal-ODSWorldTexture" pass "" (vp)
    Full variant space:         1
    After settings filtering:   1
    After built-in stripping:   1
    After scriptable stripping: 1
    Processed in 0.00 seconds
    starting compilation...
    finished in 0.00 seconds. Local cache hits 1 (0.00s CPU time), remote cache hits 0 (0.00s CPU time), compiled 0 variants (0.00s CPU time), skipped 0 variants
    Prepared data for serialisation in 0.00s
Compiling shader "Hidden/Internal-ODSWorldTexture" pass "" (fp)
    Full variant space:         1
    After settings filtering:   1
    After built-in stripping:   1
    After scriptable stripping: 1
    Processed in 0.00 seconds
    starting compilation...
    finished in 0.00 seconds. Local cache hits 1 (0.00s CPU time), remote cache hits 0 (0.00s CPU time), compiled 0 variants (0.00s CPU time), skipped 0 variants
    Prepared data for serialisation in 0.00s
Compiling shader "Hidden/Internal-ODSWorldTexture" pass "" (vp)
    Full variant space:         1
    After settings filtering:   1
    After built-in stripping:   1
    After scriptable stripping: 1
    Processed in 0.00 seconds
    starting compilation...
    finished in 0.00 seconds. Local cache hits 1 (0.00s CPU time), remote cache hits 0 (0.00s CPU time), compiled 0 variants (0.00s CPU time), skipped 0 variants
    Prepared data for serialisation in 0.00s
Compiling shader "Hidden/Internal-ODSWorldTexture" pass "" (fp)
    Full variant space:         1
    After settings filtering:   1
    After built-in stripping:   1
    After scriptable stripping: 1
    Processed in 0.00 seconds
    starting compilation...
    finished in 0.00 seconds. Local cache hits 1 (0.00s CPU time), remote cache hits 0 (0.00s CPU time), compiled 0 variants (0.00s CPU time), skipped 0 variants
    Prepared data for serialisation in 0.00s
Compiling shader "Hidden/Internal-ODSWorldTexture" pass "" (vp)
    Full variant space:         1
    After settings filtering:   1
    After built-in stripping:   1
    After scriptable stripping: 1
    Processed in 0.00 seconds
    starting compilation...
    finished in 0.00 seconds. Local cache hits 1 (0.00s CPU time), remote cache hits 0 (0.00s CPU time), compiled 0 variants (0.00s CPU time), skipped 0 variants
    Prepared data for serialisation in 0.00s
Compiling shader "Hidden/Internal-ODSWorldTexture" pass "" (fp)
    Full variant space:         1
    After settings filtering:   1
    After built-in stripping:   1
    After scriptable stripping: 1
    Processed in 0.00 seconds
    starting compilation...
    finished in 0.00 seconds. Local cache hits 1 (0.00s CPU time), remote cache hits 0 (0.00s CPU time), compiled 0 variants (0.00s CPU time), skipped 0 variants
    Prepared data for serialisation in 0.00s
Compiling shader "Hidden/Internal-ODSWorldTexture" pass "" (vp)
    Full variant space:         1
    After settings filtering:   1
    After built-in stripping:   1
    After scriptable stripping: 1
    Processed in 0.00 seconds
    starting compilation...
    finished in 0.00 seconds. Local cache hits 1 (0.00s CPU time), remote cache hits 0 (0.00s CPU time), compiled 0 variants (0.00s CPU time), skipped 0 variants
    Prepared data for serialisation in 0.00s
Compiling shader "Hidden/Internal-ODSWorldTexture" pass "" (fp)
    Full variant space:         1
    After settings filtering:   1
    After built-in stripping:   1
    After scriptable stripping: 1
    Processed in 0.00 seconds
    starting compilation...
    finished in 0.00 seconds. Local cache hits 1 (0.00s CPU time), remote cache hits 0 (0.00s CPU time), compiled 0 variants (0.00s CPU time), skipped 0 variants
    Prepared data for serialisation in 0.00s
Serialized binary data for shader Hidden/Internal-ODSWorldTexture in 0.00s
    d3d11 (total internal programs: 20, unique: 15)
Compiling shader "Hidden/Internal-CubemapToEquirect" pass "" (vp)
    Full variant space:         1
    After settings filtering:   1
    After built-in stripping:   1
    After scriptable stripping: 1
    Processed in 0.00 seconds
    starting compilation...
    finished in 0.00 seconds. Local cache hits 1 (0.00s CPU time), remote cache hits 0 (0.00s CPU time), compiled 0 variants (0.00s CPU time), skipped 0 variants
    Prepared data for serialisation in 0.00s
Compiling shader "Hidden/Internal-CubemapToEquirect" pass "" (fp)
    Full variant space:         1
    After settings filtering:   1
    After built-in stripping:   1
    After scriptable stripping: 1
    Processed in 0.00 seconds
    starting compilation...
    finished in 0.00 seconds. Local cache hits 1 (0.00s CPU time), remote cache hits 0 (0.00s CPU time), compiled 0 variants (0.00s CPU time), skipped 0 variants
    Prepared data for serialisation in 0.00s
Serialized binary data for shader Hidden/Internal-CubemapToEquirect in 0.00s
    d3d11 (total internal programs: 2, unique: 2)
Compiling shader "Hidden/VR/BlitFromTex2DToTexArraySlice" pass "" (vp)
    Full variant space:         1
    After settings filtering:   1
    After built-in stripping:   1
    After scriptable stripping: 1
    Processed in 0.00 seconds
    starting compilation...
    finished in 0.00 seconds. Local cache hits 1 (0.00s CPU time), remote cache hits 0 (0.00s CPU time), compiled 0 variants (0.00s CPU time), skipped 0 variants
    Prepared data for serialisation in 0.00s
Compiling shader "Hidden/VR/BlitFromTex2DToTexArraySlice" pass "" (fp)
    Full variant space:         1
    After settings filtering:   1
    After built-in stripping:   1
    After scriptable stripping: 1
    Processed in 0.00 seconds
    starting compilation...
    finished in 0.00 seconds. Local cache hits 1 (0.00s CPU time), remote cache hits 0 (0.00s CPU time), compiled 0 variants (0.00s CPU time), skipped 0 variants
    Prepared data for serialisation in 0.00s
Compiling shader "Hidden/VR/BlitFromTex2DToTexArraySlice" pass "" (vp)
    Full variant space:         1
    After settings filtering:   1
    After built-in stripping:   1
    After scriptable stripping: 1
    Processed in 0.00 seconds
    starting compilation...
    finished in 0.00 seconds. Local cache hits 1 (0.00s CPU time), remote cache hits 0 (0.00s CPU time), compiled 0 variants (0.00s CPU time), skipped 0 variants
    Prepared data for serialisation in 0.00s
Compiling shader "Hidden/VR/BlitFromTex2DToTexArraySlice" pass "" (fp)
    Full variant space:         1
    After settings filtering:   1
    After built-in stripping:   1
    After scriptable stripping: 1
    Processed in 0.00 seconds
    starting compilation...
    finished in 0.00 seconds. Local cache hits 1 (0.00s CPU time), remote cache hits 0 (0.00s CPU time), compiled 0 variants (0.00s CPU time), skipped 0 variants
    Prepared data for serialisation in 0.00s
Compiling shader "Hidden/VR/BlitFromTex2DToTexArraySlice" pass "" (gp)
    Full variant space:         1
    After settings filtering:   1
    After built-in stripping:   1
    After scriptable stripping: 1
    Processed in 0.00 seconds
    starting compilation...
    finished in 0.00 seconds. Local cache hits 1 (0.00s CPU time), remote cache hits 0 (0.00s CPU time), compiled 0 variants (0.00s CPU time), skipped 0 variants
    Prepared data for serialisation in 0.00s
Serialized binary data for shader Hidden/VR/BlitFromTex2DToTexArraySlice in 0.00s
    d3d11 (total internal programs: 5, unique: 5)
Compiling shader "Hidden/VideoComposite" pass "Default" (vp)
    Full variant space:         1
    After settings filtering:   1
    After built-in stripping:   1
    After scriptable stripping: 1
    Processed in 0.00 seconds
    starting compilation...
    finished in 0.00 seconds. Local cache hits 1 (0.00s CPU time), remote cache hits 0 (0.00s CPU time), compiled 0 variants (0.00s CPU time), skipped 0 variants
    Prepared data for serialisation in 0.00s
Compiling shader "Hidden/VideoComposite" pass "Default" (fp)
    Full variant space:         1
    After settings filtering:   1
    After built-in stripping:   1
    After scriptable stripping: 1
    Processed in 0.00 seconds
    starting compilation...
    finished in 0.00 seconds. Local cache hits 1 (0.00s CPU time), remote cache hits 0 (0.00s CPU time), compiled 0 variants (0.00s CPU time), skipped 0 variants
    Prepared data for serialisation in 0.00s
Serialized binary data for shader Hidden/VideoComposite in 0.00s
    d3d11 (total internal programs: 2, unique: 2)
Compiling shader "Hidden/VideoDecode" pass "YCbCr_To_RGB1" (vp)
    Full variant space:         2
    After settings filtering:   2
    After built-in stripping:   2
    After scriptable stripping: 2
    Processed in 0.00 seconds
    starting compilation...
    finished in 0.00 seconds. Local cache hits 2 (0.00s CPU time), remote cache hits 0 (0.00s CPU time), compiled 0 variants (0.00s CPU time), skipped 0 variants
    Prepared data for serialisation in 0.00s
Compiling shader "Hidden/VideoDecode" pass "YCbCr_To_RGB1" (fp)
    Full variant space:         2
    After settings filtering:   2
    After built-in stripping:   2
    After scriptable stripping: 2
    Processed in 0.00 seconds
    starting compilation...
    finished in 0.00 seconds. Local cache hits 2 (0.00s CPU time), remote cache hits 0 (0.00s CPU time), compiled 0 variants (0.00s CPU time), skipped 0 variants
    Prepared data for serialisation in 0.00s
Compiling shader "Hidden/VideoDecode" pass "YCbCrA_To_RGBAFull" (vp)
    Full variant space:         2
    After settings filtering:   2
    After built-in stripping:   2
    After scriptable stripping: 2
    Processed in 0.00 seconds
    starting compilation...
    finished in 0.00 seconds. Local cache hits 2 (0.00s CPU time), remote cache hits 0 (0.00s CPU time), compiled 0 variants (0.00s CPU time), skipped 0 variants
    Prepared data for serialisation in 0.00s
Compiling shader "Hidden/VideoDecode" pass "YCbCrA_To_RGBAFull" (fp)
    Full variant space:         2
    After settings filtering:   2
    After built-in stripping:   2
    After scriptable stripping: 2
    Processed in 0.00 seconds
    starting compilation...
    finished in 0.00 seconds. Local cache hits 2 (0.00s CPU time), remote cache hits 0 (0.00s CPU time), compiled 0 variants (0.00s CPU time), skipped 0 variants
    Prepared data for serialisation in 0.00s
Compiling shader "Hidden/VideoDecode" pass "YCbCrA_To_RGBA" (vp)
    Full variant space:         2
    After settings filtering:   2
    After built-in stripping:   2
    After scriptable stripping: 2
    Processed in 0.00 seconds
    starting compilation...
    finished in 0.00 seconds. Local cache hits 2 (0.00s CPU time), remote cache hits 0 (0.00s CPU time), compiled 0 variants (0.00s CPU time), skipped 0 variants
    Prepared data for serialisation in 0.00s
Compiling shader "Hidden/VideoDecode" pass "YCbCrA_To_RGBA" (fp)
    Full variant space:         2
    After settings filtering:   2
    After built-in stripping:   2
    After scriptable stripping: 2
    Processed in 0.00 seconds
    starting compilation...
    finished in 0.00 seconds. Local cache hits 2 (0.00s CPU time), remote cache hits 0 (0.00s CPU time), compiled 0 variants (0.00s CPU time), skipped 0 variants
    Prepared data for serialisation in 0.00s
Compiling shader "Hidden/VideoDecode" pass "Flip_RGBA_To_RGBA" (vp)
    Full variant space:         2
    After settings filtering:   2
    After built-in stripping:   2
    After scriptable stripping: 2
    Processed in 0.00 seconds
    starting compilation...
    finished in 0.00 seconds. Local cache hits 2 (0.00s CPU time), remote cache hits 0 (0.00s CPU time), compiled 0 variants (0.00s CPU time), skipped 0 variants
    Prepared data for serialisation in 0.00s
Compiling shader "Hidden/VideoDecode" pass "Flip_RGBA_To_RGBA" (fp)
    Full variant space:         2
    After settings filtering:   2
    After built-in stripping:   2
    After scriptable stripping: 2
    Processed in 0.00 seconds
    starting compilation...
    finished in 0.00 seconds. Local cache hits 2 (0.00s CPU time), remote cache hits 0 (0.00s CPU time), compiled 0 variants (0.00s CPU time), skipped 0 variants
    Prepared data for serialisation in 0.00s
Compiling shader "Hidden/VideoDecode" pass "Flip_RGBASplit_To_RGBA" (vp)
    Full variant space:         2
    After settings filtering:   2
    After built-in stripping:   2
    After scriptable stripping: 2
    Processed in 0.00 seconds
    starting compilation...
    finished in 0.00 seconds. Local cache hits 2 (0.00s CPU time), remote cache hits 0 (0.00s CPU time), compiled 0 variants (0.00s CPU time), skipped 0 variants
    Prepared data for serialisation in 0.00s
Compiling shader "Hidden/VideoDecode" pass "Flip_RGBASplit_To_RGBA" (fp)
    Full variant space:         2
    After settings filtering:   2
    After built-in stripping:   2
    After scriptable stripping: 2
    Processed in 0.00 seconds
    starting compilation...
    finished in 0.00 seconds. Local cache hits 2 (0.00s CPU time), remote cache hits 0 (0.00s CPU time), compiled 0 variants (0.00s CPU time), skipped 0 variants
    Prepared data for serialisation in 0.00s
Compiling shader "Hidden/VideoDecode" pass "Flip_NV12_To_RGB1" (vp)
    Full variant space:         2
    After settings filtering:   2
    After built-in stripping:   2
    After scriptable stripping: 2
    Processed in 0.00 seconds
    starting compilation...
    finished in 0.00 seconds. Local cache hits 2 (0.00s CPU time), remote cache hits 0 (0.00s CPU time), compiled 0 variants (0.00s CPU time), skipped 0 variants
    Prepared data for serialisation in 0.00s
Compiling shader "Hidden/VideoDecode" pass "Flip_NV12_To_RGB1" (fp)
    Full variant space:         2
    After settings filtering:   2
    After built-in stripping:   2
    After scriptable stripping: 2
    Processed in 0.00 seconds
    starting compilation...
    finished in 0.00 seconds. Local cache hits 2 (0.00s CPU time), remote cache hits 0 (0.00s CPU time), compiled 0 variants (0.00s CPU time), skipped 0 variants
    Prepared data for serialisation in 0.00s
Compiling shader "Hidden/VideoDecode" pass "Flip_NV12_To_RGBA" (vp)
    Full variant space:         2
    After settings filtering:   2
    After built-in stripping:   2
    After scriptable stripping: 2
    Processed in 0.00 seconds
    starting compilation...
    finished in 0.00 seconds. Local cache hits 2 (0.00s CPU time), remote cache hits 0 (0.00s CPU time), compiled 0 variants (0.00s CPU time), skipped 0 variants
    Prepared data for serialisation in 0.00s
Compiling shader "Hidden/VideoDecode" pass "Flip_NV12_To_RGBA" (fp)
    Full variant space:         2
    After settings filtering:   2
    After built-in stripping:   2
    After scriptable stripping: 2
    Processed in 0.00 seconds
    starting compilation...
    finished in 0.00 seconds. Local cache hits 2 (0.00s CPU time), remote cache hits 0 (0.00s CPU time), compiled 0 variants (0.00s CPU time), skipped 0 variants
    Prepared data for serialisation in 0.00s
Compiling shader "Hidden/VideoDecode" pass "Flip_P010_To_RGB1" (vp)
    Full variant space:         1
    After settings filtering:   1
    After built-in stripping:   1
    After scriptable stripping: 1
    Processed in 0.00 seconds
    starting compilation...
    finished in 0.00 seconds. Local cache hits 1 (0.00s CPU time), remote cache hits 0 (0.00s CPU time), compiled 0 variants (0.00s CPU time), skipped 0 variants
    Prepared data for serialisation in 0.00s
Compiling shader "Hidden/VideoDecode" pass "Flip_P010_To_RGB1" (fp)
    Full variant space:         1
    After settings filtering:   1
    After built-in stripping:   1
    After scriptable stripping: 1
    Processed in 0.00 seconds
    starting compilation...
    finished in 0.00 seconds. Local cache hits 1 (0.00s CPU time), remote cache hits 0 (0.00s CPU time), compiled 0 variants (0.00s CPU time), skipped 0 variants
    Prepared data for serialisation in 0.00s
Serialized binary data for shader Hidden/VideoDecode in 0.00s
    d3d11 (total internal programs: 30, unique: 19)
Compiling shader "Hidden/TextCore/Distance Field SSD" pass "" (vp)
    Full variant space:         1
    After settings filtering:   1
    After built-in stripping:   1
    After scriptable stripping: 1
    Processed in 0.00 seconds
    starting compilation...
    finished in 0.00 seconds. Local cache hits 1 (0.00s CPU time), remote cache hits 0 (0.00s CPU time), compiled 0 variants (0.00s CPU time), skipped 0 variants
    Prepared data for serialisation in 0.00s
Compiling shader "Hidden/TextCore/Distance Field SSD" pass "" (fp)
    Full variant space:         1
    After settings filtering:   1
    After built-in stripping:   1
    After scriptable stripping: 1
    Processed in 0.00 seconds
    starting compilation...
    finished in 0.00 seconds. Local cache hits 1 (0.00s CPU time), remote cache hits 0 (0.00s CPU time), compiled 0 variants (0.00s CPU time), skipped 0 variants
    Prepared data for serialisation in 0.00s
Serialized binary data for shader Hidden/TextCore/Distance Field SSD in 0.00s
    d3d11 (total internal programs: 2, unique: 2)
Starting: C:\Program Files\Tuanjie\Hub\Editor\2022.3.62t16\Editor\Data\bee_backend.exe --dont-print-to-structured-log --ipc --dagfile="Library/Bee/Player08cf5d18.dag" --profile="Library/Bee/backend1.traceevents" Player
WorkingDir: C:/Users/Admin/Documents/Codex/2026-10-06/unity-6-unity-emberward-3d-roguelite/outputs/StoneSignal
DisplayProgressbar: Incremental Player Build
C:/Users/Admin/Documents/Codex/2026-10-06/unity-6-unity-emberward-3d-roguelite/outputs/StoneSignal/Library/PackageCache/com.unity.burst@1.8.30-t2/.Runtime\bcl.exe exited after 1871 ms.
stdout:
Starting 1 library requests
Done
stderr:

ExitCode: 0 Duration: 1s971ms
Refreshing native plugins compatible for Editor in 2.05 ms, found 0 plugins.
Preloading 0 native plugins for Editor in 0.00 ms.

-------------------------------------------------------------------------------
Build Report
Uncompressed usage by category (Percentages based on user generated assets only):
Textures               4.9 mb	 71.8% 
Meshes                 1.1 mb	 16.4% 
Animations             0.0 kb	 0.0% 
Sounds                 0.0 kb	 0.0% 
Shaders                321.5 kb	 4.6% 
Other Assets           365.2 kb	 5.2% 
Levels                 0.0 kb	 0.0% 
Scripts                78.9 kb	 1.1% 
Included DLLs          0.0 kb	 0.0% 
File headers           63.2 kb	 0.9% 
Total User Assets      6.9 mb	 100.0% 
Complete build size    120.1 mb
Used Assets and files from the Resources folder, sorted by uncompressed size:
 2.7 mb	 2.2% Built-in Texture2D: Splash Screen Unity Logo
 257.0 kb	 0.2% Assets/Game/Art/Icons/ChillBeacon.png
 257.0 kb	 0.2% Assets/Game/Art/Icons/PulseBeacon.png
 257.0 kb	 0.2% Assets/Game/Art/Icons/BlockL.png
 257.0 kb	 0.2% Assets/Game/Art/Icons/NeedleBeacon.png
 257.0 kb	 0.2% Assets/Game/Art/Icons/BlockI.png
 257.0 kb	 0.2% Assets/Game/Art/Icons/BlockS.png
 256.9 kb	 0.2% Assets/Game/Art/Icons/SeismicBeacon.png
 256.9 kb	 0.2% Assets/Game/Art/Icons/BlockT.png
 256.9 kb	 0.2% Assets/Game/Art/Icons/BlockO.png
 120.5 kb	 0.1% Assets/Game/Art/Models/SeismicBeacon.fbx
 119.5 kb	 0.1% Assets/Game/Art/Models/PulseBeacon.fbx
 105.5 kb	 0.1% Assets/Game/Art/Models/ChillBeacon.fbx
 94.1 kb	 0.1% Assets/Game/Art/Models/RuinPillar.fbx
 87.3 kb	 0.1% Assets/Game/Art/Models/NeedleBeacon.fbx
 87.1 kb	 0.1% Assets/Game/Art/Models/SpawnPortal.fbx
 79.7 kb	 0.1% Packages/com.unity.render-pipelines.core/Runtime/Debugging/Prefabs/Fonts/PerfectDOSVGA437.ttf
 79.1 kb	 0.1% Assets/Game/Art/Models/Bulwark.fbx
 69.3 kb	 0.1% Assets/Game/Art/Models/Splitter.fbx
 68.5 kb	 0.1% Packages/com.unity.render-pipelines.universal/Shaders/Utils/CoreBlit.shader
 64.3 kb	 0.1% Assets/Game/Art/Models/Skimmer.fbx
 64.3 kb	 0.1% Assets/Game/Art/Models/Shard.fbx
 61.9 kb	 0.1% Assets/Game/Art/Models/Drifter.fbx
 59.7 kb	 0.0% Packages/com.unity.render-pipelines.core/Runtime/Debugging/Prefabs/Widgets/DebugUIBitField.prefab
 42.6 kb	 0.0% Packages/com.unity.render-pipelines.universal/Shaders/Lit.shader
 39.4 kb	 0.0% Assets/Game/Art/Models/SignalCore.fbx
 39.3 kb	 0.0% Assets/Game/Art/Models/Foliage.fbx
 32.0 kb	 0.0% Packages/com.unity.render-pipelines.universal/Shaders/ReprojectSRI.compute
 27.6 kb	 0.0% Assets/Game/Art/Models/Wall.fbx
 25.4 kb	 0.0% Assets/Game/Art/Models/TileB.fbx
 25.4 kb	 0.0% Assets/Game/Art/Models/TileA.fbx
 22.9 kb	 0.0% Assets/Game/Art/Models/Brazier.fbx
 19.6 kb	 0.0% Assets/Game/Art/Models/Cliff.fbx
 18.7 kb	 0.0% Packages/com.unity.render-pipelines.universal/Shaders/PostProcessing/LensFlareDataDriven.shader
 17.5 kb	 0.0% Packages/com.unity.render-pipelines.universal/Shaders/Terrain/TerrainDetailLit.shader
 16.9 kb	 0.0% Packages/com.unity.render-pipelines.universal/Shaders/Terrain/WavingGrass.shader
 16.2 kb	 0.0% Packages/com.unity.render-pipelines.universal/Shaders/GenerateSRI.compute
 15.7 kb	 0.0% Resources/tuanjie_builtin_extra
 15.7 kb	 0.0% Packages/com.unity.render-pipelines.universal/Shaders/Terrain/WavingGrassBillboard.shader
 15.4 kb	 0.0% Packages/com.unity.render-pipelines.universal/Shaders/Particles/ParticlesUnlit.shader
 12.6 kb	 0.0% Packages/com.unity.render-pipelines.universal/Shaders/GpuMotionVectors.shader
 12.5 kb	 0.0% Packages/com.unity.render-pipelines.universal/Shaders/Unlit.shader
 10.6 kb	 0.0% Packages/com.unity.render-pipelines.universal/Shaders/Debug/DebugVisibility.shader
 10.5 kb	 0.0% Packages/com.unity.render-pipelines.universal/Shaders/Utils/DepthPyramid.compute
 9.8 kb	 0.0% Packages/com.unity.render-pipelines.universal/Shaders/Debug/HDRDebugView.shader
 9.4 kb	 0.0% Packages/com.unity.render-pipelines.core/Runtime/Debugging/Prefabs/Widgets/DebugUIPanel.prefab
 7.1 kb	 0.0% Packages/com.unity.render-pipelines.universal/Shaders/Debug/DebugMaterialID.shader
 6.5 kb	 0.0% Packages/com.unity.render-pipelines.core/Runtime/Debugging/Prefabs/Widgets/DebugUIColor.prefab
 6.3 kb	 0.0% Packages/com.unity.render-pipelines.universal/Shaders/Utils/CoreBlitColorAndDepth.shader
 6.2 kb	 0.0% Packages/com.unity.render-pipelines.core/Runtime/Debugging/Prefabs/Widgets/DebugUIVector4.prefab
 5.5 kb	 0.0% Packages/com.unity.render-pipelines.universal/Shaders/ReflectionProbeCulling.compute
 5.3 kb	 0.0% Packages/com.unity.render-pipelines.core/Runtime/Debugging/Prefabs/Widgets/DebugUIVector3.prefab
 4.7 kb	 0.0% Packages/com.unity.render-pipelines.universal/Shaders/Utils/CopyDepth.shader
 4.4 kb	 0.0% Packages/com.unity.render-pipelines.core/Runtime/Debugging/Prefabs/Widgets/DebugUIUIntField.prefab
 4.4 kb	 0.0% Packages/com.unity.render-pipelines.core/Runtime/Debugging/Prefabs/Widgets/DebugUIIntField.prefab
 4.4 kb	 0.0% Packages/com.unity.render-pipelines.universal/Shaders/Utils/MaterialDepth.shader
 4.3 kb	 0.0% Packages/com.unity.render-pipelines.core/Runtime/Debugging/Prefabs/Widgets/DebugUIVector2.prefab
 4.2 kb	 0.0% Packages/com.unity.render-pipelines.core/Runtime/Debugging/Prefabs/Resources/DebugUICanvas.prefab
 4.2 kb	 0.0% Packages/com.unity.render-pipelines.universal/Textures/BlueNoise64/L/LDR_LLL1_0.png
 4.1 kb	 0.0% Packages/com.unity.render-pipelines.core/Runtime/Debugging/Prefabs/Widgets/DebugUIFloatField.prefab
 4.0 kb	 0.0% Packages/com.unity.render-pipelines.universal/Shaders/Debug/DebugReplacement.shader
 4.0 kb	 0.0% Packages/com.unity.render-pipelines.universal/Shaders/ObjectMotionVectors.shader
 3.7 kb	 0.0% Packages/com.unity.render-pipelines.universal/Shaders/Utils/Blit.shader
 3.7 kb	 0.0% Packages/com.unity.render-pipelines.universal/Shaders/CameraMotionVectors.shader
 3.6 kb	 0.0% Packages/com.unity.render-pipelines.universal/Shaders/Utils/Sampling.shader
 3.6 kb	 0.0% Packages/com.unity.render-pipelines.universal/Shaders/Utils/DecalBufferEmit.shader
 3.5 kb	 0.0% Packages/com.unity.render-pipelines.universal/Shaders/Utils/FallbackError.shader
 3.4 kb	 0.0% Packages/com.unity.render-pipelines.universal/Shaders/Utils/FallbackLoading.shader
 3.4 kb	 0.0% Packages/com.unity.render-pipelines.universal/Shaders/StencilSplat.shader
 3.4 kb	 0.0% Packages/com.unity.render-pipelines.universal/Shaders/ShadingRate.shader
 3.4 kb	 0.0% Packages/com.unity.render-pipelines.universal/Shaders/ConvertSRI_R32ToR8.shader
 3.3 kb	 0.0% Packages/com.unity.render-pipelines.universal/Shaders/Utils/MaterialError.shader
 3.2 kb	 0.0% Packages/com.unity.render-pipelines.core/Runtime/RenderPipelineResources/FallbackShader.shader
 2.8 kb	 0.0% Packages/com.unity.render-pipelines.core/Runtime/Debugging/Prefabs/Widgets/DebugUIObjectPopupField.prefab
 2.6 kb	 0.0% Packages/com.unity.render-pipelines.universal/Shaders/Utils/StencilDeferred.shader
 2.6 kb	 0.0% Packages/com.unity.render-pipelines.core/Runtime/Debugging/Prefabs/Widgets/DebugUIObjectList.prefab
 2.6 kb	 0.0% Packages/com.unity.render-pipelines.core/Runtime/Debugging/Prefabs/Widgets/DebugUIEnumField.prefab
 2.5 kb	 0.0% Packages/com.unity.render-pipelines.core/Runtime/Debugging/Prefabs/Widgets/DebugUIFoldout.prefab
 2.5 kb	 0.0% Packages/com.unity.render-pipelines.core/Runtime/Debugging/Prefabs/Widgets/DebugUIRow.prefab
 1.8 kb	 0.0% Packages/com.unity.render-pipelines.core/Runtime/Debugging/Prefabs/Widgets/DebugUIToggleHistory.prefab
 1.8 kb	 0.0% Packages/com.unity.render-pipelines.core/Runtime/Debugging/Prefabs/Widgets/DebugUIToggle.prefab
 1.6 kb	 0.0% Assets/Game/Materials/Art/SS_WarmWhite.mat
 1.6 kb	 0.0% Assets/Game/Materials/Art/SS_Purple.mat
 1.6 kb	 0.0% Assets/Game/Materials/Art/SS_Ice.mat
 1.6 kb	 0.0% Assets/Game/Materials/Art/SS_Eye.mat
 1.6 kb	 0.0% Assets/Game/Materials/Art/SS_Cyan.mat
 1.6 kb	 0.0% Assets/Game/Materials/Art/SS_Amber.mat
 1.6 kb	 0.0% Assets/Game/Materials/Beacon plinth.mat
 1.6 kb	 0.0% Assets/Game/Materials/Art/SS_StoneLight.mat
 1.6 kb	 0.0% Assets/Game/Materials/Art/SS_FloorLight.mat
 1.5 kb	 0.0% Assets/Game/Materials/Stone wall.mat
 1.5 kb	 0.0% Assets/Game/Materials/Signal core.mat
 1.5 kb	 0.0% Assets/Game/Materials/Art/SS_StoneDark.mat
 1.5 kb	 0.0% Assets/Game/Materials/Art/SS_LeafLight.mat
 1.5 kb	 0.0% Assets/Game/Materials/Art/SS_Basalt.mat
 1.5 kb	 0.0% Assets/Game/Materials/Slate B.mat
 1.5 kb	 0.0% Assets/Game/Materials/Slate A.mat
 1.5 kb	 0.0% Assets/Game/Materials/Skimmer.mat
 1.5 kb	 0.0% Assets/Game/Materials/Seismic.mat
 1.5 kb	 0.0% Assets/Game/Materials/Pulse.mat
 1.5 kb	 0.0% Assets/Game/Materials/Needle.mat
 1.5 kb	 0.0% Assets/Game/Materials/Entry.mat
 1.5 kb	 0.0% Assets/Game/Materials/Drifter.mat
 1.5 kb	 0.0% Assets/Game/Materials/Art/SS_Void.mat
 1.5 kb	 0.0% Assets/Game/Materials/Art/SS_Vine.mat
 1.5 kb	 0.0% Assets/Game/Materials/Art/SS_Stone.mat
 1.5 kb	 0.0% Assets/Game/Materials/Art/SS_Steel.mat
 1.5 kb	 0.0% Assets/Game/Materials/Art/SS_Red.mat
 1.5 kb	 0.0% Assets/Game/Materials/Art/SS_Pink.mat
 1.5 kb	 0.0% Assets/Game/Materials/Art/SS_Leaf.mat
 1.5 kb	 0.0% Assets/Game/Materials/Art/SS_Iron.mat
 1.5 kb	 0.0% Assets/Game/Materials/Art/SS_Gold.mat
 1.5 kb	 0.0% Assets/Game/Materials/Art/SS_Floor.mat
 1.5 kb	 0.0% Assets/Game/Materials/Art/SS_Crack.mat
 1.5 kb	 0.0% Assets/Game/Materials/Art/SS_Coral.mat
 1.4 kb	 0.0% Packages/com.unity.render-pipelines.core/Runtime/Debugging/Prefabs/Widgets/DebugUIProgressBar.prefab
 1.4 kb	 0.0% Packages/com.unity.render-pipelines.core/Runtime/Debugging/Prefabs/Widgets/DebugUIGroup.prefab
 1.2 kb	 0.0% Packages/com.unity.render-pipelines.core/Runtime/Debugging/Prefabs/Widgets/DebugUIButton.prefab
 1.2 kb	 0.0% Packages/com.unity.render-pipelines.universal/Shaders/Utils/DeferredPlusShading.shader
 1.2 kb	 0.0% Packages/com.unity.render-pipelines.universal/Shaders/TuanjieGIBuildDepthPyramid.compute
 1.2 kb	 0.0% Packages/com.unity.render-pipelines.core/Runtime/Debugging/Prefabs/Textures/UIFoldoutOpened.png
 1.1 kb	 0.0% Packages/com.unity.render-pipelines.core/Runtime/Debugging/Prefabs/Textures/UIFoldoutClosed.png
 1.1 kb	 0.0% Packages/com.unity.render-pipelines.core/Runtime/Debugging/Prefabs/Textures/UICheckMark.png
 1.1 kb	 0.0% Packages/com.unity.render-pipelines.universal/Shaders/TuanjieGIGPUCopy.compute
 1.1 kb	 0.0% Assets/Game/Materials/Impact particles.mat
 1.0 kb	 0.0% Packages/com.unity.render-pipelines.core/Runtime/Debugging/Prefabs/Widgets/DebugUIEnumHistory.prefab
 0.9 kb	 0.0% Packages/com.unity.render-pipelines.core/Runtime/Debugging/Prefabs/Widgets/DebugUIValuePersistent.prefab
 0.9 kb	 0.0% Packages/com.unity.render-pipelines.core/Runtime/Debugging/Prefabs/Widgets/DebugUIValueTuple.prefab
 0.9 kb	 0.0% Packages/com.unity.render-pipelines.core/Runtime/Debugging/Prefabs/Widgets/DebugUIObject.prefab
 0.9 kb	 0.0% Packages/com.unity.render-pipelines.core/Runtime/Debugging/Prefabs/Resources/DebugUIPersistentCanvas.prefab
 0.9 kb	 0.0% Packages/com.unity.render-pipelines.core/Runtime/Debugging/Prefabs/Widgets/DebugUIValue.prefab
 0.9 kb	 0.0% Packages/com.unity.render-pipelines.core/Runtime/Debugging/Prefabs/Widgets/DebugUIMessageBox.prefab
 0.9 kb	 0.0% Packages/com.unity.render-pipelines.core/Runtime/Debugging/Prefabs/Textures/UIElement8px.png
 0.7 kb	 0.0% Packages/com.unity.render-pipelines.universal/Shaders/TuanjieGICopyTexture.compute
 0.6 kb	 0.0% Packages/com.unity.render-pipelines.core/Runtime/Debugging/Prefabs/Textures/White1px.png
 0.6 kb	 0.0% Assets/Game/Settings/StoneSignalURP.asset
 0.6 kb	 0.0% Assets/Game/Settings/ForwardRenderer.asset
 0.5 kb	 0.0% Assets/Game/Prefabs/Art/SeismicBeacon.prefab
 0.5 kb	 0.0% Assets/Game/Materials/Invalid ghost.mat
 0.5 kb	 0.0% Assets/Game/Materials/Valid ghost.mat
 0.5 kb	 0.0% Assets/Game/Materials/Route.mat
 0.5 kb	 0.0% Assets/Game/Materials/Art/Backdrop.mat
 0.5 kb	 0.0% Assets/Game/Materials/Bolt.mat
 0.5 kb	 0.0% Assets/Game/Prefabs/Art/PulseBeacon.prefab
 0.5 kb	 0.0% Packages/com.unity.render-pipelines.universal/Shaders/Utils/VisibilityBuffer.shader
 0.5 kb	 0.0% Assets/Game/Prefabs/Art/Skimmer.prefab
 0.5 kb	 0.0% Assets/Game/Prefabs/Art/Shard.prefab
 0.5 kb	 0.0% Assets/Game/Prefabs/Art/Bulwark.prefab
 0.5 kb	 0.0% Packages/com.unity.render-pipelines.universal/Shaders/Utils/BlitHDROverlay.shader
 0.5 kb	 0.0% Assets/Game/Prefabs/Art/SpawnPortal.prefab
 0.5 kb	 0.0% Assets/Game/Prefabs/Art/SignalCore.prefab
 0.5 kb	 0.0% Assets/Game/Prefabs/Art/RuinPillar.prefab
 0.5 kb	 0.0% Assets/Game/Prefabs/Art/NeedleBeacon.prefab
 0.5 kb	 0.0% Assets/Game/Prefabs/Art/ChillBeacon.prefab
 0.5 kb	 0.0% Assets/Game/Prefabs/Art/Splitter.prefab
 0.5 kb	 0.0% Assets/Game/Prefabs/Art/Drifter.prefab
 0.5 kb	 0.0% Assets/Game/Prefabs/Art/Brazier.prefab
 0.5 kb	 0.0% Assets/Game/Prefabs/Art/TileB.prefab
 0.5 kb	 0.0% Assets/Game/Prefabs/Art/TileA.prefab
 0.5 kb	 0.0% Assets/Game/Prefabs/Art/Wall.prefab
 0.4 kb	 0.0% Assets/Game/Prefabs/Art/Foliage.prefab
 0.4 kb	 0.0% Assets/Game/Prefabs/Art/Cliff.prefab
 0.4 kb	 0.0% Packages/com.unity.render-pipelines.core/Runtime/Debugging/Prefabs/Widgets/DebugUIVBox.prefab
 0.4 kb	 0.0% Packages/com.unity.render-pipelines.core/Runtime/Debugging/Prefabs/Widgets/DebugUIHBox.prefab
 0.4 kb	 0.0% Built-in Sprite: 
 0.4 kb	 0.0% Assets/Game/Settings/GameConfig.asset
 0.3 kb	 0.0% Packages/com.unity.render-pipelines.universal/Shaders/GIMotionVectors.shader
 0.3 kb	 0.0% Assets/Game/Settings/RuinPostProcessing.asset
 0.2 kb	 0.0% Assets/Game/Settings/Palette.asset
 0.2 kb	 0.0% Packages/com.unity.render-pipelines.universal/Textures/BayerMatrix.png
 0.2 kb	 0.0% Packages/com.unity.render-pipelines.universal/Runtime/Debug/UniversalRenderPipelineVolumeDebugSettings.cs
 0.2 kb	 0.0% Packages/com.unity.render-pipelines.universal/Runtime/Debug/UniversalRenderPipelineDebugDisplaySettings.cs
 0.2 kb	 0.0% Packages/com.unity.render-pipelines.universal/Runtime/UniversalRenderPipelineGlobalSettings.cs
 0.2 kb	 0.0% Packages/com.unity.render-pipelines.universal/Runtime/Passes/GPUResidentDrawerDrawObjectsPass.cs
 0.2 kb	 0.0% Packages/com.unity.render-pipelines.universal/Runtime/Data/UniversalRenderPipelineEditorResources.cs
 0.2 kb	 0.0% Packages/com.unity.render-pipelines.core/Runtime/Common/IAdaptiveProbeSystemEnabledRenderPipeline.cs
 0.2 kb	 0.0% Packages/com.unity.render-pipelines.universal/Runtime/Passes/AdditionalLightsShadowCasterPass.cs
 0.2 kb	 0.0% Packages/com.unity.render-pipelines.universal/Runtime/2D/Shadows/Providers/ShadowShape2DProvider_SpriteRenderer.cs
 0.2 kb	 0.0% Packages/com.unity.render-pipelines.core/Runtime/RenderGraph/RenderGraphResourceRegistry.cs
 0.2 kb	 0.0% Packages/com.unity.render-pipelines.core/Runtime/RenderGraph/RenderGraphDefaultResources.cs
 0.2 kb	 0.0% Packages/com.unity.render-pipelines.universal/Runtime/Passes/GPUResidentDrawerDepthNormalOnlyPass.cs
 0.2 kb	 0.0% Packages/com.unity.render-pipelines.core/Runtime/RenderGraph/RenderGraphResourceRendererList.cs
 0.2 kb	 0.0% Packages/com.unity.render-pipelines.core/Runtime/RenderGraph/RenderGraphResourceComputeBuffer.cs
 0.2 kb	 0.0% Packages/com.unity.render-pipelines.core/Runtime/Common/IVirtualTexturingEnabledRenderPipeline.cs
 0.2 kb	 0.0% Packages/com.unity.mathematics/Unity.Mathematics/Il2CppEagerStaticClassConstructionAttribute.cs
 0.2 kb	 0.0% Packages/com.unity.render-pipelines.universal/Runtime/UniversalAdditionalCameraData.cs
 0.2 kb	 0.0% Packages/com.unity.render-pipelines.universal/Runtime/RendererFeatures/ImageBasedVRS/ShadingRateImageReprojectionPass.cs
 0.2 kb	 0.0% Packages/com.unity.render-pipelines.universal/Runtime/RendererFeatures/ImageBasedVRS/ConfigureShadingRateImagePass.cs
 0.2 kb	 0.0% Packages/com.unity.render-pipelines.universal/Runtime/RendererFeatures/DisallowMultipleRendererFeature.cs
 0.2 kb	 0.0% Packages/com.unity.render-pipelines.universal/Runtime/Passes/MainLightShadowCasterPass.cs
 0.2 kb	 0.0% Packages/com.unity.render-pipelines.universal/Runtime/Passes/InvokeOnRenderObjectCallbackPass.cs
 0.2 kb	 0.0% Packages/com.unity.render-pipelines.universal/Runtime/Passes/GITextureVisualizationeDebugPass.cs
 0.2 kb	 0.0% Packages/com.unity.render-pipelines.universal/Runtime/Passes/BufferVisualizationeDebugPass.cs
 0.2 kb	 0.0% Packages/com.unity.render-pipelines.universal/Runtime/Decal/Entities/DecalUpdateCullingGroupSystem.cs
 0.2 kb	 0.0% Packages/com.unity.render-pipelines.universal/Runtime/Debug/DebugDisplaySettingsTuanjieGI.cs
 0.2 kb	 0.0% Packages/com.unity.render-pipelines.universal/Runtime/Debug/DebugDisplaySettingsRendering.cs
 0.2 kb	 0.0% Packages/com.unity.render-pipelines.universal/Runtime/2D/CinemachineUniversalPixelPerfect.cs
 0.2 kb	 0.0% Packages/com.unity.render-pipelines.core/Runtime/RenderGraph/RenderGraphResourcePool.cs
 0.2 kb	 0.0% Packages/com.unity.render-pipelines.core/Runtime/RenderGraph/RenderGraphObjectPool.cs
 0.2 kb	 0.0% Packages/com.unity.render-pipelines.core/Runtime/Lighting/ProbeVolume/ProbeReferenceVolume.ReflProbeNormalization.cs
 0.2 kb	 0.0% Packages/com.unity.render-pipelines.universal/Runtime/UniversalRenderPipelineRenderGraph.cs
 0.2 kb	 0.0% Packages/com.unity.render-pipelines.core/Runtime/RenderGraph/RenderGraphResourceTexture.cs
 0.2 kb	 0.0% Packages/com.unity.render-pipelines.universal/Runtime/UniversalAdditionalLightData.cs
 0.2 kb	 0.0% Packages/com.unity.render-pipelines.universal/Runtime/Tiling/ReflectionProbeMinMaxZJob.cs
 0.2 kb	 0.0% Packages/com.unity.render-pipelines.universal/Runtime/ScriptableRendererFeature.cs
 0.2 kb	 0.0% Packages/com.unity.render-pipelines.universal/Runtime/RendererFeatures/ScreenSpaceAmbientOcclusion.cs
 0.2 kb	 0.0% Packages/com.unity.render-pipelines.universal/Runtime/RendererFeatures/ImageBasedVRS/ShadingRateImageGenerator.cs
 0.2 kb	 0.0% Packages/com.unity.render-pipelines.universal/Runtime/RendererFeatures/ImageBasedVRS/ShadingRateImageGeneratePass.cs
 0.2 kb	 0.0% Packages/com.unity.render-pipelines.universal/Runtime/RendererFeatures/ImageBasedVRS/ShadingRateImageDebugPass.cs
 0.2 kb	 0.0% Packages/com.unity.render-pipelines.universal/Runtime/RendererFeatures/ImageBasedVRS/ShadingRateImageConvertPass.cs
 0.2 kb	 0.0% Packages/com.unity.render-pipelines.universal/Runtime/RendererFeatures/ImageBasedVRS/ResetShadingRateImagePass.cs
 0.2 kb	 0.0% Packages/com.unity.render-pipelines.universal/Runtime/RendererFeatures/ImageBasedVRS/ImageBasedVRSRenderFeature.cs
 0.2 kb	 0.0% Packages/com.unity.render-pipelines.universal/Runtime/RenderTargetBufferSystem.cs
 0.2 kb	 0.0% Packages/com.unity.render-pipelines.universal/Runtime/Passes/GPUResidentDrawerPass.cs
 0.2 kb	 0.0% Packages/com.unity.render-pipelines.universal/Runtime/Passes/GPUResidentDrawerDepthOnlyPass.cs
 0.2 kb	 0.0% Packages/com.unity.render-pipelines.universal/Runtime/Passes/GPUReflectionProbePass.cs
 0.2 kb	 0.0% Packages/com.unity.render-pipelines.universal/Runtime/Passes/BuildDepthPyramidPass.cs
 0.2 kb	 0.0% Packages/com.unity.render-pipelines.universal/Runtime/Overrides/TuanjieGlobalIllumination.cs
 0.2 kb	 0.0% Packages/com.unity.render-pipelines.universal/Runtime/Overrides/ShadowsMidtonesHighlights.cs
 0.2 kb	 0.0% Packages/com.unity.render-pipelines.universal/Runtime/Decal/ScreenSpace/DecalScreenSpaceRenderPass.cs
 0.2 kb	 0.0% Packages/com.unity.render-pipelines.universal/Runtime/Decal/Entities/DecalCreateDrawCallSystem.cs
 0.2 kb	 0.0% Packages/com.unity.render-pipelines.universal/Runtime/Debug/DebugDisplaySettingsMaterial.cs
 0.2 kb	 0.0% Packages/com.unity.render-pipelines.universal/Runtime/Debug/DebugDisplaySettingsLighting.cs
 0.2 kb	 0.0% Packages/com.unity.render-pipelines.universal/Runtime/Debug/DebugDisplaySettingsCommon.cs
 0.2 kb	 0.0% Packages/com.unity.render-pipelines.universal/Runtime/Data/UniversalRenderPipelineAsset.cs
 0.2 kb	 0.0% Packages/com.unity.render-pipelines.universal/Runtime/2D/Sources/Shadow2DSource_ShapeEditor.cs
 0.2 kb	 0.0% Packages/com.unity.render-pipelines.universal/Runtime/2D/Shadows/ShadowCasterGroup2DManager.cs
 0.2 kb	 0.0% Packages/com.unity.render-pipelines.universal/Runtime/2D/PixelPerfectCameraInternal.cs
 0.2 kb	 0.0% Packages/com.unity.render-pipelines.universal/Runtime/2D/Passes/PixelPerfectBackgroundPass.cs
 0.2 kb	 0.0% Packages/com.unity.render-pipelines.core/Runtime/RenderGraph/RenderGraphLogger.cs
 0.2 kb	 0.0% Packages/com.unity.render-pipelines.core/Runtime/RenderGraph/RenderGraphBuilder.cs
 0.2 kb	 0.0% Assets/Game/Settings/ArtCatalog.asset
 0.2 kb	 0.0% Packages/com.unity.render-pipelines.universal/Runtime/UniversalRenderPipelineCore.cs
 0.2 kb	 0.0% Packages/com.unity.render-pipelines.universal/Runtime/Passes/RenderObjectsPass.cs
 0.2 kb	 0.0% Packages/com.unity.render-pipelines.universal/Runtime/2D/PixelPerfectCamera.cs
 0.2 kb	 0.0% Packages/com.unity.render-pipelines.core/Runtime/Utilities/CoreRenderPipelinePreferences.cs
 0.2 kb	 0.0% Packages/com.unity.render-pipelines.core/Runtime/RenderGraph/RenderGraphResources.cs
 0.2 kb	 0.0% Packages/com.unity.render-pipelines.core/Runtime/Lighting/ProbeVolume/ProbeVolumeBakingProcessSettings.cs
 0.2 kb	 0.0% Packages/com.unity.render-pipelines.core/Runtime/Debugging/Prefabs/Scripts/DebugUIHandlerPersistentCanvas.cs
 0.2 kb	 0.0% Packages/com.unity.render-pipelines.core/Runtime/Debugging/Prefabs/Scripts/DebugUIHandlerObjectPopupField.cs
 0.2 kb	 0.0% Packages/com.unity.render-pipelines.core/Runtime/Debugging/Prefabs/Scripts/DebugUIHandlerIndirectFloatField.cs
 0.2 kb	 0.0% Packages/com.unity.render-pipelines.core/Runtime/Common/GlobalDynamicResolutionSettings.cs
 0.2 kb	 0.0% Assets/UniversalRenderPipelineGlobalSettings.asset
 0.2 kb	 0.0% Assets/Game/ScriptableObjects/Towers/Seismic.asset
 0.2 kb	 0.0% Assets/Game/ScriptableObjects/Towers/Chill.asset
 0.2 kb	 0.0% Packages/com.unity.render-pipelines.universal/Runtime/UniversalRendererRenderGraph.cs
 0.2 kb	 0.0% Packages/com.unity.render-pipelines.universal/Runtime/UniversalRendererData.cs
 0.2 kb	 0.0% Packages/com.unity.render-pipelines.universal/Runtime/UniversalRenderPipeline.cs
 0.2 kb	 0.0% Packages/com.unity.render-pipelines.universal/Runtime/Tiling/TileRangeExpansionJob.cs
 0.2 kb	 0.0% Packages/com.unity.render-pipelines.universal/Runtime/SupportedOnRenderer.cs
 0.2 kb	 0.0% Packages/com.unity.render-pipelines.universal/Runtime/ScriptableRendererData.cs
 0.2 kb	 0.0% Packages/com.unity.render-pipelines.universal/Runtime/ReflectionProbeManager.cs
 0.2 kb	 0.0% Packages/com.unity.render-pipelines.universal/Runtime/ReflectionProbeAtlas.cs
 0.2 kb	 0.0% Packages/com.unity.render-pipelines.universal/Runtime/Passes/TuanjieGIDebugPass.cs
 0.2 kb	 0.0% Packages/com.unity.render-pipelines.universal/Runtime/Passes/TransparentSettingsPass.cs
 0.2 kb	 0.0% Packages/com.unity.render-pipelines.universal/Runtime/Passes/MotionVectorRenderPass.cs
 0.2 kb	 0.0% Packages/com.unity.render-pipelines.universal/Runtime/Passes/GIMotionVectorRenderPass.cs
 0.2 kb	 0.0% Packages/com.unity.render-pipelines.universal/Runtime/Passes/GICopyTexturePass.cs
 0.2 kb	 0.0% Packages/com.unity.render-pipelines.universal/Runtime/Passes/DrawScreenSpaceUIPass.cs
 0.2 kb	 0.0% Packages/com.unity.render-pipelines.universal/Runtime/Passes/DepthNormalOnlyPass.cs
 0.2 kb	 0.0% Packages/com.unity.render-pipelines.universal/Runtime/Passes/DecalBufferEmitPass.cs
 0.2 kb	 0.0% Packages/com.unity.render-pipelines.universal/Runtime/Passes/CopyDepthPyramidPass.cs
 0.2 kb	 0.0% Packages/com.unity.render-pipelines.universal/Runtime/Passes/ColorGradingLutPass.cs
 0.2 kb	 0.0% Packages/com.unity.render-pipelines.universal/Runtime/NormalReconstruction.cs
 0.2 kb	 0.0% Packages/com.unity.render-pipelines.universal/Runtime/Decal/ScreenSpace/DecalGBufferRenderPass.cs
 0.2 kb	 0.0% Packages/com.unity.render-pipelines.universal/Runtime/Decal/Entities/DecalUpdateCulledSystem.cs
 0.2 kb	 0.0% Packages/com.unity.render-pipelines.universal/Runtime/Decal/Entities/DecalUpdateCachedSystem.cs
 0.2 kb	 0.0% Packages/com.unity.render-pipelines.universal/Runtime/Decal/Entities/DecalSkipCulledSystem.cs
 0.2 kb	 0.0% Packages/com.unity.render-pipelines.universal/Runtime/Decal/DBuffer/DecalForwardEmissivePass.cs
 0.2 kb	 0.0% Packages/com.unity.render-pipelines.universal/Runtime/Debug/DebugDisplaySettingsGDRP.cs
 0.2 kb	 0.0% Packages/com.unity.render-pipelines.universal/Runtime/2D/URP2D_GraphicsExtensions.cs
 0.2 kb	 0.0% Packages/com.unity.render-pipelines.universal/Runtime/2D/Sources/Shadow2DProviderSources.cs
 0.2 kb	 0.0% Packages/com.unity.render-pipelines.universal/Runtime/2D/Sources/Shadow2DProviderSource.cs
 0.2 kb	 0.0% Packages/com.unity.render-pipelines.universal/Runtime/2D/Sources/Light2DSource_BuiltIn.cs
 0.2 kb	 0.0% Packages/com.unity.render-pipelines.universal/Runtime/2D/Sources/Light2DProviderSources.cs
 0.2 kb	 0.0% Packages/com.unity.render-pipelines.universal/Runtime/2D/Sources/Light2DProviderSource.cs
 0.2 kb	 0.0% Packages/com.unity.render-pipelines.universal/Runtime/2D/Shadows/Providers/ShadowShape2DProvider.cs
 0.2 kb	 0.0% Packages/com.unity.render-pipelines.universal/Runtime/2D/Shadows/CompositeShadowCaster2D.cs
 0.2 kb	 0.0% Packages/com.unity.render-pipelines.core/Runtime/XR/XRBuiltinShaderConstants.cs
 0.2 kb	 0.0% Packages/com.unity.render-pipelines.core/Runtime/RenderGraph/RenderGraphPass.cs
 0.2 kb	 0.0% Assets/Game/ScriptableObjects/Towers/Pulse.asset
 0.2 kb	 0.0% Assets/Game/ScriptableObjects/Rewards/BonusSlot.asset
 0.1 kb	 0.0% Packages/com.unity.render-pipelines.universal/Runtime/ShadingRateWindow.cs
 0.1 kb	 0.0% Packages/com.unity.render-pipelines.universal/Runtime/RendererFeatures/RenderObjects.cs
 0.1 kb	 0.0% Packages/com.unity.render-pipelines.universal/Runtime/MotionVectors.cs
 0.1 kb	 0.0% Packages/com.unity.render-pipelines.universal/Runtime/Decal/DecalDrawErrorRenderPass.cs
 0.1 kb	 0.0% Packages/com.unity.render-pipelines.universal/Runtime/2D/InternalBridge/InternalEngineBridge.cs
 0.1 kb	 0.0% Packages/com.unity.render-pipelines.core/Runtime/Utilities/BatchRendererGroupGlobals.cs
 0.1 kb	 0.0% Packages/com.unity.render-pipelines.core/Runtime/Lighting/ProbeVolume/ShaderVariablesProbeVolumes.cs
 0.1 kb	 0.0% Packages/com.unity.render-pipelines.core/Runtime/Lighting/ProbeVolume/ProbeReferenceVolumeProfile.cs
 0.1 kb	 0.0% Packages/com.unity.render-pipelines.core/Runtime/Debugging/Prefabs/Scripts/DebugUIHandlerToggleHistory.cs
 0.1 kb	 0.0% Packages/com.unity.render-pipelines.core/Runtime/Debugging/Prefabs/Scripts/DebugUIHandlerProgressBar.cs
 0.1 kb	 0.0% Packages/com.unity.render-pipelines.core/Runtime/Debugging/Prefabs/Scripts/DebugUIHandlerIndirectToggle.cs
 0.1 kb	 0.0% Packages/com.unity.render-pipelines.core/Runtime/Debugging/Prefabs/Scripts/DebugUIHandlerEnumHistory.cs
 0.1 kb	 0.0% Packages/com.unity.render-pipelines.core/Runtime/Debugging/IDebugDisplaySettingsQuery.cs
 0.1 kb	 0.0% Packages/com.unity.render-pipelines.core/Runtime/Debugging/IDebugDisplaySettingsPanel.cs
 0.1 kb	 0.0% Packages/com.unity.render-pipelines.core/Runtime/Debugging/IDebugDisplaySettingsData.cs
 0.1 kb	 0.0% Packages/com.unity.render-pipelines.core/Runtime/Debugging/DebugDisplaySettingsVolumes.cs
 0.1 kb	 0.0% Packages/com.unity.render-pipelines.core/Runtime/Debugging/DebugDisplaySettingsPanel.cs
 0.1 kb	 0.0% Assets/Game/ScriptableObjects/Towers/Needle.asset
 0.1 kb	 0.0% Packages/com.unity.render-pipelines.universal/Runtime/XR/XRSystemUniversal.cs
 0.1 kb	 0.0% Packages/com.unity.render-pipelines.universal/Runtime/UniversalRenderer.cs
 0.1 kb	 0.0% Packages/com.unity.render-pipelines.universal/Runtime/SpaceFillingCurves.cs
 0.1 kb	 0.0% Packages/com.unity.render-pipelines.universal/Runtime/ScriptableRenderer.cs
 0.1 kb	 0.0% Packages/com.unity.render-pipelines.universal/Runtime/SceneViewDrawMode.cs
 0.1 kb	 0.0% Packages/com.unity.render-pipelines.universal/Runtime/RenderingLayerUtils.cs
 0.1 kb	 0.0% Packages/com.unity.render-pipelines.universal/Runtime/RendererFeatures/ScreenSpaceShadows.cs
 0.1 kb	 0.0% Packages/com.unity.render-pipelines.universal/Runtime/RendererFeatures/DecalRendererFeature.cs
 0.1 kb	 0.0% Packages/com.unity.render-pipelines.universal/Runtime/RenderTargetHandle.cs
 0.1 kb	 0.0% Packages/com.unity.render-pipelines.universal/Runtime/PostProcessPasses.cs
 0.1 kb	 0.0% Packages/com.unity.render-pipelines.universal/Runtime/Passes/TuanjieGIGPUCopy.cs
 0.1 kb	 0.0% Packages/com.unity.render-pipelines.universal/Runtime/Passes/StencilSplatPass.cs
 0.1 kb	 0.0% Packages/com.unity.render-pipelines.universal/Runtime/Passes/ShadingRateOnlyPass.cs
 0.1 kb	 0.0% Packages/com.unity.render-pipelines.universal/Runtime/Passes/ScriptableRenderPass.cs
 0.1 kb	 0.0% Packages/com.unity.render-pipelines.universal/Runtime/Passes/GpuDrivenPass.cs
 0.1 kb	 0.0% Packages/com.unity.render-pipelines.universal/Runtime/Passes/GPUMotionVectorPass.cs
 0.1 kb	 0.0% Packages/com.unity.render-pipelines.universal/Runtime/Passes/GBufferSplatPass.cs
 0.1 kb	 0.0% Packages/com.unity.render-pipelines.universal/Runtime/Passes/FinalBlitPass.cs
 0.1 kb	 0.0% Packages/com.unity.render-pipelines.universal/Runtime/Passes/DrawObjectsPass.cs
 0.1 kb	 0.0% Packages/com.unity.render-pipelines.universal/Runtime/Passes/DepthOnlyPass.cs
 0.1 kb	 0.0% Packages/com.unity.render-pipelines.universal/Runtime/Passes/CopyDepthPass.cs
 0.1 kb	 0.0% Packages/com.unity.render-pipelines.universal/Runtime/Passes/CopyColorPass.cs
 0.1 kb	 0.0% Packages/com.unity.render-pipelines.universal/Runtime/Overrides/ScreenSpaceLensFlare.cs
 0.1 kb	 0.0% Packages/com.unity.render-pipelines.universal/Runtime/Overrides/ChromaticAberration.cs
 0.1 kb	 0.0% Packages/com.unity.render-pipelines.universal/Runtime/LightCookieManager.cs
 0.1 kb	 0.0% Packages/com.unity.render-pipelines.universal/Runtime/ForwardRendererData.cs
 0.1 kb	 0.0% Packages/com.unity.render-pipelines.universal/Runtime/ForwardLights.cs
 0.1 kb	 0.0% Packages/com.unity.render-pipelines.universal/Runtime/External/LibTessDotNet/MeshUtils.cs
 0.1 kb	 0.0% Packages/com.unity.render-pipelines.universal/Runtime/DeferredLights.cs
 0.1 kb	 0.0% Packages/com.unity.render-pipelines.universal/Runtime/Decal/Entities/DecalEntityManager.cs
 0.1 kb	 0.0% Packages/com.unity.render-pipelines.universal/Runtime/Decal/DecalShaderPassNames.cs
 0.1 kb	 0.0% Packages/com.unity.render-pipelines.universal/Runtime/Decal/DBuffer/DBufferRenderPass.cs
 0.1 kb	 0.0% Packages/com.unity.render-pipelines.universal/Runtime/Debug/DebugDisplayStats.cs
 0.1 kb	 0.0% Packages/com.unity.render-pipelines.universal/Runtime/2D/Sources/IProvider2DSources.cs
 0.1 kb	 0.0% Packages/com.unity.render-pipelines.universal/Runtime/2D/Shadows/ShadowCasterGroup2D.cs
 0.1 kb	 0.0% Packages/com.unity.render-pipelines.universal/Runtime/2D/Shadows/Shadow Provider Utility/ShapeProviderUtility.cs
 0.1 kb	 0.0% Packages/com.unity.render-pipelines.universal/Runtime/2D/Passes/Utility/Light2DLookupTexture.cs
 0.1 kb	 0.0% Packages/com.unity.render-pipelines.universal/Runtime/2D/Passes/Render2DLightingPass.cs
 0.1 kb	 0.0% Packages/com.unity.render-pipelines.universal/Runtime/2D/Light2DCullResult.cs
 0.1 kb	 0.0% Packages/com.unity.render-pipelines.universal/Runtime/2D/Light2DBlendStyle.cs
 0.1 kb	 0.0% Packages/com.unity.render-pipelines.core/Runtime/RenderGraph/RenderGraph.cs
 0.1 kb	 0.0% Packages/com.unity.render-pipelines.core/Runtime/Lighting/ProbeVolume/ProbeReferenceVolume.Streaming.cs
 0.1 kb	 0.0% Assets/Game/ScriptableObjects/Rewards/CannonRadius.asset
 0.1 kb	 0.0% Packages/com.unity.render-pipelines.universal/Runtime/RTHandleUtils.cs
 0.1 kb	 0.0% Packages/com.unity.render-pipelines.universal/Runtime/Passes/TuanjieGI.cs
 0.1 kb	 0.0% Packages/com.unity.render-pipelines.universal/Runtime/NativeRenderPass.cs
 0.1 kb	 0.0% Packages/com.unity.render-pipelines.universal/Runtime/External/LibTessDotNet/PriorityHeap.cs
 0.1 kb	 0.0% Packages/com.unity.render-pipelines.universal/Runtime/2D/Sources/SelectionSource2D.cs
 0.1 kb	 0.0% Packages/com.unity.render-pipelines.universal-config/Runtime/ShaderConfig.cs
 0.1 kb	 0.0% Packages/com.unity.render-pipelines.core/Runtime/XR/XRGraphicsAutomatedTests.cs
 0.1 kb	 0.0% Packages/com.unity.render-pipelines.core/Runtime/Textures/Texture2DAtlasDynamic.cs
 0.1 kb	 0.0% Packages/com.unity.render-pipelines.core/Runtime/Textures/PowerOfTwoTextureAtlas.cs
 0.1 kb	 0.0% Packages/com.unity.render-pipelines.core/Runtime/Textures/BufferedRTHandleSystem.cs
 0.1 kb	 0.0% Packages/com.unity.render-pipelines.core/Runtime/RenderPipeline/RenderPipelineResources.cs
 0.1 kb	 0.0% Packages/com.unity.render-pipelines.core/Runtime/RenderPipeline/IShaderVariantSettings.cs
 0.1 kb	 0.0% Packages/com.unity.render-pipelines.core/Runtime/PostProcessing/LensFlareComponentSRP.cs
 0.1 kb	 0.0% Packages/com.unity.render-pipelines.core/Runtime/Lighting/ProbeVolume/ProbeVolumePositioning.cs
 0.1 kb	 0.0% Packages/com.unity.render-pipelines.core/Runtime/Lighting/ProbeVolume/ProbeVolumePerSceneData.cs
 0.1 kb	 0.0% Packages/com.unity.render-pipelines.core/Runtime/GDRP/VGComputeShaderResources.cs
 0.1 kb	 0.0% Packages/com.unity.render-pipelines.core/Runtime/Debugging/ShaderDebugPrintManager.cs
 0.1 kb	 0.0% Packages/com.unity.render-pipelines.core/Runtime/Debugging/Prefabs/Scripts/DebugUIHandlerVector4.cs
 0.1 kb	 0.0% Packages/com.unity.render-pipelines.core/Runtime/Debugging/Prefabs/Scripts/DebugUIHandlerVector3.cs
 0.1 kb	 0.0% Packages/com.unity.render-pipelines.core/Runtime/Debugging/Prefabs/Scripts/DebugUIHandlerVector2.cs
 0.1 kb	 0.0% Packages/com.unity.render-pipelines.core/Runtime/Debugging/Prefabs/Scripts/DebugUIHandlerValueTuple.cs
 0.1 kb	 0.0% Packages/com.unity.render-pipelines.core/Runtime/Debugging/Prefabs/Scripts/DebugUIHandlerUIntField.cs
 0.1 kb	 0.0% Packages/com.unity.render-pipelines.core/Runtime/Debugging/Prefabs/Scripts/DebugUIHandlerTextField.cs
 0.1 kb	 0.0% Packages/com.unity.render-pipelines.core/Runtime/Debugging/Prefabs/Scripts/DebugUIHandlerObjectList.cs
 0.1 kb	 0.0% Packages/com.unity.render-pipelines.core/Runtime/Debugging/Prefabs/Scripts/DebugUIHandlerMessageBox.cs
 0.1 kb	 0.0% Packages/com.unity.render-pipelines.core/Runtime/Debugging/Prefabs/Scripts/DebugUIHandlerIntField.cs
 0.1 kb	 0.0% Packages/com.unity.render-pipelines.core/Runtime/Debugging/Prefabs/Scripts/DebugUIHandlerFoldout.cs
 0.1 kb	 0.0% Packages/com.unity.render-pipelines.core/Runtime/Debugging/Prefabs/Scripts/DebugUIHandlerFloatField.cs
 0.1 kb	 0.0% Packages/com.unity.render-pipelines.core/Runtime/Debugging/Prefabs/Scripts/DebugUIHandlerEnumField.cs
 0.1 kb	 0.0% Packages/com.unity.render-pipelines.core/Runtime/Debugging/Prefabs/Scripts/DebugUIHandlerContainer.cs
 0.1 kb	 0.0% Packages/com.unity.render-pipelines.core/Runtime/Debugging/Prefabs/Scripts/DebugUIHandlerBitField.cs
 0.1 kb	 0.0% Packages/com.unity.render-pipelines.core/Runtime/Debugging/IDebugDisplaySettings.cs
 0.1 kb	 0.0% Packages/com.unity.render-pipelines.core/Runtime/Debugging/DebugDisplaySettingsUI.cs
 0.1 kb	 0.0% Packages/com.unity.render-pipelines.core/Runtime/Common/RemoveRange.Extensions.cs
 0.1 kb	 0.0% Packages/com.unity.render-pipelines.core/Runtime/Common/DynamicResolutionHandler.cs
 0.1 kb	 0.0% Assets/Game/ScriptableObjects/Rewards/AllAttackSpeed.asset
 0.1 kb	 0.0% Packages/com.unity.render-pipelines.universal/Runtime/XR/XRPassUniversal.cs
 0.1 kb	 0.0% Packages/com.unity.render-pipelines.universal/Runtime/Tiling/LightMinMaxZJob.cs
 0.1 kb	 0.0% Packages/com.unity.render-pipelines.universal/Runtime/Tiling/InclusiveRange.cs
 0.1 kb	 0.0% Packages/com.unity.render-pipelines.universal/Runtime/Temporal/TemporalUtils.cs
 0.1 kb	 0.0% Packages/com.unity.render-pipelines.universal/Runtime/RenderingUtils.cs
 0.1 kb	 0.0% Packages/com.unity.render-pipelines.universal/Runtime/RendererFeatures/FullScreenPassRendererFeature.cs
 0.1 kb	 0.0% Packages/com.unity.render-pipelines.universal/Runtime/PostProcessUtils.cs
 0.1 kb	 0.0% Packages/com.unity.render-pipelines.universal/Runtime/Passes/PostProcessPass.cs
 0.1 kb	 0.0% Packages/com.unity.render-pipelines.universal/Runtime/Passes/HDRDebugViewPass.cs
 0.1 kb	 0.0% Packages/com.unity.render-pipelines.universal/Runtime/Passes/GBufferPass.cs
 0.1 kb	 0.0% Packages/com.unity.render-pipelines.universal/Runtime/Passes/DrawSkyboxPass.cs
 0.1 kb	 0.0% Packages/com.unity.render-pipelines.universal/Runtime/Passes/DeferredPass.cs
 0.1 kb	 0.0% Packages/com.unity.render-pipelines.universal/Runtime/Overrides/PaniniProjection.cs
 0.1 kb	 0.0% Packages/com.unity.render-pipelines.universal/Runtime/Overrides/LiftGammaGain.cs
 0.1 kb	 0.0% Packages/com.unity.render-pipelines.universal/Runtime/Overrides/LensDistortion.cs
 0.1 kb	 0.0% Packages/com.unity.render-pipelines.universal/Runtime/Overrides/ColorAdjustments.cs
 0.1 kb	 0.0% Packages/com.unity.render-pipelines.universal/Runtime/MetalFXUtilsURP.cs
 0.1 kb	 0.0% Packages/com.unity.render-pipelines.universal/Runtime/Memory/BuddyAllocator.cs
 0.1 kb	 0.0% Packages/com.unity.render-pipelines.universal/Runtime/Documentation.cs
 0.1 kb	 0.0% Packages/com.unity.render-pipelines.universal/Runtime/Deprecated.cs
 0.1 kb	 0.0% Packages/com.unity.render-pipelines.universal/Runtime/Decal/Entities/DecalDrawSystem.cs
 0.1 kb	 0.0% Packages/com.unity.render-pipelines.universal/Runtime/Decal/DecalProjector.cs
 0.1 kb	 0.0% Packages/com.unity.render-pipelines.universal/Runtime/Decal/DecalPreviewPass.cs
 0.1 kb	 0.0% Packages/com.unity.render-pipelines.universal/Runtime/Debug/DebugRenderSetup.cs
 0.1 kb	 0.0% Packages/com.unity.render-pipelines.universal/Runtime/Data/RenderStateData.cs
 0.1 kb	 0.0% Packages/com.unity.render-pipelines.universal/Runtime/Data/PostProcessData.cs
 0.1 kb	 0.0% Packages/com.unity.render-pipelines.universal/Runtime/ComponentUtility.cs
 0.1 kb	 0.0% Packages/com.unity.render-pipelines.universal/Runtime/2D/UTess2D/Tessellator.cs
 0.1 kb	 0.0% Packages/com.unity.render-pipelines.universal/Runtime/2D/UTess2D/PlanarGraph.cs
 0.1 kb	 0.0% Packages/com.unity.render-pipelines.universal/Runtime/2D/Sources/Provider2DSource.cs
 0.1 kb	 0.0% Packages/com.unity.render-pipelines.universal/Runtime/2D/Sources/Provider2DRef.cs
 0.1 kb	 0.0% Packages/com.unity.render-pipelines.universal/Runtime/2D/Sources/Provider2DKVPair.cs
 0.1 kb	 0.0% Packages/com.unity.render-pipelines.universal/Runtime/2D/Sources/Provider2DInfo.cs
 0.1 kb	 0.0% Packages/com.unity.render-pipelines.universal/Runtime/2D/Sources/IProvider2DCache.cs
 0.1 kb	 0.0% Packages/com.unity.render-pipelines.universal/Runtime/2D/Shadows/ShadowRendering.cs
 0.1 kb	 0.0% Packages/com.unity.render-pipelines.universal/Runtime/2D/Shadows/ShadowCaster2D.cs
 0.1 kb	 0.0% Packages/com.unity.render-pipelines.universal/Runtime/2D/Shadows/Shadow Provider Utility/VertexDictionary.cs
 0.1 kb	 0.0% Packages/com.unity.render-pipelines.universal/Runtime/2D/Shadows/Shadow Provider Utility/ShadowUtility.cs
 0.1 kb	 0.0% Packages/com.unity.render-pipelines.universal/Runtime/2D/Shadows/Shadow Provider Utility/ShadowShape2D.cs
 0.1 kb	 0.0% Packages/com.unity.render-pipelines.universal/Runtime/2D/Shadows/Shadow Provider Utility/EdgeDictionary.cs
 0.1 kb	 0.0% Packages/com.unity.render-pipelines.universal/Runtime/2D/Renderer2DData.cs
 0.1 kb	 0.0% Packages/com.unity.render-pipelines.universal/Runtime/2D/Passes/Utility/RendererLighting.cs
 0.1 kb	 0.0% Packages/com.unity.render-pipelines.universal/Runtime/2D/Passes/IRenderPass2D.cs
 0.1 kb	 0.0% Packages/com.unity.render-pipelines.universal/Runtime/2D/Lights/Providers/Light2DProvider.cs
 0.1 kb	 0.0% Packages/com.unity.render-pipelines.universal/Runtime/2D/Light2DManager.cs
 0.1 kb	 0.0% Packages/com.unity.render-pipelines.core/Runtime/XR/XROcclusionMesh.cs
 0.1 kb	 0.0% Packages/com.unity.render-pipelines.core/Runtime/Lighting/ProbeVolume/ProbeReferenceVolume.Debug.cs
 0.1 kb	 0.0% Assets/Game/ScriptableObjects/Rewards/AddBlock.asset
 0.1 kb	 0.0% Packages/com.unity.shadergraph/ShaderGraphLibrary/DummyShaderGraphLibrary.cs
 0.1 kb	 0.0% Packages/com.unity.render-pipelines.universal/ShaderLibrary/ShaderTypes.cs
 0.1 kb	 0.0% Packages/com.unity.render-pipelines.universal/ShaderLibrary/Deprecated.cs
 0.1 kb	 0.0% Packages/com.unity.render-pipelines.universal/Runtime/Tiling/TileSize.cs
 0.1 kb	 0.0% Packages/com.unity.render-pipelines.universal/Runtime/External/LibTessDotNet/Sweep.cs
 0.1 kb	 0.0% Packages/com.unity.render-pipelines.universal/Runtime/2D/Shadows/Providers/ShadowShapeProvider2D_Utility.cs
 0.1 kb	 0.0% Packages/com.unity.render-pipelines.core/Runtime/Utilities/SceneRenderPipeline.cs
 0.1 kb	 0.0% Packages/com.unity.render-pipelines.core/Runtime/Utilities/MaterialQuality.cs
 0.1 kb	 0.0% Packages/com.unity.render-pipelines.core/Runtime/Utilities/CameraCaptureBridge.cs
 0.1 kb	 0.0% Packages/com.unity.render-pipelines.core/Runtime/ShaderGenerator/ShaderGeneratorAttributes.cs
 0.1 kb	 0.0% Packages/com.unity.render-pipelines.core/Runtime/PostProcessing/LensFlareCommonSRP.cs
 0.1 kb	 0.0% Packages/com.unity.render-pipelines.core/Runtime/LookDev/IDataProvider.cs
 0.1 kb	 0.0% Packages/com.unity.render-pipelines.core/Runtime/Lighting/SphericalHarmonics.cs
 0.1 kb	 0.0% Packages/com.unity.render-pipelines.core/Runtime/Lighting/ProbeVolume/ProbeVolumeSceneData.cs
 0.1 kb	 0.0% Packages/com.unity.render-pipelines.core/Runtime/Lighting/ProbeVolume/ProbeVolumeGIContributor.cs
 0.1 kb	 0.0% Packages/com.unity.render-pipelines.core/Runtime/Lighting/ProbeVolume/ProbeTouchupVolume.cs
 0.1 kb	 0.0% Packages/com.unity.render-pipelines.core/Runtime/Lighting/ProbeVolume/ProbeReferenceVolume.cs
 0.1 kb	 0.0% Packages/com.unity.render-pipelines.core/Runtime/Documentation.cs
 0.1 kb	 0.0% Packages/com.unity.render-pipelines.core/Runtime/Debugging/Prefabs/Scripts/DebugUIHandlerWidget.cs
 0.1 kb	 0.0% Packages/com.unity.render-pipelines.core/Runtime/Debugging/Prefabs/Scripts/DebugUIHandlerValue.cs
 0.1 kb	 0.0% Packages/com.unity.render-pipelines.core/Runtime/Debugging/Prefabs/Scripts/DebugUIHandlerVBox.cs
 0.1 kb	 0.0% Packages/com.unity.render-pipelines.core/Runtime/Debugging/Prefabs/Scripts/DebugUIHandlerToggle.cs
 0.1 kb	 0.0% Packages/com.unity.render-pipelines.core/Runtime/Debugging/Prefabs/Scripts/DebugUIHandlerRow.cs
 0.1 kb	 0.0% Packages/com.unity.render-pipelines.core/Runtime/Debugging/Prefabs/Scripts/DebugUIHandlerPanel.cs
 0.1 kb	 0.0% Packages/com.unity.render-pipelines.core/Runtime/Debugging/Prefabs/Scripts/DebugUIHandlerObject.cs
 0.1 kb	 0.0% Packages/com.unity.render-pipelines.core/Runtime/Debugging/Prefabs/Scripts/DebugUIHandlerHBox.cs
 0.1 kb	 0.0% Packages/com.unity.render-pipelines.core/Runtime/Debugging/Prefabs/Scripts/DebugUIHandlerGroup.cs
 0.1 kb	 0.0% Packages/com.unity.render-pipelines.core/Runtime/Debugging/Prefabs/Scripts/DebugUIHandlerColor.cs
 0.1 kb	 0.0% Packages/com.unity.render-pipelines.core/Runtime/Debugging/Prefabs/Scripts/DebugUIHandlerCanvas.cs
 0.1 kb	 0.0% Packages/com.unity.render-pipelines.core/Runtime/Debugging/Prefabs/Scripts/DebugUIHandlerButton.cs
 0.1 kb	 0.0% Packages/com.unity.render-pipelines.core/Runtime/Debugging/MousePositionDebug.cs
 0.1 kb	 0.0% Packages/com.unity.render-pipelines.core/Runtime/Debugging/IVolumeDebugSettings.cs
 0.1 kb	 0.0% Packages/com.unity.render-pipelines.core/Runtime/Debugging/FrameTiming/FrameTimeBottleneck.cs
 0.1 kb	 0.0% Packages/com.unity.render-pipelines.core/Runtime/Common/Swap.Extensions.cs
 0.1 kb	 0.0% Packages/com.unity.render-pipelines.core/Runtime/Common/CommandBufferPool.cs
 0.1 kb	 0.0% Assets/Game/ScriptableObjects/Rewards/PathSlow.asset
 0.1 kb	 0.0% Assets/Game/ScriptableObjects/Rewards/AllDamage.asset
 0.1 kb	 0.0% Packages/com.unity.ugui/Runtime/UI/Core/Layout/HorizontalOrVerticalLayoutGroup.cs
 0.1 kb	 0.0% Packages/com.unity.render-pipelines.universal/Runtime/VGShadowData.cs
 0.1 kb	 0.0% Packages/com.unity.render-pipelines.universal/Runtime/Tiling/ZBinningJob.cs
 0.1 kb	 0.0% Packages/com.unity.render-pipelines.universal/Runtime/Tiling/TilingJob.cs
 0.1 kb	 0.0% Packages/com.unity.render-pipelines.universal/Runtime/TemporalAA.cs
 0.1 kb	 0.0% Packages/com.unity.render-pipelines.universal/Runtime/Temporal/TjsrUtils.cs
 0.1 kb	 0.0% Packages/com.unity.render-pipelines.universal/Runtime/ShadowUtils.cs
 0.1 kb	 0.0% Packages/com.unity.render-pipelines.universal/Runtime/ShaderUtils.cs
 0.1 kb	 0.0% Packages/com.unity.render-pipelines.universal/Runtime/ShaderData.cs
 0.1 kb	 0.0% Packages/com.unity.render-pipelines.universal/Runtime/Passes/CapturePass.cs
 0.1 kb	 0.0% Packages/com.unity.render-pipelines.universal/Runtime/Overrides/WhiteBalance.cs
 0.1 kb	 0.0% Packages/com.unity.render-pipelines.universal/Runtime/Overrides/Tonemapping.cs
 0.1 kb	 0.0% Packages/com.unity.render-pipelines.universal/Runtime/Overrides/SplitToning.cs
 0.1 kb	 0.0% Packages/com.unity.render-pipelines.universal/Runtime/Overrides/MotionBlur.cs
 0.1 kb	 0.0% Packages/com.unity.render-pipelines.universal/Runtime/Overrides/FilmGrain.cs
 0.1 kb	 0.0% Packages/com.unity.render-pipelines.universal/Runtime/Overrides/DepthOfField.cs
 0.1 kb	 0.0% Packages/com.unity.render-pipelines.universal/Runtime/Overrides/ColorLookup.cs
 0.1 kb	 0.0% Packages/com.unity.render-pipelines.universal/Runtime/Overrides/ColorCurves.cs
 0.1 kb	 0.0% Packages/com.unity.render-pipelines.universal/Runtime/Overrides/ChannelMixer.cs
 0.1 kb	 0.0% Packages/com.unity.render-pipelines.universal/Runtime/External/LibTessDotNet/Tess.cs
 0.1 kb	 0.0% Packages/com.unity.render-pipelines.universal/Runtime/External/LibTessDotNet/Mesh.cs
 0.1 kb	 0.0% Packages/com.unity.render-pipelines.universal/Runtime/External/LibTessDotNet/Geom.cs
 0.1 kb	 0.0% Packages/com.unity.render-pipelines.universal/Runtime/Decal/Entities/DecalChunk.cs
 0.1 kb	 0.0% Packages/com.unity.render-pipelines.universal/Runtime/Debug/DebugOverlay.cs
 0.1 kb	 0.0% Packages/com.unity.render-pipelines.universal/Runtime/Debug/DebugHandler.cs
 0.1 kb	 0.0% Packages/com.unity.render-pipelines.universal/Runtime/Data/XRSystemData.cs
 0.1 kb	 0.0% Packages/com.unity.render-pipelines.universal/Runtime/2D/UTess2D/UTess.cs
 0.1 kb	 0.0% Packages/com.unity.render-pipelines.universal/Runtime/2D/UTess2D/Smoothen.cs
 0.1 kb	 0.0% Packages/com.unity.render-pipelines.universal/Runtime/2D/UTess2D/Refinery.cs
 0.1 kb	 0.0% Packages/com.unity.render-pipelines.universal/Runtime/2D/Shadows/Shadow Provider Utility/ShadowMesh2D.cs
 0.1 kb	 0.0% Packages/com.unity.render-pipelines.universal/Runtime/2D/Shadows/Shadow Provider Utility/ShadowEdge.cs
 0.1 kb	 0.0% Packages/com.unity.render-pipelines.universal/Runtime/2D/Shadows/Shadow Provider Utility/IEdgeStore.cs
 0.1 kb	 0.0% Packages/com.unity.render-pipelines.universal/Runtime/2D/Renderer2D.cs
 0.1 kb	 0.0% Packages/com.unity.render-pipelines.universal/Runtime/2D/Provider2D.cs
 0.1 kb	 0.0% Packages/com.unity.render-pipelines.universal/Runtime/2D/Passes/Utility/LayerUtility.cs
 0.1 kb	 0.0% Packages/com.unity.render-pipelines.universal/Runtime/2D/Passes/UpscalePass.cs
 0.1 kb	 0.0% Packages/com.unity.render-pipelines.universal/Runtime/2D/LightUtility.cs
 0.1 kb	 0.0% Packages/com.unity.render-pipelines.core/Runtime/XR/XRMirrorView.cs
 0.1 kb	 0.0% Packages/com.unity.render-pipelines.core/Runtime/Lighting/ProbeVolume/ProbeIndexOfIndices.cs
 0.1 kb	 0.0% Packages/com.unity.render-pipelines.core/Runtime/Lighting/AdaptiveProbeSystem/ProbeShaderKeywords.cs
 0.1 kb	 0.0% Packages/com.unity.render-pipelines.core/Runtime/Common/CoreAttributes.cs
 0.1 kb	 0.0% Assets/Game/ScriptableObjects/Rewards/WaveGold.asset
 0.1 kb	 0.0% Assets/Game/ScriptableObjects/Rewards/TowerDiscount.asset
 0.1 kb	 0.0% Assets/Game/ScriptableObjects/Rewards/KillGold.asset
 0.1 kb	 0.0% Packages/com.unity.shadergraph/Editor/Generation/Targets/BuiltIn/Editor/ShaderGUI/MaterialAssemblyReference/RawRenderQueue.cs
 0.1 kb	 0.0% Packages/com.unity.render-pipelines.core/Runtime/Volume/VolumeProfile.cs
 0.1 kb	 0.0% Packages/com.unity.render-pipelines.core/Runtime/Volume/VolumeParameter.cs
 0.1 kb	 0.0% Packages/com.unity.render-pipelines.core/Runtime/Volume/VolumeManager.cs
 0.1 kb	 0.0% Packages/com.unity.render-pipelines.core/Runtime/Volume/VolumeDebugData.cs
 0.1 kb	 0.0% Packages/com.unity.render-pipelines.core/Runtime/Volume/VolumeComponent.cs
 0.1 kb	 0.0% Packages/com.unity.render-pipelines.core/Runtime/Volume/KeyframeUtility.cs
 0.1 kb	 0.0% Packages/com.unity.render-pipelines.core/Runtime/Utilities/TileLayoutUtils.cs
 0.1 kb	 0.0% Packages/com.unity.render-pipelines.core/Runtime/Utilities/ResourceReloader.cs
 0.1 kb	 0.0% Packages/com.unity.render-pipelines.core/Runtime/Utilities/HaltonSequence.cs
 0.1 kb	 0.0% Packages/com.unity.render-pipelines.core/Runtime/Utilities/HDROutputUtils.cs
 0.1 kb	 0.0% Packages/com.unity.render-pipelines.core/Runtime/Utilities/DelegateUtility.cs
 0.1 kb	 0.0% Packages/com.unity.render-pipelines.core/Runtime/Utilities/CoreMatrixUtils.cs
 0.1 kb	 0.0% Packages/com.unity.render-pipelines.core/Runtime/Utilities/ColorSpaceUtils.cs
 0.1 kb	 0.0% Packages/com.unity.render-pipelines.core/Runtime/Utilities/ArrayExtensions.cs
 0.1 kb	 0.0% Packages/com.unity.render-pipelines.core/Runtime/Textures/Texture2DAtlas.cs
 0.1 kb	 0.0% Packages/com.unity.render-pipelines.core/Runtime/Textures/RTHandleSystem.cs
 0.1 kb	 0.0% Packages/com.unity.render-pipelines.core/Runtime/RenderPipeline/IVolumetricCloud.cs
 0.1 kb	 0.0% Packages/com.unity.render-pipelines.core/Runtime/RenderPipeline/ICloudBackground.cs
 0.1 kb	 0.0% Packages/com.unity.render-pipelines.core/Runtime/PostProcessing/LensFlareDataSRP.cs
 0.1 kb	 0.0% Packages/com.unity.render-pipelines.core/Runtime/MetalFX/MetalFXCoreUtils.cs
 0.1 kb	 0.0% Packages/com.unity.render-pipelines.core/Runtime/Lighting/ProbeVolume/ProbeVolumeAsset.cs
 0.1 kb	 0.0% Packages/com.unity.render-pipelines.core/Runtime/Lighting/ProbeVolume/ProbeBrickPool.cs
 0.1 kb	 0.0% Packages/com.unity.render-pipelines.core/Runtime/Lighting/ProbeVolume/ProbeBrickIndex.cs
 0.1 kb	 0.0% Packages/com.unity.render-pipelines.core/Runtime/Debugging/ProfilingScope.cs
 0.1 kb	 0.0% Packages/com.unity.render-pipelines.core/Runtime/Debugging/FrameTiming/FrameTimeSample.cs
 0.1 kb	 0.0% Packages/com.unity.render-pipelines.core/Runtime/Debugging/DebugManager.UIState.cs
 0.1 kb	 0.0% Packages/com.unity.render-pipelines.core/Runtime/Debugging/DebugManager.Actions.cs
 0.1 kb	 0.0% Packages/com.unity.render-pipelines.core/Runtime/Debugging/DebugFrameTiming.cs
 0.1 kb	 0.0% Packages/com.unity.render-pipelines.core/Runtime/Common/SerializableEnum.cs
 0.1 kb	 0.0% Packages/com.unity.render-pipelines.core/Runtime/Common/IAdditionalData.cs
 0.1 kb	 0.0% Packages/com.unity.render-pipelines.core/Runtime/Common/CoreUnsafeUtils.cs
 0.1 kb	 0.0% Packages/com.unity.render-pipelines.core/Runtime/Common/ConstantBuffer.cs
 0.1 kb	 0.0% Packages/com.unity.render-pipelines.core/Runtime/Camera/CameraSwitcher.cs
 0.1 kb	 0.0% Assets/Game/ScriptableObjects/Rewards/WaveHeal.asset
 0.1 kb	 0.0% Assets/Game/ScriptableObjects/Rewards/NextDraw.asset
 0.1 kb	 0.0% Assets/Game/ScriptableObjects/Rewards/BaseHP.asset
 0.1 kb	 0.0% Packages/com.unity.ugui/Runtime/EventSystem/InputModules/StandaloneInputModule.cs
 0.1 kb	 0.0% Packages/com.unity.render-pipelines.universal/Runtime/Overrides/Vignette.cs
 0.1 kb	 0.0% Packages/com.unity.render-pipelines.universal/Runtime/Overrides/Bloom.cs
 0.1 kb	 0.0% Packages/com.unity.render-pipelines.universal/Runtime/2D/Light2D.cs
 0.1 kb	 0.0% Packages/com.unity.render-pipelines.universal/Runtime/2D/Clipper.cs
 0.1 kb	 0.0% Packages/com.unity.render-pipelines.core/Runtime/XR/XRView.cs
 0.1 kb	 0.0% Packages/com.unity.render-pipelines.core/Runtime/XR/XRSystem.cs
 0.1 kb	 0.0% Packages/com.unity.render-pipelines.core/Runtime/XR/XRPass.cs
 0.1 kb	 0.0% Packages/com.unity.render-pipelines.core/Runtime/XR/XRLayout.cs
 0.1 kb	 0.0% Packages/com.unity.render-pipelines.core/Runtime/Debugging/DebugUI.Containers.cs
 0.1 kb	 0.0% Packages/com.unity.burst/Runtime/CompilerServices/SkipLocalsInitAttribute.cs
 0.1 kb	 0.0% Packages/com.unity.burst/Runtime/CompilerServices/IgnoreWarningAttribute.cs
 0.1 kb	 0.0% Packages/com.unity.render-pipelines.core/Runtime/Volume/VolumeStack.cs
 0.1 kb	 0.0% Packages/com.unity.render-pipelines.core/Runtime/Utilities/TextureCurve.cs
 0.1 kb	 0.0% Packages/com.unity.render-pipelines.core/Runtime/Utilities/MeshGizmo.cs
 0.1 kb	 0.0% Packages/com.unity.render-pipelines.core/Runtime/Utilities/HashFNV1A32.cs
 0.1 kb	 0.0% Packages/com.unity.render-pipelines.core/Runtime/Utilities/HableCurve.cs
 0.1 kb	 0.0% Packages/com.unity.render-pipelines.core/Runtime/Utilities/CoreUtils.cs
 0.1 kb	 0.0% Packages/com.unity.render-pipelines.core/Runtime/Utilities/ColorUtils.cs
 0.1 kb	 0.0% Packages/com.unity.render-pipelines.core/Runtime/Textures/TextureXR.cs
 0.1 kb	 0.0% Packages/com.unity.render-pipelines.core/Runtime/Textures/RTHandles.cs
 0.1 kb	 0.0% Packages/com.unity.render-pipelines.core/Runtime/ShaderLibrary/Sampling/Hammersley.cs
 0.1 kb	 0.0% Packages/com.unity.render-pipelines.core/Runtime/Lighting/ProbeVolume/ProbeVolume.cs
 0.1 kb	 0.0% Packages/com.unity.render-pipelines.core/Runtime/Debugging/Prefabs/Scripts/UIFoldout.cs
 0.1 kb	 0.0% Packages/com.unity.render-pipelines.core/Runtime/Debugging/DebugUpdater.cs
 0.1 kb	 0.0% Packages/com.unity.render-pipelines.core/Runtime/Debugging/DebugUI.Panel.cs
 0.1 kb	 0.0% Packages/com.unity.render-pipelines.core/Runtime/Debugging/DebugUI.Fields.cs
 0.1 kb	 0.0% Packages/com.unity.render-pipelines.core/Runtime/Debugging/DebugShapes.cs
 0.1 kb	 0.0% Packages/com.unity.render-pipelines.core/Runtime/Debugging/DebugManager.cs
 0.1 kb	 0.0% Packages/com.unity.render-pipelines.core/Runtime/Common/XRGraphics.cs
 0.1 kb	 0.0% Packages/com.unity.render-pipelines.core/Runtime/Camera/FreeCamera.cs
 0.1 kb	 0.0% Packages/com.unity.mathematics/Unity.Mathematics/PropertyAttributes.cs
 0.1 kb	 0.0% Assets/Game/ScriptableObjects/Waves/Wave03.asset
 0.1 kb	 0.0% Assets/Game/ScriptableObjects/Rewards/AllRange.asset
 0.1 kb	 0.0% Packages/com.unity.ugui/Runtime/UI/Core/Utility/ReflectionMethodsCache.cs
 0.1 kb	 0.0% Packages/com.unity.ugui/Runtime/UI/Core/MultipleDisplayUtilities.cs
 0.1 kb	 0.0% Packages/com.unity.ugui/Runtime/UI/Core/Layout/HorizontalLayoutGroup.cs
 0.1 kb	 0.0% Packages/com.unity.ugui/Runtime/UI/Core/IGraphicEnabledDisabled.cs
 0.1 kb	 0.0% Packages/com.unity.ugui/Runtime/UI/Core/GraphicRebuildTracker.cs
 0.1 kb	 0.0% Packages/com.unity.ugui/Runtime/UI/Core/Culling/RectangularVertexClipper.cs
 0.1 kb	 0.0% Packages/com.unity.ugui/Runtime/EventSystem/Raycasters/Physics2DRaycaster.cs
 0.1 kb	 0.0% Packages/com.unity.ugui/Runtime/EventSystem/InputModules/PointerInputModule.cs
 0.1 kb	 0.0% Packages/com.unity.render-pipelines.universal/Editor/ShaderGUI/MaterialAssemblyReference/RawRenderQueue.cs
 0.1 kb	 0.0% Packages/com.unity.render-pipelines.core/ShaderLibrary/DummyShaderLibrary.cs
 0.1 kb	 0.0% Packages/com.unity.render-pipelines.core/Runtime/Utilities/BitArray.cs
 0.1 kb	 0.0% Packages/com.unity.render-pipelines.core/Runtime/Inputs/InputRegistering.cs
 0.1 kb	 0.0% Packages/com.unity.burst/Runtime/CompilerServices/AssumeRangeAttribute.cs
 0.1 kb	 0.0% Packages/com.unity.ugui/Runtime/UI/Animation/CoroutineTween.cs
 0.1 kb	 0.0% Packages/com.unity.ugui/Runtime/EventSystem/EventInterfaces.cs
 0.1 kb	 0.0% Packages/com.unity.render-pipelines.core/Runtime/Volume/Volume.cs
 0.1 kb	 0.0% Packages/com.unity.render-pipelines.core/Runtime/Volume/IVolume.cs
 0.1 kb	 0.0% Packages/com.unity.render-pipelines.core/Runtime/Utilities/XRUtils.cs
 0.1 kb	 0.0% Packages/com.unity.render-pipelines.core/Runtime/Utilities/FSRUtils.cs
 0.1 kb	 0.0% Packages/com.unity.render-pipelines.core/Runtime/Utilities/Blitter.cs
 0.1 kb	 0.0% Packages/com.unity.render-pipelines.core/Runtime/Textures/RTHandle.cs
 0.1 kb	 0.0% Packages/com.unity.render-pipelines.core/Runtime/Debugging/DebugUI.cs
 0.1 kb	 0.0% Assets/Game/Scripts/Blocks/BlockPlacementManager.cs
 0.1 kb	 0.0% Packages/com.unity.ugui/Runtime/UI/Core/SetPropertyUtility.cs
 0.1 kb	 0.0% Packages/com.unity.ugui/Runtime/UI/Core/MaterialModifiers/IMaterialModifier.cs
 0.1 kb	 0.0% Packages/com.unity.ugui/Runtime/UI/Core/Layout/VerticalLayoutGroup.cs
 0.1 kb	 0.0% Packages/com.unity.ugui/Runtime/UI/Core/Layout/ContentSizeFitter.cs
 0.1 kb	 0.0% Packages/com.unity.ugui/Runtime/UI/Core/Layout/AspectRatioFitter.cs
 0.1 kb	 0.0% Packages/com.unity.ugui/Runtime/UI/Core/FontUpdateTracker.cs
 0.1 kb	 0.0% Packages/com.unity.ugui/Runtime/UI/Core/CanvasUpdateRegistry.cs
 0.1 kb	 0.0% Packages/com.unity.ugui/Runtime/UI/Core/AnimationTriggers.cs
 0.1 kb	 0.0% Packages/com.unity.ugui/Runtime/EventSystem/Raycasters/PhysicsRaycaster.cs
 0.1 kb	 0.0% Packages/com.unity.ugui/Runtime/EventSystem/Raycasters/BaseRaycaster.cs
 0.1 kb	 0.0% Packages/com.unity.ugui/Runtime/EventSystem/RaycasterManager.cs
 0.1 kb	 0.0% Packages/com.unity.ugui/Runtime/EventSystem/RaycastResult.cs
 0.1 kb	 0.0% Packages/com.unity.ugui/Runtime/EventSystem/InputModules/TouchInputModule.cs
 0.1 kb	 0.0% Packages/com.unity.ugui/Runtime/EventSystem/InputModules/BaseInputModule.cs
 0.1 kb	 0.0% Packages/com.unity.ugui/Runtime/EventSystem/ExecuteEvents.cs
 0.1 kb	 0.0% Packages/com.unity.ugui/Runtime/EventSystem/EventData/PointerEventData.cs
 0.1 kb	 0.0% Packages/com.unity.ugui/Runtime/EventSystem/EventData/BaseEventData.cs
 0.1 kb	 0.0% Packages/com.unity.ugui/Runtime/EventSystem/EventData/AxisEventData.cs
 0.1 kb	 0.0% Packages/com.unity.render-pipelines.core/Runtime/Lights/LightAnchor.cs
 0.1 kb	 0.0% Packages/com.unity.mathematics/Unity.Mathematics/rigid_transform.cs
 0.1 kb	 0.0% Packages/com.unity.mathematics/Unity.Mathematics/math_unity_conversion.cs
 0.1 kb	 0.0% Packages/com.unity.mathematics/Unity.Mathematics/affine_transform.cs
 0.1 kb	 0.0% Packages/com.unity.mathematics/Unity.Mathematics/Geometry/MinMaxAABB.cs
 0.1 kb	 0.0% Packages/com.unity.burst/Runtime/SafeStringArrayHelper.cs
 0.1 kb	 0.0% Packages/com.unity.burst/Runtime/Editor/BurstEditorOptions.cs
 0.1 kb	 0.0% Packages/com.unity.burst/Runtime/Editor/BurstCompileTarget.cs
 0.1 kb	 0.0% Packages/com.unity.burst/Runtime/Editor/BurstAssemblyDisable.cs
 0.1 kb	 0.0% Packages/com.unity.burst/Runtime/BurstCompileAttribute.cs
 0.1 kb	 0.0% Packages/com.unity.render-pipelines.core/Runtime/TJSR/TJSR.cs
 0.1 kb	 0.0% Packages/com.unity.mathematics/Unity.Mathematics/double4x4.gen.cs
 0.1 kb	 0.0% Packages/com.unity.mathematics/Unity.Mathematics/double4x3.gen.cs
 0.1 kb	 0.0% Packages/com.unity.mathematics/Unity.Mathematics/double4x2.gen.cs
 0.1 kb	 0.0% Packages/com.unity.mathematics/Unity.Mathematics/double3x4.gen.cs
 0.1 kb	 0.0% Packages/com.unity.mathematics/Unity.Mathematics/double3x3.gen.cs
 0.1 kb	 0.0% Packages/com.unity.mathematics/Unity.Mathematics/double3x2.gen.cs
 0.1 kb	 0.0% Packages/com.unity.mathematics/Unity.Mathematics/double2x4.gen.cs
 0.1 kb	 0.0% Packages/com.unity.mathematics/Unity.Mathematics/double2x3.gen.cs
 0.1 kb	 0.0% Packages/com.unity.mathematics/Unity.Mathematics/double2x2.gen.cs
 0.1 kb	 0.0% Assets/Game/Scripts/Pathfinding/PathfindingManager.cs
 0.1 kb	 0.0% Assets/Game/Scripts/Diagnostics/PrototypeSmokeTest.cs
 0.1 kb	 0.0% Assets/Game/Scripts/Blocks/PlacementValidator.cs
 0.1 kb	 0.0% Assets/Game/ScriptableObjects/Enemies/Splitter.asset
 0.1 kb	 0.0% Assets/Game/ScriptableObjects/Enemies/Skimmer.asset
 0.1 kb	 0.0% Assets/Game/ScriptableObjects/Enemies/Shard.asset
 0.1 kb	 0.0% Assets/Game/ScriptableObjects/Enemies/Drifter.asset
 0.1 kb	 0.0% Assets/Game/ScriptableObjects/Enemies/Bulwark.asset
 0.1 kb	 0.0% Packages/com.unity.ugui/Runtime/UI/Core/VertexModifiers/PositionAsUV1.cs
 0.1 kb	 0.0% Packages/com.unity.ugui/Runtime/UI/Core/VertexModifiers/IMeshModifier.cs
 0.1 kb	 0.0% Packages/com.unity.ugui/Runtime/UI/Core/VertexModifiers/BaseMeshEffect.cs
 0.1 kb	 0.0% Packages/com.unity.ugui/Runtime/UI/Core/StencilMaterial.cs
 0.1 kb	 0.0% Packages/com.unity.ugui/Runtime/UI/Core/MaskableGraphic.cs
 0.1 kb	 0.0% Packages/com.unity.ugui/Runtime/UI/Core/MaskUtilities.cs
 0.1 kb	 0.0% Packages/com.unity.ugui/Runtime/UI/Core/Layout/LayoutUtility.cs
 0.1 kb	 0.0% Packages/com.unity.ugui/Runtime/UI/Core/Layout/LayoutRebuilder.cs
 0.1 kb	 0.0% Packages/com.unity.ugui/Runtime/UI/Core/Layout/LayoutElement.cs
 0.1 kb	 0.0% Packages/com.unity.ugui/Runtime/UI/Core/Layout/ILayoutElement.cs
 0.1 kb	 0.0% Packages/com.unity.ugui/Runtime/UI/Core/Layout/GridLayoutGroup.cs
 0.1 kb	 0.0% Packages/com.unity.ugui/Runtime/UI/Core/GraphicRegistry.cs
 0.1 kb	 0.0% Packages/com.unity.ugui/Runtime/UI/Core/GraphicRaycaster.cs
 0.1 kb	 0.0% Packages/com.unity.ugui/Runtime/UI/Core/DefaultControls.cs
 0.1 kb	 0.0% Packages/com.unity.ugui/Runtime/UI/Core/Culling/ClipperRegistry.cs
 0.1 kb	 0.0% Packages/com.unity.ugui/Runtime/EventSystem/UIBehaviour.cs
 0.1 kb	 0.0% Packages/com.unity.ugui/Runtime/EventSystem/InputModules/BaseInput.cs
 0.1 kb	 0.0% Packages/com.unity.ugui/Runtime/EventSystem/EventTrigger.cs
 0.1 kb	 0.0% Packages/com.unity.ugui/Runtime/EventSystem/EventSystem.cs
 0.1 kb	 0.0% Packages/com.unity.mathematics/Unity.Mathematics/quaternion.cs
 0.1 kb	 0.0% Packages/com.unity.mathematics/Unity.Mathematics/Noise/classicnoise4D.cs
 0.1 kb	 0.0% Packages/com.unity.mathematics/Unity.Mathematics/Noise/classicnoise3D.cs
 0.1 kb	 0.0% Packages/com.unity.mathematics/Unity.Mathematics/Noise/classicnoise2D.cs
 0.1 kb	 0.0% Packages/com.unity.mathematics/Unity.Mathematics/Noise/cellular2x2x2.cs
 0.1 kb	 0.0% Packages/com.unity.mathematics/Unity.Mathematics/Geometry/Plane.cs
 0.1 kb	 0.0% Packages/com.unity.burst/Runtime/Intrinsics/SimdDebugViews.cs
 0.1 kb	 0.0% Packages/com.unity.burst/Runtime/Editor/BurstReflection.cs
 0.1 kb	 0.0% Packages/com.unity.burst/Runtime/BurstCompilerOptions.cs
 0.1 kb	 0.0% Packages/com.unity.render-pipelines.universal/Shaders/Shaders.cs
 0.1 kb	 0.0% Packages/com.unity.mathematics/Unity.Mathematics/uint4x4.gen.cs
 0.1 kb	 0.0% Packages/com.unity.mathematics/Unity.Mathematics/uint4x3.gen.cs
 0.1 kb	 0.0% Packages/com.unity.mathematics/Unity.Mathematics/uint4x2.gen.cs
 0.1 kb	 0.0% Packages/com.unity.mathematics/Unity.Mathematics/uint4.gen.cs
 0.1 kb	 0.0% Packages/com.unity.mathematics/Unity.Mathematics/uint3x4.gen.cs
 0.1 kb	 0.0% Packages/com.unity.mathematics/Unity.Mathematics/uint3x3.gen.cs
 0.1 kb	 0.0% Packages/com.unity.mathematics/Unity.Mathematics/uint3x2.gen.cs
 0.1 kb	 0.0% Packages/com.unity.mathematics/Unity.Mathematics/uint3.gen.cs
 0.1 kb	 0.0% Packages/com.unity.mathematics/Unity.Mathematics/uint2x4.gen.cs
 0.1 kb	 0.0% Packages/com.unity.mathematics/Unity.Mathematics/uint2x3.gen.cs
 0.1 kb	 0.0% Packages/com.unity.mathematics/Unity.Mathematics/uint2x2.gen.cs
 0.1 kb	 0.0% Packages/com.unity.mathematics/Unity.Mathematics/uint2.gen.cs
 0.1 kb	 0.0% Packages/com.unity.mathematics/Unity.Mathematics/int4x4.gen.cs
 0.1 kb	 0.0% Packages/com.unity.mathematics/Unity.Mathematics/int4x3.gen.cs
 0.1 kb	 0.0% Packages/com.unity.mathematics/Unity.Mathematics/int4x2.gen.cs
 0.1 kb	 0.0% Packages/com.unity.mathematics/Unity.Mathematics/int3x4.gen.cs
 0.1 kb	 0.0% Packages/com.unity.mathematics/Unity.Mathematics/int3x3.gen.cs
 0.1 kb	 0.0% Packages/com.unity.mathematics/Unity.Mathematics/int3x2.gen.cs
 0.1 kb	 0.0% Packages/com.unity.mathematics/Unity.Mathematics/int2x4.gen.cs
 0.1 kb	 0.0% Packages/com.unity.mathematics/Unity.Mathematics/int2x3.gen.cs
 0.1 kb	 0.0% Packages/com.unity.mathematics/Unity.Mathematics/int2x2.gen.cs
 0.1 kb	 0.0% Packages/com.unity.mathematics/Unity.Mathematics/half4.gen.cs
 0.1 kb	 0.0% Packages/com.unity.mathematics/Unity.Mathematics/half3.gen.cs
 0.1 kb	 0.0% Packages/com.unity.mathematics/Unity.Mathematics/half2.gen.cs
 0.1 kb	 0.0% Packages/com.unity.mathematics/Unity.Mathematics/float4x4.gen.cs
 0.1 kb	 0.0% Packages/com.unity.mathematics/Unity.Mathematics/float4x3.gen.cs
 0.1 kb	 0.0% Packages/com.unity.mathematics/Unity.Mathematics/float4x2.gen.cs
 0.1 kb	 0.0% Packages/com.unity.mathematics/Unity.Mathematics/float4.gen.cs
 0.1 kb	 0.0% Packages/com.unity.mathematics/Unity.Mathematics/float3x4.gen.cs
 0.1 kb	 0.0% Packages/com.unity.mathematics/Unity.Mathematics/float3x3.gen.cs
 0.1 kb	 0.0% Packages/com.unity.mathematics/Unity.Mathematics/float3x2.gen.cs
 0.1 kb	 0.0% Packages/com.unity.mathematics/Unity.Mathematics/float3.gen.cs
 0.1 kb	 0.0% Packages/com.unity.mathematics/Unity.Mathematics/float2x4.gen.cs
 0.1 kb	 0.0% Packages/com.unity.mathematics/Unity.Mathematics/float2x3.gen.cs
 0.1 kb	 0.0% Packages/com.unity.mathematics/Unity.Mathematics/float2x2.gen.cs
 0.1 kb	 0.0% Packages/com.unity.mathematics/Unity.Mathematics/float2.gen.cs
 0.1 kb	 0.0% Packages/com.unity.mathematics/Unity.Mathematics/double4.gen.cs
 0.1 kb	 0.0% Packages/com.unity.mathematics/Unity.Mathematics/double3.gen.cs
 0.1 kb	 0.0% Packages/com.unity.mathematics/Unity.Mathematics/double2.gen.cs
 0.1 kb	 0.0% Packages/com.unity.mathematics/Unity.Mathematics/bool4x4.gen.cs
 0.1 kb	 0.0% Packages/com.unity.mathematics/Unity.Mathematics/bool4x3.gen.cs
 0.1 kb	 0.0% Packages/com.unity.mathematics/Unity.Mathematics/bool4x2.gen.cs
 0.1 kb	 0.0% Packages/com.unity.mathematics/Unity.Mathematics/bool4.gen.cs
 0.1 kb	 0.0% Packages/com.unity.mathematics/Unity.Mathematics/bool3x4.gen.cs
 0.1 kb	 0.0% Packages/com.unity.mathematics/Unity.Mathematics/bool3x3.gen.cs
 0.1 kb	 0.0% Packages/com.unity.mathematics/Unity.Mathematics/bool3x2.gen.cs
 0.1 kb	 0.0% Packages/com.unity.mathematics/Unity.Mathematics/bool3.gen.cs
 0.1 kb	 0.0% Packages/com.unity.mathematics/Unity.Mathematics/bool2x4.gen.cs
 0.1 kb	 0.0% Packages/com.unity.mathematics/Unity.Mathematics/bool2x3.gen.cs
 0.1 kb	 0.0% Packages/com.unity.mathematics/Unity.Mathematics/bool2x2.gen.cs
 0.1 kb	 0.0% Packages/com.unity.mathematics/Unity.Mathematics/bool2.gen.cs
 0.1 kb	 0.0% Packages/com.unity.mathematics/Unity.Mathematics/Noise/psrdnoise2D.cs
 0.1 kb	 0.0% Packages/com.unity.mathematics/Unity.Mathematics/Noise/noise3Dgrad.cs
 0.1 kb	 0.0% Packages/com.unity.mathematics/Unity.Mathematics/Noise/cellular3D.cs
 0.1 kb	 0.0% Packages/com.unity.mathematics/Unity.Mathematics/Noise/cellular2x2.cs
 0.1 kb	 0.0% Packages/com.unity.mathematics/Unity.Mathematics/Noise/cellular2D.cs
 0.1 kb	 0.0% Packages/com.unity.burst/Runtime/Intrinsics/Arm/NEON_AArch64_rdma.cs
 0.1 kb	 0.0% Packages/com.unity.burst/Runtime/Intrinsics/Arm/NEON_AArch64_dotprod.cs
 0.1 kb	 0.0% Packages/com.unity.burst/Runtime/Intrinsics/Arm/NEON_AArch64_crypto.cs
 0.1 kb	 0.0% Assets/Game/Scripts/Roguelike/RewardManager.cs
 0.1 kb	 0.0% Assets/Game/Scripts/Grid/RuinEnvironment.cs
 0.1 kb	 0.0% Assets/Game/Scripts/Core/VisualPalette.cs
 0.1 kb	 0.0% Assets/Game/Scripts/Core/GameBootstrap.cs
 0.1 kb	 0.0% Assets/Game/Scripts/Combat/FloatingDamage.cs
 0.1 kb	 0.0% Assets/Game/Scripts/Combat/CombatFeedback.cs
 0.1 kb	 0.0% Assets/Game/Scripts/Blocks/BlockShapeData.cs
 0.1 kb	 0.0% Assets/Game/Scripts/Blocks/BlockHandManager.cs
 0.1 kb	 0.0% Assets/Game/Scripts/Blocks/BlockDeckManager.cs
 0.1 kb	 0.0% Assets/Game/ScriptableObjects/Blocks/T.asset
 0.1 kb	 0.0% Assets/Game/ScriptableObjects/Blocks/S.asset
 0.1 kb	 0.0% Assets/Game/ScriptableObjects/Blocks/O.asset
 0.1 kb	 0.0% Assets/Game/ScriptableObjects/Blocks/L.asset
 0.1 kb	 0.0% Assets/Game/ScriptableObjects/Blocks/I.asset
 0.1 kb	 0.0% Packages/com.unity.ugui/Runtime/UI/Core/Utility/VertexHelper.cs
 0.1 kb	 0.0% Packages/com.unity.ugui/Runtime/UI/Core/ToggleGroup.cs
 0.1 kb	 0.0% Packages/com.unity.ugui/Runtime/UI/Core/SpriteState.cs
 0.1 kb	 0.0% Packages/com.unity.ugui/Runtime/UI/Core/Selectable.cs
 0.1 kb	 0.0% Packages/com.unity.ugui/Runtime/UI/Core/Scrollbar.cs
 0.1 kb	 0.0% Packages/com.unity.ugui/Runtime/UI/Core/ScrollRect.cs
 0.1 kb	 0.0% Packages/com.unity.ugui/Runtime/UI/Core/RectMask2D.cs
 0.1 kb	 0.0% Packages/com.unity.ugui/Runtime/UI/Core/Navigation.cs
 0.1 kb	 0.0% Packages/com.unity.ugui/Runtime/UI/Core/Layout/LayoutGroup.cs
 0.1 kb	 0.0% Packages/com.unity.ugui/Runtime/UI/Core/Layout/CanvasScaler.cs
 0.1 kb	 0.0% Packages/com.unity.ugui/Runtime/UI/Core/InputField.cs
 0.1 kb	 0.0% Packages/com.unity.ugui/Runtime/UI/Core/IMaskable.cs
 0.1 kb	 0.0% Packages/com.unity.ugui/Runtime/UI/Core/ColorBlock.cs
 0.1 kb	 0.0% Packages/com.unity.mathematics/Unity.Mathematics/random.cs
 0.1 kb	 0.0% Packages/com.unity.mathematics/Unity.Mathematics/matrix.gen.cs
 0.1 kb	 0.0% Packages/com.unity.mathematics/Unity.Mathematics/matrix.cs
 0.1 kb	 0.0% Packages/com.unity.mathematics/Unity.Mathematics/Noise/noise4D.cs
 0.1 kb	 0.0% Packages/com.unity.mathematics/Unity.Mathematics/Noise/noise3D.cs
 0.1 kb	 0.0% Packages/com.unity.mathematics/Unity.Mathematics/Noise/noise2D.cs
 0.1 kb	 0.0% Packages/com.unity.mathematics/Unity.Mathematics/Noise/common.cs
 0.1 kb	 0.0% Packages/com.unity.burst/Runtime/NoAliasAttribute.cs
 0.1 kb	 0.0% Packages/com.unity.burst/Runtime/FunctionPointer.cs
 0.1 kb	 0.0% Packages/com.unity.burst/Runtime/Editor/BurstLoader.cs
 0.1 kb	 0.0% Packages/com.unity.burst/Runtime/CompilerServices/Constant.cs
 0.1 kb	 0.0% Packages/com.unity.burst/Runtime/CompilerServices/Aliasing.cs
 0.1 kb	 0.0% Packages/com.unity.burst/Runtime/BurstString.Float.cs
 0.1 kb	 0.0% Packages/com.unity.burst/Runtime/BurstCompiler.cs
 0.1 kb	 0.0% Packages/com.unity.ugui/Runtime/UI/Core/Culling/IClipRegion.cs
 0.1 kb	 0.0% Packages/com.unity.mathematics/Unity.Mathematics/int4.gen.cs
 0.1 kb	 0.0% Packages/com.unity.mathematics/Unity.Mathematics/int3.gen.cs
 0.1 kb	 0.0% Packages/com.unity.mathematics/Unity.Mathematics/int2.gen.cs
 0.1 kb	 0.0% Packages/com.unity.burst/Runtime/Intrinsics/Common.cs
 0.1 kb	 0.0% Packages/com.unity.burst/Runtime/Intrinsics/Arm/NEON_ctor.cs
 0.1 kb	 0.0% Packages/com.unity.burst/Runtime/Intrinsics/Arm/NEON_AArch64.cs
 0.1 kb	 0.0% Assets/Game/Scripts/Waves/WaveManager.cs
 0.1 kb	 0.0% Assets/Game/Scripts/Towers/TowerManager.cs
 0.1 kb	 0.0% Assets/Game/Scripts/Towers/TowerData.cs
 0.1 kb	 0.0% Assets/Game/Scripts/Roguelike/RunModifiers.cs
 0.1 kb	 0.0% Assets/Game/Scripts/Roguelike/RewardData.cs
 0.1 kb	 0.0% Assets/Game/Scripts/Grid/GridManager.cs
 0.1 kb	 0.0% Assets/Game/Scripts/Enemies/EnemySpawner.cs
 0.1 kb	 0.0% Assets/Game/Scripts/Enemies/EnemyManager.cs
 0.1 kb	 0.0% Assets/Game/Scripts/Enemies/EnemyData.cs
 0.1 kb	 0.0% Assets/Game/Scripts/Core/RunEconomy.cs
 0.1 kb	 0.0% Assets/Game/Scripts/Core/GameManager.cs
 0.1 kb	 0.0% Assets/Game/Scripts/Core/GameConfig.cs
 0.1 kb	 0.0% Assets/Game/Scripts/Core/ArtCatalog.cs
 0.1 kb	 0.0% Assets/Game/Scripts/Combat/Projectile.cs
 0.1 kb	 0.0% Assets/Game/ScriptableObjects/Waves/Wave02.asset
 0.1 kb	 0.0% Packages/com.unity.ugui/Runtime/UI/Core/VertexModifiers/Shadow.cs
 0.1 kb	 0.0% Packages/com.unity.ugui/Runtime/UI/Core/VertexModifiers/Outline.cs
 0.1 kb	 0.0% Packages/com.unity.ugui/Runtime/UI/Core/Toggle.cs
 0.1 kb	 0.0% Packages/com.unity.ugui/Runtime/UI/Core/Slider.cs
 0.1 kb	 0.0% Packages/com.unity.ugui/Runtime/UI/Core/RawImage.cs
 0.1 kb	 0.0% Packages/com.unity.ugui/Runtime/UI/Core/Image.cs
 0.1 kb	 0.0% Packages/com.unity.ugui/Runtime/UI/Core/IMask.cs
 0.1 kb	 0.0% Packages/com.unity.ugui/Runtime/UI/Core/Graphic.cs
 0.1 kb	 0.0% Packages/com.unity.ugui/Runtime/UI/Core/FontData.cs
 0.1 kb	 0.0% Packages/com.unity.ugui/Runtime/UI/Core/Dropdown.cs
 0.1 kb	 0.0% Packages/com.unity.ugui/Runtime/UI/Core/Culling/Clipping.cs
 0.1 kb	 0.0% Packages/com.unity.ugui/Runtime/UI/Core/Button.cs
 0.1 kb	 0.0% Packages/com.unity.mathematics/Unity.Mathematics/svd.cs
 0.1 kb	 0.0% Packages/com.unity.mathematics/Unity.Mathematics/math.cs
 0.1 kb	 0.0% Packages/com.unity.mathematics/Unity.Mathematics/half.cs
 0.1 kb	 0.0% Packages/com.unity.burst/Runtime/SharedStatic.cs
 0.1 kb	 0.0% Packages/com.unity.burst/Runtime/Intrinsics/x86/Ssse3.cs
 0.1 kb	 0.0% Packages/com.unity.burst/Runtime/Intrinsics/x86/Sse4_2.cs
 0.1 kb	 0.0% Packages/com.unity.burst/Runtime/Intrinsics/x86/Sse4_1.cs
 0.1 kb	 0.0% Packages/com.unity.burst/Runtime/Intrinsics/x86/Popcnt.cs
 0.1 kb	 0.0% Packages/com.unity.burst/Runtime/Intrinsics/x86/Common.cs
 0.1 kb	 0.0% Packages/com.unity.burst/Runtime/CompilerServices/Hint.cs
 0.1 kb	 0.0% Packages/com.unity.burst/Runtime/BurstString.cs
 0.1 kb	 0.0% Packages/com.unity.burst/Runtime/BurstRuntime.cs
 0.1 kb	 0.0% Packages/com.unity.burst/Runtime/Intrinsics/x86/Sse3.cs
 0.1 kb	 0.0% Packages/com.unity.burst/Runtime/Intrinsics/x86/Sse2.cs
 0.1 kb	 0.0% Packages/com.unity.burst/Runtime/Intrinsics/x86/Sse.cs
 0.1 kb	 0.0% Packages/com.unity.burst/Runtime/Intrinsics/x86/Fma.cs
 0.1 kb	 0.0% Packages/com.unity.burst/Runtime/Intrinsics/x86/F16C.cs
 0.1 kb	 0.0% Packages/com.unity.burst/Runtime/Intrinsics/x86/Csr.cs
 0.1 kb	 0.0% Packages/com.unity.burst/Runtime/Intrinsics/x86/Bmi2.cs
 0.1 kb	 0.0% Packages/com.unity.burst/Runtime/Intrinsics/x86/Bmi1.cs
 0.1 kb	 0.0% Packages/com.unity.burst/Runtime/Intrinsics/x86/Avx2.cs
 0.1 kb	 0.0% Packages/com.unity.burst/Runtime/Intrinsics/x86/Avx.cs
 0.1 kb	 0.0% Packages/com.unity.burst/Runtime/Intrinsics/v64.cs
 0.1 kb	 0.0% Packages/com.unity.burst/Runtime/Intrinsics/v256.cs
 0.1 kb	 0.0% Packages/com.unity.burst/Runtime/Intrinsics/v128.cs
 0.1 kb	 0.0% Packages/com.unity.burst/Runtime/Intrinsics/Arm/NEON.cs
 0.1 kb	 0.0% Assets/Game/Scripts/Waves/WaveData.cs
 0.1 kb	 0.0% Assets/Game/Scripts/UI/GameUI.cs
 0.1 kb	 0.0% Assets/Game/Scripts/Towers/Tower.cs
 0.1 kb	 0.0% Assets/Game/Scripts/Grid/GridView.cs
 0.1 kb	 0.0% Assets/Game/Scripts/Enemies/Enemy.cs
 0.1 kb	 0.0% Packages/com.unity.ugui/Runtime/UI/Core/Text.cs
 0.1 kb	 0.0% Packages/com.unity.ugui/Runtime/UI/Core/Misc.cs
 0.1 kb	 0.0% Packages/com.unity.ugui/Runtime/UI/Core/Mask.cs
 0.1 kb	 0.0% Assets/Game/ScriptableObjects/Waves/Wave01.asset
-------------------------------------------------------------------------------
Build succeeded. BuildSettings licensing values: isNoWatermarkBuild=1, isEducationalBuild=0, isPrototypingBuild=0, hasPublishingRights=0, isPlayableAdsWatermarkEnabled=0, isTrial=0, licenseExpirationTime='1791466743' (UTC: 2026-10-08 13:39:03 GMT)
Unloading 178 Unused Serialized files (Serialized files now loaded: 0)
Unloading 1674 unused Assets / (2.2 MB). Loaded Objects now: 2922.
Memory consumption went from 136.8 MB to 134.6 MB.
Total: 5.860900 ms (FindLiveObjects: 0.187200 ms CreateObjectMapping: 0.111800 ms MarkObjects: 3.803000 ms  DeleteObjects: 1.756100 ms)

DisplayProgressNotification: Build Successful
Build Finished, Result: Success.
##utp:{"type":"PlayerBuildInfo","version":2,"phase":"Immediate","time":1791293947952,"processId":34136,"steps":[{"description":"Preprocess Player","duration":32},{"description":"Prepare For Build","duration":34},{"description":"ProducePlayerScriptAssemblies","duration":2817},{"description":"Verify Build setup","duration":20},{"description":"Prepare assets for target platform","duration":32},{"description":"Prepare splash screen","duration":0},{"description":"Building scenes","duration":232},{"description":"Strip built-in resources","duration":0},{"description":"Build scripts DLLs","duration":969},{"description":"Build GlobalGameManagers file","duration":94},{"description":"Writing asset files","duration":718},{"description":"Building Resources/tuanjie_builtin_extra","duration":126},{"description":"Write data build dirty tracking information","duration":118},{"description":"Postprocess built player","duration":2171}],"duration":7363}
Unloading 78 Unused Serialized files (Serialized files now loaded: 0)
Loaded scene 'Temp/__Backupscenes/0.backup'
	Deserialize:            14.873 ms
	Integration:            93.190 ms
	Integration of assets:  5.218 ms
	Thread Wait Time:       0.019 ms
	Total Operation Time:   113.300 ms
Unloading 0 unused Assets / (11.1 KB). Loaded Objects now: 3121.
Memory consumption went from 123.1 MB to 123.1 MB.
Total: 3.339500 ms (FindLiveObjects: 0.149100 ms CreateObjectMapping: 0.075400 ms MarkObjects: 3.073100 ms  DeleteObjects: 0.040300 ms)

PLAYER BUILD PASS: C:\Users\Admin\Documents\Codex\2026-10-06\unity-6-unity-emberward-3d-roguelite\outputs\StoneSignal-PC\StoneSignal.exe
UnityEngine.StackTraceUtility:ExtractStackTrace ()
UnityEngine.DebugLogHandler:LogFormat (UnityEngine.LogType,UnityEngine.Object,string,object[])
UnityEngine.Logger:Log (UnityEngine.LogType,object)
UnityEngine.Debug:Log (object)
PrototypeBuild:Build () (at Assets/Game/Editor/PrototypeBuild.cs:137)
ArtIntegration:Build () (at Assets/Game/Editor/ArtIntegration.cs:124)

(Filename: Assets/Game/Editor/PrototypeBuild.cs Line: 137)

Batchmode quit successfully invoked - shutting down!
Input System module state changed to: ShutdownInProgress.
Input System polling thread exited.
Input System module state changed to: Shutdown.
[Licensing::IpcConnector] License Notification channel disconnected successfully.
[Licensing::IpcConnector] License Client channel disconnected successfully.
Shutting down server...
Cleanup mono
[Performance] WinEditorMain                                                                                                   :        1 samples, Peak.   903 ms (1.0x), Avg.   903 ms, Total. 902.6 ms (4.6%)
[Performance] WinEditorMain.ConfigureCrashHandler                                                                             :        1 samples, Peak.  22.2 us (1.0x), Avg.  22.2 us, Total. 22.20 us (0.0%)
[Performance] WinEditorMain.CurlRequestInitialize                                                                             :        1 samples, Peak.   591 us (1.0x), Avg.   591 us, Total. 591.4 us (0.0%)
[Performance] WinEditorMain.SetupLogFile                                                                                      :        1 samples, Peak.   512 us (1.0x), Avg.   512 us, Total. 512.5 us (0.0%)
[Performance] WinEditorMain.RunNativeTestsIfRequiredAndExit                                                                   :        1 samples, Peak.   300 ns (1.0x), Avg.   300 ns, Total. 300.0 ns (0.0%)
[Performance] WinEditorMain.Licensing                                                                                         :        1 samples, Peak.   847 ms (1.0x), Avg.   847 ms, Total. 847.4 ms (4.3%)
[Performance] WinEditorMain.InitializeCrashHandler                                                                            :        1 samples, Peak.  50.2 ms (1.0x), Avg.  50.2 ms, Total. 50.18 ms (0.3%)
[Performance] WinEditorMain.CreateApplication                                                                                 :        1 samples, Peak.   150 us (1.0x), Avg.   150 us, Total. 150.2 us (0.0%)
[Performance] Application.InitializeProject                                                                                   :        1 samples, Peak.  8.63 s (1.0x), Avg.  8.63 s, Total. 8.629 s (43.8%)
[Performance] Application.PackageManager.StartServer                                                                          :        1 samples, Peak.  5.78 ms (1.0x), Avg.  5.78 ms, Total. 5.783 ms (0.0%)
[Performance] Application.AcquireProjectLock                                                                                  :        1 samples, Peak.  4.32 ms (1.0x), Avg.  4.32 ms, Total. 4.317 ms (0.0%)
[Performance] Application.InitializeEngineNoGraphics                                                                          :        1 samples, Peak.  93.3 ms (1.0x), Avg.  93.3 ms, Total. 93.28 ms (0.5%)
[Performance] Application.PackageManager.Initialize                                                                           :        1 samples, Peak.   300 ms (1.0x), Avg.   300 ms, Total. 300.3 ms (1.5%)
[Performance] Connecting to Package Manager                                                                                   :       31 samples, Peak.  64.0 us (14.8x), Avg.  4.32 us, Total. 134.0 us (0.0%)
[Performance] PackageManager::Api::RunRequestSynchronously                                                                    :       20 samples, Peak.  19.8 us (4.9x), Avg.  4.05 us, Total. 81.00 us (0.0%)
[Performance] Application.EngineGraphics.Initialize                                                                           :        1 samples, Peak.  33.5 ms (1.0x), Avg.  33.5 ms, Total. 33.55 ms (0.2%)
[Performance] Application.GI.Initialize                                                                                       :        1 samples, Peak.  3.15 ms (1.0x), Avg.  3.15 ms, Total. 3.149 ms (0.0%)
[Performance] Application.LoadAllDefaultResourcesFromEditor                                                                   :        1 samples, Peak.  2.18 ms (1.0x), Avg.  2.18 ms, Total. 2.176 ms (0.0%)
[Performance] Application.LoadMonoAssemblies                                                                                  :        1 samples, Peak.   689 ms (1.0x), Avg.   689 ms, Total. 688.9 ms (3.5%)
[Performance] RestoreManagedReferences                                                                                        :        2 samples, Peak.  50.8 ms (2.0x), Avg.  25.4 ms, Total. 50.81 ms (0.3%)
[Performance] InitializeOnLoad ProfilerConnectionPopupWindow                                                                  :        2 samples, Peak.   193 us (1.1x), Avg.   176 us, Total. 351.4 us (0.0%)
[Performance] InitializeOnLoad PlayableAdsHtmlChannelManager                                                                  :        2 samples, Peak.   576 us (1.0x), Avg.   556 us, Total. 1.112 ms (0.0%)
[Performance] InitializeOnLoad ManagedDebuggerWindow                                                                          :        2 samples, Peak.   620 us (1.3x), Avg.   463 us, Total. 925.2 us (0.0%)
[Performance] InitializeOnLoad WindowLayout                                                                                   :        2 samples, Peak.   481 us (1.1x), Avg.   441 us, Total. 881.2 us (0.0%)
[Performance] InitializeOnLoad NativeFormatImporterUtility                                                                    :        2 samples, Peak.  2.34 ms (1.2x), Avg.  1.88 ms, Total. 3.767 ms (0.0%)
[Performance] InitializeOnLoad ProjectSearch                                                                                  :        2 samples, Peak.   202 us (1.0x), Avg.   202 us, Total. 404.3 us (0.0%)
[Performance] InitializeOnLoad BuildProfileHelperManager                                                                      :        2 samples, Peak.   215 ms (1.9x), Avg.   112 ms, Total. 223.3 ms (1.1%)
[Performance] InitializeOnLoad PoolManager                                                                                    :        2 samples, Peak.  88.5 us (1.3x), Avg.  67.9 us, Total. 135.9 us (0.0%)
[Performance] InitializeOnLoad TuanjiePathAndNameFix                                                                          :        2 samples, Peak.   241 us (1.3x), Avg.   179 us, Total. 358.1 us (0.0%)
[Performance] InitializeOnLoad EditMode                                                                                       :        2 samples, Peak.   351 us (1.1x), Avg.   322 us, Total. 644.5 us (0.0%)
[Performance] InitializeOnLoad SearchService                                                                                  :        2 samples, Peak.   106 us (1.0x), Avg.   103 us, Total. 205.7 us (0.0%)
[Performance] InitializeOnLoad ObjectSelectorSearch                                                                           :        2 samples, Peak.  38.7 us (1.0x), Avg.  38.1 us, Total. 76.20 us (0.0%)
[Performance] InitializeOnLoad SceneViewCullingDebugSettings                                                                  :        2 samples, Peak.  2.22 ms (1.2x), Avg.  1.86 ms, Total. 3.728 ms (0.0%)
[Performance] InitializeOnLoad PlayModeDownload                                                                               :        2 samples, Peak.   382 us (1.6x), Avg.   232 us, Total. 463.7 us (0.0%)
[Performance] InitializeOnLoad MixerEffectDefinitionReloader                                                                  :        2 samples, Peak.  1.83 ms (1.2x), Avg.  1.51 ms, Total. 3.021 ms (0.0%)
[Performance] InitializeOnLoad UISystemProfilerRenderService                                                                  :        2 samples, Peak.  8.10 us (1.1x), Avg.  7.60 us, Total. 15.20 us (0.0%)
[Performance] InitializeOnLoad SceneSearch                                                                                    :        2 samples, Peak.  45.9 us (1.1x), Avg.  43.4 us, Total. 86.70 us (0.0%)
[Performance] InitializeOnLoad AssetStoreContext                                                                              :        2 samples, Peak.  20.2 ms (1.0x), Avg.  19.6 ms, Total. 39.22 ms (0.2%)
[Performance] InitializeOnLoad DrivenRectTransformUndo                                                                        :        2 samples, Peak.   212 us (1.1x), Avg.   198 us, Total. 395.8 us (0.0%)
[Performance] InitializeOnLoad UnityConnect                                                                                   :        2 samples, Peak.   800 ns (1.1x), Avg.   750 ns, Total. 1.500 us (0.0%)
[Performance] InitializeOnLoad PrefabInstanceChangedListener                                                                  :        2 samples, Peak.   107 us (1.0x), Avg.   103 us, Total. 206.7 us (0.0%)
[Performance] InitializeOnLoad CloudBuild                                                                                     :        2 samples, Peak.  3.80 us (1.2x), Avg.  3.10 us, Total. 6.200 us (0.0%)
[Performance] InitializeOnLoad CacheServerWindow                                                                              :        2 samples, Peak.  14.2 us (1.3x), Avg.  10.7 us, Total. 21.50 us (0.0%)
[Performance] InitializeOnLoad ShortcutIntegration                                                                            :        2 samples, Peak.  45.9 us (1.1x), Avg.  42.9 us, Total. 85.70 us (0.0%)
[Performance] InitializeOnLoad AddComponentWindow                                                                             :        2 samples, Peak.  78.1 us (1.0x), Avg.  75.5 us, Total. 151.0 us (0.0%)
[Performance] InitializeOnLoad MenuItems                                                                                      :        2 samples, Peak.  64.2 us (1.1x), Avg.  59.5 us, Total. 119.0 us (0.0%)
[Performance] InitializeOnLoad SettingsService                                                                                :        2 samples, Peak.  7.40 us (1.2x), Avg.  6.20 us, Total. 12.40 us (0.0%)
[Performance] InitializeOnLoad ManagedDebugger                                                                                :        2 samples, Peak.   400 ns (1.0x), Avg.   400 ns, Total. 800.0 ns (0.0%)
[Performance] InitializeOnLoad EditorMonitor                                                                                  :        2 samples, Peak.   496 us (1.2x), Avg.   423 us, Total. 846.8 us (0.0%)
[Performance] InitializeOnLoad RetainedMode                                                                                   :        2 samples, Peak.  1.93 ms (1.1x), Avg.  1.77 ms, Total. 3.543 ms (0.0%)
[Performance] InitializeOnLoad EditorShaderLoader                                                                             :        2 samples, Peak.   635 us (1.1x), Avg.   565 us, Total. 1.130 ms (0.0%)
[Performance] InitializeOnLoad EditorDelegateRegistration                                                                     :        2 samples, Peak.   582 us (1.2x), Avg.   473 us, Total. 945.9 us (0.0%)
[Performance] InitializeOnLoad UIDocumentHierarchyWatcher                                                                     :        2 samples, Peak.  81.8 us (1.1x), Avg.  76.5 us, Total. 152.9 us (0.0%)
[Performance] InitializeOnLoad LiveReloadTrackerCreator                                                                       :        2 samples, Peak.   159 us (1.2x), Avg.   134 us, Total. 267.5 us (0.0%)
[Performance] InitializeOnLoad UxmlObjectEditorFactories                                                                      :        2 samples, Peak.   469 us (1.0x), Avg.   449 us, Total. 898.3 us (0.0%)
[Performance] InitializeOnLoad UXMLEditorFactories                                                                            :        2 samples, Peak.  42.9 ms (1.0x), Avg.  42.5 ms, Total. 84.92 ms (0.4%)
[Performance] InitializeOnLoad PurchasingService                                                                              :        2 samples, Peak.  5.28 ms (1.0x), Avg.  5.22 ms, Total. 10.45 ms (0.1%)
[Performance] InitializeOnLoad CloudBuildPoller                                                                               :        2 samples, Peak.  86.6 us (1.0x), Avg.  86.0 us, Total. 172.1 us (0.0%)
[Performance] InitializeOnLoad EditorGameServicesAnalytics                                                                    :        2 samples, Peak.  2.28 ms (1.8x), Avg.  1.28 ms, Total. 2.568 ms (0.0%)
[Performance] InitializeOnLoad AnalyticsService                                                                               :        2 samples, Peak.   161 us (1.1x), Avg.   145 us, Total. 289.3 us (0.0%)
[Performance] InitializeOnLoad BuildService                                                                                   :        2 samples, Peak.   116 us (1.1x), Avg.   105 us, Total. 210.0 us (0.0%)
[Performance] InitializeOnLoad AdsService                                                                                     :        2 samples, Peak.   480 us (1.2x), Avg.   412 us, Total. 824.0 us (0.0%)
[Performance] InitializeOnLoad UDPService                                                                                     :        2 samples, Peak.   150 us (1.1x), Avg.   137 us, Total. 273.2 us (0.0%)
[Performance] InitializeOnLoad CrashService                                                                                   :        2 samples, Peak.   112 us (1.0x), Avg.   109 us, Total. 217.3 us (0.0%)
[Performance] InitializeOnLoad ServicesRepository                                                                             :        2 samples, Peak.   400 ns (1.0x), Avg.   400 ns, Total. 800.0 ns (0.0%)
[Performance] InitializeOnLoad SearchWindow                                                                                   :        2 samples, Peak.   130 us (1.2x), Avg.   107 us, Total. 215.0 us (0.0%)
[Performance] InitializeOnLoad CustomIndexers                                                                                 :        2 samples, Peak.  14.1 ms (1.1x), Avg.  12.9 ms, Total. 25.84 ms (0.1%)
[Performance] InitializeOnLoad SearchMonitor                                                                                  :        2 samples, Peak.   893 us (1.1x), Avg.   832 us, Total. 1.663 ms (0.0%)
[Performance] InitializeOnLoad ParameterControllerEditor                                                                      :        2 samples, Peak.  25.5 us (1.2x), Avg.  21.5 us, Total. 43.10 us (0.0%)
[Performance] InitializeOnLoad LayerSettingsWindow                                                                            :        2 samples, Peak.  31.2 us (1.8x), Avg.  17.4 us, Total. 34.70 us (0.0%)
[Performance] InitializeOnLoad PackageManagerHookGUIDConverter.RegisterPackagesEventHandler                                   :        2 samples, Peak.   696 us (1.5x), Avg.   455 us, Total. 910.8 us (0.0%)
[Performance] InitializeOnLoad EditorDragAndDrop.RegisterEditorClient                                                         :        2 samples, Peak.   393 us (1.4x), Avg.   273 us, Total. 546.4 us (0.0%)
[Performance] InitializeOnLoad EditorEventCallbacks.InitializeFontAssetResourceChangeCallBacks                                :        2 samples, Peak.  1.38 ms (1.2x), Avg.  1.14 ms, Total. 2.274 ms (0.0%)
[Performance] InitializeOnLoad SceneTemplateService.Init                                                                      :        2 samples, Peak.   920 us (1.1x), Avg.   864 us, Total. 1.727 ms (0.0%)
[Performance] InitializeOnLoad DiagnosticSwitchesConsoleMessage.Init                                                          :        2 samples, Peak.  5.63 ms (1.7x), Avg.  3.35 ms, Total. 6.691 ms (0.0%)
[Performance] InitializeOnLoad MemoryProfilerCompilationGuard.InjectCompileGuard                                              :        2 samples, Peak.   143 us (1.1x), Avg.   128 us, Total. 256.5 us (0.0%)
[Performance] InitializeOnLoad SysrootManager.Initialize                                                                      :        2 samples, Peak.  12.6 us (1.1x), Avg.  11.6 us, Total. 23.20 us (0.0%)
[Performance] InitializeOnLoad EditorWindow.Initialize                                                                        :        2 samples, Peak.   280 us (1.2x), Avg.   232 us, Total. 463.2 us (0.0%)
[Performance] InitializeOnLoad SceneVisibilityManager.Initialize                                                              :        2 samples, Peak.  4.07 ms (1.6x), Avg.  2.53 ms, Total. 5.067 ms (0.0%)
[Performance] InitializeOnLoad ScopedRegistryAddedPopup.SubscribeToRegistriesAdded                                            :        2 samples, Peak.   241 us (1.2x), Avg.   196 us, Total. 391.2 us (0.0%)
[Performance] InitializeOnLoad ToolShortcutContext.Init                                                                       :        2 samples, Peak.   171 us (1.3x), Avg.   135 us, Total. 269.7 us (0.0%)
[Performance] InitializeOnLoad PackageManagerWindow.EditorInitializedInSafeMode                                               :        2 samples, Peak.  83.1 us (1.2x), Avg.  72.0 us, Total. 144.0 us (0.0%)
[Performance] InitializeOnLoad AssetPostprocessingInternal.RefreshCustomDependencies                                          :        2 samples, Peak.  1.99 ms (1.0x), Avg.  1.97 ms, Total. 3.947 ms (0.0%)
[Performance] AssemblyReloadEvents.afterAssemblyReload: UnityEditor.PackageManager.TuanjiePathAndNameFix.FixTuanjieNameOrPath :        2 samples, Peak.  3.81 ms (1.2x), Avg.  3.08 ms, Total. 6.158 ms (0.0%)
[Performance] AssemblyReloadEvents.afterAssemblyReload: UnityEditor.SceneTemplate.SceneTemplateService.AfterAssemblyReload    :        2 samples, Peak.  9.57 ms (2.0x), Avg.  4.90 ms, Total. 9.791 ms (0.0%)
[Performance] ProcessService.EditorAfterLoadAllAssemblies                                                                     :        2 samples, Peak.   564 us (1.5x), Avg.   378 us, Total. 755.6 us (0.0%)
[Performance] Application.ReadLicenseInfo                                                                                     :        1 samples, Peak.   215 us (1.0x), Avg.   215 us, Total. 214.9 us (0.0%)
[Performance] Application.InitialRefresh                                                                                      :        1 samples, Peak.  5.44 s (1.0x), Avg.  5.44 s, Total. 5.441 s (27.6%)
[Performance] ShaderImporter.SourceAssetModified                                                                              :        4 samples, Peak.   800 ns (1.3x), Avg.   600 ns, Total. 2.400 us (0.0%)
[Performance] ShaderIncludeImporter.SourceAssetModified                                                                       :        4 samples, Peak.  1000 ns (1.2x), Avg.   800 ns, Total. 3.200 us (0.0%)
[Performance] Compiling Scripts                                                                                               :        1 samples, Peak.  2.05 s (1.0x), Avg.  2.05 s, Total. 2.054 s (10.4%)
[Performance] AssemblyReloadEvents.beforeAssemblyReload: UnityEditor.SceneTemplate.SceneTemplateService.BeforeAssemblyReload  :        1 samples, Peak.   393 us (1.0x), Avg.   393 us, Total. 393.0 us (0.0%)
[Performance] PresetManagerPostProcessor.OnPreprocessAsset                                                                    :       76 samples, Peak.   892 us (36.3x), Avg.  24.6 us, Total. 1.868 ms (0.0%)
[Performance] CancelSplashScreenOnAssetChange.OnPreprocessAsset                                                               :       76 samples, Peak.   106 us (31.4x), Avg.  3.37 us, Total. 256.4 us (0.0%)
[Performance] ShaderGraphAssetPostProcessor.OnPreprocessAsset                                                                 :       76 samples, Peak.   145 us (32.4x), Avg.  4.47 us, Total. 339.9 us (0.0%)
[Performance] InitializeOnLoad BurstLoader                                                                                    :        1 samples, Peak.  1.25 s (1.0x), Avg.  1.25 s, Total. 1.255 s (6.4%)
[Performance] InitializeOnLoad ShadowCasterGroup2DManager                                                                     :        1 samples, Peak.   106 us (1.0x), Avg.   106 us, Total. 105.6 us (0.0%)
[Performance] InitializeOnLoad ProbeGIBaking                                                                                  :        1 samples, Peak.  2.55 ms (1.0x), Avg.  2.55 ms, Total. 2.546 ms (0.0%)
[Performance] InitializeOnLoad VGWizard                                                                                       :        1 samples, Peak.   620 us (1.0x), Avg.   620 us, Total. 620.4 us (0.0%)
[Performance] InitializeOnLoad RenderingDefineManager                                                                         :        1 samples, Peak.   144 us (1.0x), Avg.   144 us, Total. 143.5 us (0.0%)
[Performance] InitializeOnLoad RealtimeProbeSubdivisionDebug                                                                  :        1 samples, Peak.  1.60 ms (1.0x), Avg.  1.60 ms, Total. 1.599 ms (0.0%)
[Performance] InitializeOnLoad FilterWindow                                                                                   :        1 samples, Peak.  46.3 us (1.0x), Avg.  46.3 us, Total. 46.30 us (0.0%)
[Performance] InitializeOnLoad NodeClassCache                                                                                 :        1 samples, Peak.  6.10 us (1.0x), Avg.  6.10 us, Total. 6.100 us (0.0%)
[Performance] InitializeOnLoad ShaderGraphMaterialsUpdater                                                                    :        2 samples, Peak.   418 us (1.1x), Avg.   391 us, Total. 781.6 us (0.0%)
[Performance] InitializeOnLoad PrefabLayoutRebuilder                                                                          :        1 samples, Peak.   415 us (1.0x), Avg.   415 us, Total. 415.0 us (0.0%)
[Performance] InitializeOnLoad Renderer2DAnalytics                                                                            :        1 samples, Peak.   162 us (1.0x), Avg.   162 us, Total. 161.9 us (0.0%)
[Performance] InitializeOnLoad MaterialReimporter.RegisterUpgraderReimport                                                    :        2 samples, Peak.   337 us (1.9x), Avg.   180 us, Total. 359.5 us (0.0%)
[Performance] InitializeOnLoad DebugManagerWindowLifetimeAnalytic.SubscribeToDebugManagerOpenCloseWindows                     :        1 samples, Peak.  1.15 ms (1.0x), Avg.  1.15 ms, Total. 1.146 ms (0.0%)
[Performance] InitializeOnLoad CoreRenderPipelinePreferences.InitPreferenceProviders                                          :        1 samples, Peak.  51.2 ms (1.0x), Avg.  51.2 ms, Total. 51.19 ms (0.3%)
[Performance] InitializeOnLoad VolumeGizmoDrawer.InitVolumeGizmoCallbacks                                                     :        1 samples, Peak.   336 us (1.0x), Avg.   336 us, Total. 336.3 us (0.0%)
[Performance] InitializeOnLoad $BurstDirectCallInitializer.Initialize                                                         :        2 samples, Peak.  14.1 ms (1.0x), Avg.  13.9 ms, Total. 27.88 ms (0.1%)
[Performance] DidReloadScriptsDebugWindow.OnEditorReload                                                                      :        1 samples, Peak.  11.4 ms (1.0x), Avg.  11.4 ms, Total. 11.41 ms (0.1%)
[Performance] DidReloadScriptsLookDev.OnEditorReload                                                                          :        1 samples, Peak.   304 us (1.0x), Avg.   304 us, Total. 304.2 us (0.0%)
[Performance] DidReloadScriptsVolumeComponentEditor.OnEditorReload                                                            :        1 samples, Peak.  23.4 ms (1.0x), Avg.  23.4 ms, Total. 23.41 ms (0.1%)
[Performance] DidReloadScriptsVGWizard.WizardBehaviour                                                                        :        1 samples, Peak.  9.00 us (1.0x), Avg.  9.00 us, Total. 9.000 us (0.0%)
[Performance] DidReloadScriptsAdvancedDropdownWindow.OnScriptReload                                                           :        1 samples, Peak.   258 us (1.0x), Avg.   258 us, Total. 257.7 us (0.0%)
[Performance] AssetDatabase.ImportAssets                                                                                      :       41 samples, Peak.   103 ms (30.4x), Avg.  3.40 ms, Total. 139.5 ms (0.7%)
[Performance] VersionControl.Task.Wait                                                                                        :        1 samples, Peak.  5.70 us (1.0x), Avg.  5.70 us, Total. 5.700 us (0.0%)
[Performance] BuilderAssetPostprocessor.OnPostprocessAllAssets                                                                :       66 samples, Peak.  2.44 ms (23.4x), Avg.   104 us, Total. 6.873 ms (0.0%)
[Performance] ArtifactBrowserPostProcessor.OnPostprocessAllAssets                                                             :       66 samples, Peak.   437 us (26.6x), Avg.  16.4 us, Total. 1.083 ms (0.0%)
[Performance] AssetEvents.OnPostprocessAllAssets                                                                              :      132 samples, Peak.   269 us (33.0x), Avg.  8.15 us, Total. 1.076 ms (0.0%)
[Performance] AudioMixerPostprocessor.OnPostprocessAllAssets                                                                  :       66 samples, Peak.   255 us (26.5x), Avg.  9.61 us, Total. 634.4 us (0.0%)
[Performance] DomainReloadPostprocessor.OnPostprocessAllAssets                                                                :       66 samples, Peak.  1.39 ms (25.4x), Avg.  54.6 us, Total. 3.603 ms (0.0%)
[Performance] StyleCatalogPostProcessor.OnPostprocessAllAssets                                                                :       66 samples, Peak.  24.3 ms (32.7x), Avg.   745 us, Total. 49.14 ms (0.2%)
[Performance] BuildCatalog                                                                                                    :        1 samples, Peak.  22.6 ms (1.0x), Avg.  22.6 ms, Total. 22.59 ms (0.1%)
[Performance] ModelImporterPostProcessor.OnPostprocessAllAssets                                                               :       66 samples, Peak.  6.85 ms (12.9x), Avg.   530 us, Total. 34.98 ms (0.2%)
[Performance] MaterialPostprocessor.OnPostprocessAllAssets                                                                    :      132 samples, Peak.  1.25 ms (19.3x), Avg.  65.0 us, Total. 8.578 ms (0.0%)
[Performance] UniversalRenderPipelineGlobalSettingsPostprocessor.OnPostprocessAllAssets                                       :       66 samples, Peak.  1.57 ms (31.2x), Avg.  50.5 us, Total. 3.332 ms (0.0%)
[Performance] RetainedModeAssetPostprocessor.OnPostprocessAllAssets                                                           :       66 samples, Peak.  6.63 ms (31.6x), Avg.   210 us, Total. 13.86 ms (0.1%)
[Performance] AssetChangedListener.OnPostprocessAllAssets                                                                     :       66 samples, Peak.  1.54 ms (20.9x), Avg.  73.7 us, Total. 4.862 ms (0.0%)
[Performance] PostProcessor.OnPostprocessAllAssets                                                                            :       66 samples, Peak.   199 us (10.8x), Avg.  18.4 us, Total. 1.213 ms (0.0%)
[Performance] ShaderFunctionAssetPostProcessor.OnPostprocessAllAssets                                                         :       66 samples, Peak.   515 ms (33.0x), Avg.  15.6 ms, Total. 1.030 s (5.2%)
[Performance] ShaderGraphAssetPostProcessor.OnPostprocessAllAssets                                                            :       66 samples, Peak.  1.35 ms (11.3x), Avg.   120 us, Total. 7.888 ms (0.0%)
[Performance] SpeedTreePostProcessor.OnPostprocessAllAssets                                                                   :       66 samples, Peak.   163 us (13.4x), Avg.  12.2 us, Total. 802.9 us (0.0%)
[Performance] TextAssetPostProcessor.OnPostprocessAllAssets                                                                   :       66 samples, Peak.  1.28 ms (23.7x), Avg.  53.8 us, Total. 3.551 ms (0.0%)
[Performance] SyncVS.PostprocessSyncProject                                                                                   :       33 samples, Peak.  1.70 ms (22.1x), Avg.  76.9 us, Total. 2.536 ms (0.0%)
[Performance] EditorApplication.projectChanged: UnityEditor.Audio.MixerEffectDefinitionReloader.OnProjectChanged              :        2 samples, Peak.   395 us (1.1x), Avg.   355 us, Total. 709.3 us (0.0%)
[Performance] EditorApplication.projectChanged: UnityEngine.Rendering.RenderingDefineManager.OnProjectChanged                 :        2 samples, Peak.   123 us (1.4x), Avg.  87.0 us, Total. 174.0 us (0.0%)
[Performance] Application.ImportPackagesAndSetTemplateWhenCreatingProject                                                     :        1 samples, Peak.  14.5 ms (1.0x), Avg.  14.5 ms, Total. 14.45 ms (0.1%)
[Performance] Application.SyncCurrentColorSpace                                                                               :        1 samples, Peak.  26.4 ms (1.0x), Avg.  26.4 ms, Total. 26.38 ms (0.1%)
[Performance] Application.OnUsbDevicesChanged                                                                                 :        1 samples, Peak.  2.14 ms (1.0x), Avg.  2.14 ms, Total. 2.140 ms (0.0%)
[Performance] Application.AssetInstanceCacheUpdate                                                                            :        1 samples, Peak.   400 ns (1.0x), Avg.   400 ns, Total. 400.0 ns (0.0%)
[Performance] Application.UnityExtensions.Initialize                                                                          :        1 samples, Peak.  2.35 ms (1.0x), Avg.  2.35 ms, Total. 2.348 ms (0.0%)
[Performance] CodeEditorProjectSync.SyncEditorProject                                                                         :        1 samples, Peak.   119 us (1.0x), Avg.   119 us, Total. 118.7 us (0.0%)
[Performance] Application.ExecuteStartups                                                                                     :        1 samples, Peak.  38.2 ms (1.0x), Avg.  38.2 ms, Total. 38.19 ms (0.2%)
[Performance] Menu.RegisterMenuInterface                                                                                      :       27 samples, Peak.   800 ns (5.0x), Avg.   159 ns, Total. 4.300 us (0.0%)
[Performance] Gizmo.RebuildRenderers                                                                                          :        2 samples, Peak.  34.9 ms (1.5x), Avg.  23.4 ms, Total. 46.82 ms (0.2%)
[Performance] Gizmo.AddGizmoRenderers                                                                                         :      100 samples, Peak.  1.16 ms (42.8x), Avg.  27.1 us, Total. 2.710 ms (0.0%)
[Performance] Application.editorInitializingProject                                                                           :        1 samples, Peak.   287 ms (1.0x), Avg.   287 ms, Total. 287.2 ms (1.5%)
[Performance] Application.InitializeMenu                                                                                      :        1 samples, Peak.  42.9 ms (1.0x), Avg.  42.9 ms, Total. 42.88 ms (0.2%)
[Performance] Menu.RebuildAll                                                                                                 :        1 samples, Peak.  42.9 ms (1.0x), Avg.  42.9 ms, Total. 42.86 ms (0.2%)
[Performance] Menu.BuildRegisteredMenuInterfaces                                                                              :        1 samples, Peak.  40.9 ms (1.0x), Avg.  40.9 ms, Total. 40.92 ms (0.2%)
[Performance] Menu.FilterMenuItem                                                                                             :      647 samples, Peak.  16.3 ms (639.8x), Avg.  25.4 us, Total. 16.47 ms (0.1%)
[Performance] UpdateAllMenus                                                                                                  :        1 samples, Peak.   436 us (1.0x), Avg.   436 us, Total. 436.1 us (0.0%)
[Performance] Menu.RebuildOSMainMenu                                                                                          :        3 samples, Peak.  2.23 ms (1.3x), Avg.  1.75 ms, Total. 5.237 ms (0.0%)
[Performance] EditorSceneManager.sceneClosing: UnityEditor.SceneVisibilityManager.EditorSceneManagerOnSceneClosing            :        9 samples, Peak.   237 us (8.3x), Avg.  28.7 us, Total. 258.2 us (0.0%)
[Performance] EditorSceneManager.activeSceneChangedInEditMode: UnityEditor.Rendering.VGWizard.OnSceneChanged                  :        9 samples, Peak.   246 us (4.4x), Avg.  55.4 us, Total. 498.6 us (0.0%)
[Performance] GUIView.RepaintAll.PlayerLoopController                                                                         :        4 samples, Peak.  1.10 us (1.2x), Avg.   900 ns, Total. 3.600 us (0.0%)
[Performance] EditorSceneManager.newSceneCreated: UnityEditor.SceneTemplate.SceneTemplateService.OnNewSceneCreated            :        3 samples, Peak.   247 us (3.0x), Avg.  83.4 us, Total. 250.1 us (0.0%)
[Performance] EditorSceneManager.newSceneCreated: UnityEditor.SceneVisibilityManager.EditorSceneManagerOnNewSceneCreated      :        3 samples, Peak.   216 us (2.7x), Avg.  79.6 us, Total. 238.7 us (0.0%)
[Performance] EditorSceneManager.newSceneCreated: UnityEditor.SceneManagement.StageNavigationManager.OnNewSceneCreated        :        3 samples, Peak.  54.3 us (2.9x), Avg.  19.0 us, Total. 57.00 us (0.0%)
[Performance] Application.InvokeFinishedLoadingProject                                                                        :        1 samples, Peak.  3.59 ms (1.0x), Avg.  3.59 ms, Total. 3.585 ms (0.0%)
[Performance] ProcessService.OnProjectLoaded                                                                                  :        1 samples, Peak.  37.7 us (1.0x), Avg.  37.7 us, Total. 37.70 us (0.0%)
[Performance] AssetDatabase.Refresh                                                                                           :        3 samples, Peak.  61.9 ms (2.5x), Avg.  24.7 ms, Total. 74.24 ms (0.4%)
[Performance] AssetDatabase.ImportAsset                                                                                       :       28 samples, Peak.  41.0 ms (1.6x), Avg.  25.6 ms, Total. 715.6 ms (3.6%)
[Performance] ModelImporter.Import                                                                                            :       18 samples, Peak.  16.1 ms (1.4x), Avg.  11.2 ms, Total. 201.7 ms (1.0%)
[Performance] ModelPostprocessor.OnPostprocessModel                                                                           :       18 samples, Peak.  3.39 ms (16.8x), Avg.   202 us, Total. 3.630 ms (0.0%)
[Performance] TreeAOImporter.OnPostprocessModel                                                                               :       18 samples, Peak.   588 us (15.1x), Avg.  38.8 us, Total. 699.2 us (0.0%)
[Performance] SceneDataContainer.TransformHierarchyChangedSetParentCallback                                                   :      486 samples, Peak.  20.5 us (51.3x), Avg.   400 ns, Total. 194.2 us (0.0%)
[Performance] SceneVisibilityState.IsFlagSetInParents                                                                         :      627 samples, Peak.  1.40 us (8.7x), Avg.   161 ns, Total. 101.1 us (0.0%)
[Performance] BuilderAssetModificationProcessor.OnWillSaveAssets                                                              :       23 samples, Peak.   304 us (15.8x), Avg.  19.2 us, Total. 441.3 us (0.0%)
[Performance] TerrainModificationProcessor.OnWillSaveAssets                                                                   :       23 samples, Peak.   454 us (21.6x), Avg.  21.0 us, Total. 484.0 us (0.0%)
[Performance] TextureImporter.Import                                                                                          :        9 samples, Peak.  3.88 ms (1.3x), Avg.  2.91 ms, Total. 26.15 ms (0.1%)
[Performance] Light2DPostProcess.OnPostprocessSprites                                                                         :        9 samples, Peak.   592 us (6.7x), Avg.  88.3 us, Total. 794.9 us (0.0%)
[Performance] EditorSceneManager.sceneOpening: UnityEditor.SceneVisibilityManager.EditorSceneManagerOnSceneOpening            :        4 samples, Peak.   129 us (3.5x), Avg.  36.7 us, Total. 146.9 us (0.0%)
[Performance] Inspector.InitOrRebuild                                                                                         :        7 samples, Peak.   358 us (2.2x), Avg.   159 us, Total. 1.114 ms (0.0%)
[Performance] EditorSceneManager.sceneOpened: UnityEditor.SceneTemplate.SceneTemplateService.OnSceneOpened                    :        5 samples, Peak.   179 us (4.8x), Avg.  37.0 us, Total. 185.0 us (0.0%)
[Performance] EditorSceneManager.sceneOpened: UnityEditor.SceneVisibilityManager.EditorSceneManagerOnSceneOpened              :        5 samples, Peak.   104 us (3.4x), Avg.  30.1 us, Total. 150.7 us (0.0%)
[Performance] EditorSceneManager.sceneOpened: UnityEditor.SceneManagement.StageNavigationManager.OnSceneOpened                :        5 samples, Peak.  41.3 us (4.6x), Avg.  9.04 us, Total. 45.20 us (0.0%)
[Performance] EditorSceneManager.sceneSaving: UnityEditor.Rendering.VGWizard.OnSceneSaving                                    :        1 samples, Peak.   295 us (1.0x), Avg.   295 us, Total. 294.5 us (0.0%)
[Performance] EditorSceneManager.sceneSaving: UnityEditor.SceneTemplate.SceneTemplateService.OnSceneSaving                    :        1 samples, Peak.   141 us (1.0x), Avg.   141 us, Total. 140.9 us (0.0%)
[Performance] EditorSceneManager.sceneSaving: UnityEditor.SceneVisibilityManager.EditorSceneManagerOnSceneSaving              :        1 samples, Peak.  92.8 us (1.0x), Avg.  92.8 us, Total. 92.80 us (0.0%)
[Performance] MaterialModificationProcessor.OnWillCreateAsset                                                                 :        2 samples, Peak.   205 us (1.2x), Avg.   169 us, Total. 337.3 us (0.0%)
[Performance] BuilderAssetModificationProcessor.OnWillCreateAsset                                                             :        1 samples, Peak.   195 us (1.0x), Avg.   195 us, Total. 195.3 us (0.0%)
[Performance] EditorSceneManager.sceneSaved: UnityEditor.SceneTemplate.SceneTemplateService.OnSceneSaved                      :        1 samples, Peak.  18.5 ms (1.0x), Avg.  18.5 ms, Total. 18.54 ms (0.1%)
[Performance] EditorSceneManager.sceneSaved: UnityEditor.SceneVisibilityManager.EditorSceneManagerOnSceneSaved                :        1 samples, Peak.   100 us (1.0x), Avg.   100 us, Total. 100.2 us (0.0%)
[Performance] GenerateAssemblyTypeInfos                                                                                       :        2 samples, Peak.  13.7 ms (1.2x), Avg.  11.9 ms, Total. 23.84 ms (0.1%)
[Performance] UnityBuildPostprocessor.OnProcessScene                                                                          :        1 samples, Peak.   427 us (1.0x), Avg.   427 us, Total. 427.0 us (0.0%)
[Performance] EditorApplication.quitting: Unity.Burst.Editor.BurstLoader.OnEditorApplicationQuitting                          :        1 samples, Peak.  28.8 us (1.0x), Avg.  28.8 us, Total. 28.80 us (0.0%)
[Performance] EditorApplication.quitting: callback in UnityEditor.TextCore.Text.EditorEventCallbacks                          :        1 samples, Peak.  11.7 ms (1.0x), Avg.  11.7 ms, Total. 11.74 ms (0.1%)
[Performance] Application.Shutdown.PauseProfilerSession                                                                       :        1 samples, Peak.  42.2 us (1.0x), Avg.  42.2 us, Total. 42.20 us (0.0%)
[Performance] Application.Shutdown.PauseAssetImportWorkers                                                                    :        1 samples, Peak.   285 us (1.0x), Avg.   285 us, Total. 284.6 us (0.0%)
[Performance] Application.Shutdown.SaveAssets                                                                                 :        1 samples, Peak.  2.78 ms (1.0x), Avg.  2.78 ms, Total. 2.781 ms (0.0%)
[Performance] Application.Shutdown.CleanupRenderPipeline                                                                      :        1 samples, Peak.  5.04 ms (1.0x), Avg.  5.04 ms, Total. 5.038 ms (0.0%)
[Performance] Application.Shutdown.StopPreloadManager                                                                         :        1 samples, Peak.  9.85 ms (1.0x), Avg.  9.85 ms, Total. 9.851 ms (0.0%)
[Performance] Application.Shutdown.DestroyWorld                                                                               :        1 samples, Peak.   453 us (1.0x), Avg.   453 us, Total. 452.5 us (0.0%)
[Performance] Application.Shutdown.CleanupAfterLoad                                                                           :        1 samples, Peak.  98.2 ms (1.0x), Avg.  98.2 ms, Total. 98.18 ms (0.5%)
[Performance] Application.Shutdown.Progress                                                                                   :        1 samples, Peak.  8.90 us (1.0x), Avg.  8.90 us, Total. 8.900 us (0.0%)
[Performance] Application.Shutdown.GICleanupManagers                                                                          :        1 samples, Peak.   470 us (1.0x), Avg.   470 us, Total. 470.1 us (0.0%)
[Performance] Application.Shutdown.MenuCleanupClass                                                                           :        1 samples, Peak.   197 us (1.0x), Avg.   197 us, Total. 197.1 us (0.0%)
[Performance] Application.Shutdown.ADBSaveStateBeforeShutdown                                                                 :        1 samples, Peak.  8.20 us (1.0x), Avg.  8.20 us, Total. 8.200 us (0.0%)
[Performance] Application.Shutdown.RemoteShutdown                                                                             :        1 samples, Peak.  1.70 us (1.0x), Avg.  1.70 us, Total. 1.700 us (0.0%)
[Performance] Application.Shutdown.CleanupVCProvider                                                                          :        1 samples, Peak.  10.2 us (1.0x), Avg.  10.2 us, Total. 10.20 us (0.0%)
[Performance] Application.Shutdown.InputShutdown                                                                              :        1 samples, Peak.   500 ns (1.0x), Avg.   500 ns, Total. 500.0 ns (0.0%)
[Performance] Application.Shutdown.GizmoManagerDestroy                                                                        :        1 samples, Peak.   811 us (1.0x), Avg.   811 us, Total. 810.7 us (0.0%)
[Performance] Application.Shutdown.ProfilerSession                                                                            :        1 samples, Peak.   200 us (1.0x), Avg.   200 us, Total. 200.0 us (0.0%)
[Performance] Application.Shutdown.ReleaseGfxWindowOnAllGUIViews                                                              :        1 samples, Peak.   400 ns (1.0x), Avg.   400 ns, Total. 400.0 ns (0.0%)
[Performance] Application.Shutdown.CleanupEngine                                                                              :        1 samples, Peak.  87.8 ms (1.0x), Avg.  87.8 ms, Total. 87.78 ms (0.4%)
[Performance] Application.Shutdown.CleanupAssetDatabase                                                                       :        1 samples, Peak.  8.62 ms (1.0x), Avg.  8.62 ms, Total. 8.622 ms (0.0%)
[Performance] Application.Shutdown.ScriptCompilationCleanUp                                                                   :        1 samples, Peak.  18.7 ms (1.0x), Avg.  18.7 ms, Total. 18.67 ms (0.1%)
[Performance] Application.Shutdown.DestroyJobSystem                                                                           :        1 samples, Peak.   105 us (1.0x), Avg.   105 us, Total. 105.4 us (0.0%)
[Performance] Application.Shutdown.CleanupPersistentManager                                                                   :        1 samples, Peak.  1.38 ms (1.0x), Avg.  1.38 ms, Total. 1.378 ms (0.0%)
[Performance] Application.Shutdown.CleanupAsyncReadManager                                                                    :        1 samples, Peak.   292 us (1.0x), Avg.   292 us, Total. 292.4 us (0.0%)
[Performance] Application.Shutdown.CleanupProgressBar                                                                         :        1 samples, Peak.   400 ns (1.0x), Avg.   400 ns, Total. 400.0 ns (0.0%)
[Performance] Application.Shutdown.CleanupMono                                                                                :        1 samples, Peak.  75.2 ms (1.0x), Avg.  75.2 ms, Total. 75.19 ms (0.4%)
[Performance] Application.Shutdown.CleanupStdConverters                                                                       :        1 samples, Peak.  9.30 us (1.0x), Avg.  9.30 us, Total. 9.300 us (0.0%)
[Performance] Application.Shutdown.UnloadAllPlatformSupportModuleNativeDlls                                                   :        1 samples, Peak.   700 ns (1.0x), Avg.   700 ns, Total. 700.0 ns (0.0%)
[Performance] Application.Shutdown.UnloadAllPlatformSupportNativeLibraries                                                    :        1 samples, Peak. 0.0 (-nan(ind)x), Avg. 0.0, Total. 0.0 (0.0%)
[Performance] Application.Shutdown.CleanupAutoDocumentation                                                                   :        1 samples, Peak.   401 us (1.0x), Avg.   401 us, Total. 400.5 us (0.0%)
[Performance] Application.Shutdown.ShaderNameManagerDestroy                                                                   :        1 samples, Peak.  53.7 us (1.0x), Avg.  53.7 us, Total. 53.70 us (0.0%)
[Performance] Application.Shutdown.CleanupCacheServer                                                                         :        1 samples, Peak.   100 ns (1.0x), Avg.   100 ns, Total. 100.0 ns (0.0%)
[Performance] Application.Shutdown.Virtualization_Shutdown                                                                    :        1 samples, Peak.   400 ns (1.0x), Avg.   400 ns, Total. 400.0 ns (0.0%)
[Performance] Application.Shutdown.DevConnections                                                                             :        1 samples, Peak.   170 us (1.0x), Avg.   170 us, Total. 170.5 us (0.0%)
Exiting batchmode successfully now!
Exiting without the bug reporter. Application will terminate with return code 0