[Licensing::Module] Trying to connect to existing licensing client channel...
[Licensing::IpcConnector] Successfully connected to the License Client on channel: "LicenseClient-Admin" at "2026-10-07T01:22:27.4811167Z"
[Licensing::Client] Error: Code 1 while verifying Licensing Client signature (process Id: 29440, path: "C:/Program Files/Tuanjie Hub/TuanjieLicensingClient_V1/Tuanjie.Licensing.Client.exe")
[Licensing::Module] Error: LicensingClient has failed validation; ignoring
[Licensing::Client] Successfully send message: {"AuthorizationCheck":"Ewh6pCyhB+0wHw==","messageType":"HandshakeRequest","protocolVersion":"1.12","userAgent":"TuanjieEditor/2022.3.62t16 (Windows; U; Windows NT 10.0; zh)","externalCorrelationId":"4227518268104609671"} at 1791336147
[Licensing::Client] Successfully receive message: {"protocolVersion":"1.12","sessionId":"d66f8937ec4846049fe4ce3e425d4efc","context":{"DeviceName":"DESKTOP-OI8J0E1","DeviceModel":"System Product Name (ASUS)","PhysicalMemoryMB":"16197","SystemLanguageISO":"zh","ProcessorCount":"16","ProcessorType":"12th Gen Intel(R) Core(TM) i5-12600KF","OperatingSystem":"Windows 10  (10.0.26200) 64bit","OperatingSystemNumeric":"1000","Legacy.MachineBinding1":"00326-10000-00000-AA348","Legacy.MachineBinding2":"00000_00_000000_00_04A82B_07_169210_C0.2","Legacy.MachineBinding4":"U3lzdGVtIFNlcmlhbCBOdW1iZXI=","Legacy.MachineBinding5":"08:bf:b8:02:a3:97","EnvironmentUser":"Admin","EnvironmentDomain":"DESKTOP-OI8J0E1","EnvironmentHostname":"DESKTOP-OI8J0E1"},"assemblyProductVersion":"1.14.0+af049b8","machineId":"r8zj1h9rGFu0pvwq0OhXvHgsGl4=","correlationId":"374b94492226de5c81bdac12b16ab30c","responseCode":200,"responseStatus":"Handshake successful","messageType":"HandshakeResponse"} at 1791336147
[Licensing::Client] Handshaking with LicensingClient:
  Version:                 1.14.0+af049b8
  Session Id:              d66f8937ec4846049fe4ce3e425d4efc
  Correlation Id:          374b94492226de5c81bdac12b16ab30c
  External correlation Id: 4227518268104609671
  Machine Id:              r8zj1h9rGFu0pvwq0OhXvHgsGl4=
[Licensing::Module] Successfully connected to LicensingClient on channel: "LicenseClient-Admin" (connect: 0.00s, validation: 0.05s, handshake: 0.01s)
[Licensing::IpcConnector] Successfully connected to the License Notification on channel: "LicenseClient-Admin-notifications" at "2026-10-07T01:22:27.5395699Z"
[Licensing::Module] Error: Access token is unavailable; failed to update
[Licensing::Client] Successfully send message: {"AuthorizationCheck":"1Diumv5dDGjW8g==","messageType":"UpdateLicenseRequest","AccessToken":"","OrgId":"","ProjectId":"","forceUpdateLicense":true} at 1791336147
[Licensing::Client] Successfully receive message: {"responseCode":200,"responseStatus":"Licenses updated.","messageType":"UpdateLicenseResponse","authorizationCheck":"1Diumv5dDGjW8lSbrn+9VS2izXec"} at 1791336148
[Licensing::Client] Attempt to check time stamp (startTime: 1791336147, endTime: 1791336148)
[Licensing::Client] Successfully updated license
Built from 'tuanjie/1.10/staging' branch; Version is '2022.3.62t16 (ab17684acf1d) revision 11212648'; Using compiler version '192829333'; Build Type 'Release'
OS: 'Windows 11  (10.0.26200) 64bit Core' Language: 'zh' Physical Memory: 16197 MB
[Licensing::Client] Successfully send message: {"AuthorizationCheck":"Yq4zMFNdRFRZFQ==","messageType":"EntitlementDetailsRequest","entitlementIds":["com.unity.editor.legacy.pro","com.unity.editor.headless"],"packageEntitlementIds":[],"includeCustomData":false} at 1791336148
[Licensing::Client] Successfully receive message: {"entitlementGroups":[{"entitlementGroupId":"F4-NDMC-VS9D-37TA-8N5R-W7KD","entitlementGroupIdHash":"1afdcc1a4787d25df0a97a7f68d97f2d1957c7d6","productName":"Unity Personal","productType":"TuanjieEditor","licenseType":"ULF","expiration":1791771748000,"matchedEntitlements":[{"entitlementId":"com.unity.editor.headless","isPackage":false,"count":1}]}],"responseCode":200,"responseStatus":"Found 1 entitlement groups and 0 free entitlements matching requested entitlement ids","messageType":"EntitlementDetailsResponse","authorizationCheck":"Yq4zMFNdRFRZFULIRuXL5BIyKc0g"} at 1791336148
[Licensing::Client] Attempt to check time stamp (startTime: 1791336148, endTime: 1791336148)
[Licensing::Client] Successfully resolved entitlement details
[Licensing::Module] Serial number assigned to: "F4-NDMC-VS9D-37TA-8N5R-XXXX"
BatchMode: 1, IsHumanControllingUs: 0, StartBugReporterOnCrash: 0, Is64bit: 1, IsPro: 0
[Licensing::Client] Successfully send message: {"AuthorizationCheck":"Yq4zMFNdRFRZFQ==","messageType":"EntitlementDetailsRequest","entitlementIds":["com.unity.editor.headless","com.unity.editor.ui"],"packageEntitlementIds":[],"includeCustomData":false} at 1791336148
[Licensing::Client] Successfully receive message: {"entitlementGroups":[{"entitlementGroupId":"F4-NDMC-VS9D-37TA-8N5R-W7KD","entitlementGroupIdHash":"1afdcc1a4787d25df0a97a7f68d97f2d1957c7d6","productName":"Unity Personal","productType":"TuanjieEditor","licenseType":"ULF","expiration":1791771748000,"matchedEntitlements":[{"entitlementId":"com.unity.editor.ui","isPackage":false,"count":1},{"entitlementId":"com.unity.editor.headless","isPackage":false,"count":1}]}],"responseCode":200,"responseStatus":"Found 1 entitlement groups and 0 free entitlements matching requested entitlement ids","messageType":"EntitlementDetailsResponse","authorizationCheck":"Yq4zMFNdRFRZFULIRuXL5BIyKc0g"} at 1791336148
[Licensing::Client] Attempt to check time stamp (startTime: 1791336148, endTime: 1791336148)
[Licensing::Client] Successfully resolved entitlement details

COMMAND LINE ARGUMENTS:
C:\Program Files\Tuanjie\Hub\Editor\2022.3.62t16\Editor\Tuanjie.exe
-batchmode
-quit
-projectPath
C:\Users\Admin\Documents\Codex\2026-10-06\unity-6-unity-emberward-3d-roguelite\outputs\StoneSignal-Edit
-executeMethod
ThirdPartyArtIntegration.Import
-logFile
C:\Users\Admin\Documents\Codex\2026-10-06\unity-6-unity-emberward-3d-roguelite\outputs\StoneSignal-Edit\art-import.log
Successfully changed project path to: C:\Users\Admin\Documents\Codex\2026-10-06\unity-6-unity-emberward-3d-roguelite\outputs\StoneSignal-Edit
C:/Users/Admin/Documents/Codex/2026-10-06/unity-6-unity-emberward-3d-roguelite/outputs/StoneSignal-Edit
[Memory] Configuration Parameters - Can be set up in boot.config
    "memorysetup-bucket-allocator-granularity=16"
    "memorysetup-bucket-allocator-bucket-count=8"
    "memorysetup-bucket-allocator-block-size=33554432"
    "memorysetup-bucket-allocator-block-count=8"
    "memorysetup-main-allocator-block-size=16777216"
    "memorysetup-thread-allocator-block-size=16777216"
    "memorysetup-gfx-main-allocator-block-size=16777216"
    "memorysetup-gfx-thread-allocator-block-size=16777216"
    "memorysetup-cache-allocator-block-size=4194304"
    "memorysetup-typetree-allocator-block-size=2097152"
    "memorysetup-profiler-bucket-allocator-granularity=16"
    "memorysetup-profiler-bucket-allocator-bucket-count=8"
    "memorysetup-profiler-bucket-allocator-block-size=33554432"
    "memorysetup-profiler-bucket-allocator-block-count=8"
    "memorysetup-profiler-allocator-block-size=16777216"
    "memorysetup-profiler-editor-allocator-block-size=1048576"
    "memorysetup-temp-allocator-size-main=16777216"
    "memorysetup-job-temp-allocator-block-size=2097152"
    "memorysetup-job-temp-allocator-block-size-background=1048576"
    "memorysetup-job-temp-allocator-reduction-small-platforms=262144"
    "memorysetup-allocator-temp-initial-block-size-main=262144"
    "memorysetup-allocator-temp-initial-block-size-worker=262144"
    "memorysetup-temp-allocator-size-gfx=262144"
    "memorysetup-temp-allocator-size-background-worker=32768"
    "memorysetup-temp-allocator-size-job-worker=262144"
    "memorysetup-temp-allocator-size-preload-manager=33554432"
    "memorysetup-temp-allocator-size-nav-mesh-worker=65536"
    "memorysetup-temp-allocator-size-audio-worker=65536"
    "memorysetup-temp-allocator-size-cloud-worker=32768"
    "memorysetup-temp-allocator-size-gi-baking-worker=262144"
    "memorysetup-temp-allocator-size-gfx=262144"
Player connection [28600]  Target information:

Player connection [28600]  * "[IP] 192.168.1.249 [Port] 55504 [Flags] 2 [Guid] 2887209192 [EditorId] 2887209192 [Version] 1048832 [Id] WindowsEditor(7,DESKTOP-OI8J0E1) [Debug] 1 [PackageName] WindowsEditor [ProjectName] Editor" 

Player connection [28600]  * "[IP] 169.254.89.148 [Port] 55504 [Flags] 2 [Guid] 2887209192 [EditorId] 2887209192 [Version] 1048832 [Id] WindowsEditor(7,DESKTOP-OI8J0E1) [Debug] 1 [PackageName] WindowsEditor [ProjectName] Editor" 

Player connection [28600]  * "[IP] 169.254.195.37 [Port] 55504 [Flags] 2 [Guid] 2887209192 [EditorId] 2887209192 [Version] 1048832 [Id] WindowsEditor(7,DESKTOP-OI8J0E1) [Debug] 1 [PackageName] WindowsEditor [ProjectName] Editor" 

Player connection [28600] Host joined multi-casting on [225.0.0.222:54997]...
Player connection [28600] Host joined alternative multi-casting on [225.0.0.222:34997]...
Input System module state changed to: Initialized.
AS: AutoStreaming module initializing.
[LiveLink] LiveLink library is loaded successfully. Initializing...
Begin write certificate to file.
Write certificate complete, return 1.
InitScreenManager.StartServer, cert is C:/Users/Admin/AppData/Roaming/Tuanjie/20072-rest-certificate.pem
Start HTTP server port 38000, HTTPS server port 38443.
[Package Manager] UpmClient::Connect -- Connected to IPC stream "Upm-20072" after 0.2 seconds.
[Licensing::Client] Successfully send message: {"AuthorizationCheck":"Yq4zMFNdRFRZFQ==","messageType":"EntitlementDetailsRequest","entitlementIds":["com.unity.editor.ui","com.unity.editor.headless","com.unity.editor.dark-skin","com.unity.editor.disable-splash-screen","com.unity.editor.legacy.embedded","com.unity.editor.legacy.pro","com.unity.editor.platforms.android","com.unity.editor.platforms.android.pro","com.unity.editor.platforms.ios","com.unity.editor.platforms.ios.pro","com.unity.editor.platforms.nintendo3ds","com.unity.editor.platforms.ps4","com.unity.editor.platforms.pzazz","com.unity.editor.platforms.uwp","com.unity.editor.platforms.uwp.pro","com.unity.editor.platforms.vita","com.unity.editor.platforms.xboxone","com.unity.editor.watermarks.disable","com.unity.editor.watermarks.edu","com.unity.editor.watermarks.prototyping","com.unity.editor.watermarks.trial","com.unity.editor.time-limited-license","com.unity.editor.internal-developer","com.unity.tiny","cn.tuanjie.hmirp","com.unity.editor.unity.compliant","com.unity.editor.platforms.minigame","com.unity.editor.watermarks.forcedisable","com.unity.editor.guid.encryption","com.unity.editor.open-harmony.analytics.disabled","com.unity.editor.mini-game.analytics.disabled","com.unity.editor.last.activation.date","com.unity.editor.unity.expiration.2d","com.unity.editor.unity.expiration.7d","com.unity.editor.playableads.watermark","com.unity.editor.android.analytics.enable","com.unity.editor.ios.analytics.enable"],"packageEntitlementIds":[],"includeCustomData":false} at 1791336148
[Licensing::Client] Successfully receive message: {"entitlementGroups":[{"entitlementGroupId":"F4-NDMC-VS9D-37TA-8N5R-W7KD","entitlementGroupIdHash":"1afdcc1a4787d25df0a97a7f68d97f2d1957c7d6","productName":"Unity Personal","productType":"TuanjieEditor","licenseType":"ULF","expiration":1791771748000,"matchedEntitlements":[{"entitlementId":"com.unity.editor.platforms.android","isPackage":false,"count":1},{"entitlementId":"com.unity.editor.platforms.uwp","isPackage":false,"count":1},{"entitlementId":"com.unity.editor.platforms.minigame","isPackage":false,"count":1},{"entitlementId":"com.unity.editor.platforms.ios","isPackage":false,"count":1},{"entitlementId":"com.unity.editor.guid.encryption","isPackage":false,"count":1},{"entitlementId":"com.unity.editor.ui","isPackage":false,"count":1},{"entitlementId":"com.unity.editor.headless","isPackage":false,"count":1},{"entitlementId":"com.unity.editor.unity.expiration.2d","isPackage":false,"count":1},{"entitlementId":"com.unity.editor.ios.analytics.enable","isPackage":false,"count":1},{"entitlementId":"com.unity.editor.android.analytics.enable","isPackage":false,"count":1},{"entitlementId":"com.unity.editor.watermarks.forcedisable","isPackage":false,"count":1},{"entitlementId":"com.unity.editor.last.activation.date","isPackage":false,"count":1},{"entitlementId":"com.unity.editor.unity.compliant","isPackage":false,"count":1},{"entitlementId":"com.unity.editor.mini-game.analytics.disabled","isPackage":false,"count":1},{"entitlementId":"com.unity.editor.time-limited-license","isPackage":false,"count":1}]}],"responseCode":200,"responseStatus":"Found 1 entitlement groups and 0 free entitlements matching requested entitlement ids","messageType":"EntitlementDetailsResponse","authorizationCheck":"Yq4zMFNdRFRZFULIRuXL5BIyKc0h"} at 1791336149
[Licensing::Client] Attempt to check time stamp (startTime: 1791336148, endTime: 1791336149)
[Licensing::Client] Successfully resolved entitlement details
[Licensing::Client] Successfully send message: {"AuthorizationCheck":"Yq4zMFNdRFRZFA==","messageType":"EntitlementDetailsRequest","entitlementIds":["com.unity.editor.allow-mix-usage","com.unity.editor.headless"],"packageEntitlementIds":[],"includeCustomData":false} at 1791336149
[Licensing::Client] Successfully receive message: {"entitlementGroups":[{"entitlementGroupId":"F4-NDMC-VS9D-37TA-8N5R-W7KD","entitlementGroupIdHash":"1afdcc1a4787d25df0a97a7f68d97f2d1957c7d6","productName":"Unity Personal","productType":"TuanjieEditor","licenseType":"ULF","expiration":1791771748000,"matchedEntitlements":[{"entitlementId":"com.unity.editor.headless","isPackage":false,"count":1}]}],"responseCode":200,"responseStatus":"Found 1 entitlement groups and 0 free entitlements matching requested entitlement ids","messageType":"EntitlementDetailsResponse","authorizationCheck":"Yq4zMFNdRFRZFELIRuXL5JlIIF95"} at 1791336149
[Licensing::Client] Attempt to check time stamp (startTime: 1791336149, endTime: 1791336149)
[Licensing::Client] Successfully resolved entitlement details
[Package Manager] Restoring resolved packages state from cache
[Licensing::Client] Successfully send message: {"AuthorizationCheck":"Yq4zMFNdRFRZFA==","messageType":"EntitlementDetailsRequest","entitlementIds":[],"packageEntitlementIds":["com.unity.render-pipelines.universal","com.unity.ugui","com.unity.modules.audio","com.unity.modules.animation","com.unity.modules.imgui","com.unity.modules.jsonserialize","com.unity.modules.physics","com.unity.modules.particlesystem","com.unity.modules.ui","com.unity.modules.imageconversion","com.unity.modules.screencapture","com.unity.mathematics","com.unity.burst","com.unity.modules.tuanjiegi","com.unity.render-pipelines.core","com.unity.shadergraph","com.unity.render-pipelines.universal-config","com.unity.searcher","com.unity.modules.terrain"],"includeCustomData":false} at 1791336149
[Licensing::Client] Successfully receive message: {"freeEntitlementIds":["com.unity.render-pipelines.universal","com.unity.ugui","com.unity.modules.audio","com.unity.modules.animation","com.unity.modules.imgui","com.unity.modules.jsonserialize","com.unity.modules.physics","com.unity.modules.particlesystem","com.unity.modules.ui","com.unity.modules.imageconversion","com.unity.modules.screencapture","com.unity.mathematics","com.unity.burst","com.unity.modules.tuanjiegi","com.unity.render-pipelines.core","com.unity.shadergraph","com.unity.render-pipelines.universal-config","com.unity.searcher","com.unity.modules.terrain"],"responseCode":200,"responseStatus":"Found 0 entitlement groups and 19 free entitlements matching requested entitlement ids","messageType":"EntitlementDetailsResponse","authorizationCheck":"Yq4zMFNdRFRZFELIRuXL5JlIIF95"} at 1791336149
[Licensing::Client] Attempt to check time stamp (startTime: 1791336149, endTime: 1791336149)
[Licensing::Client] Successfully resolved entitlement details
[Package Manager] Registered 19 packages:
  Packages from [https://packages.tuanjie.cn]:
    com.unity.mathematics@1.3.2 (location: C:\Users\Admin\Documents\Codex\2026-10-06\unity-6-unity-emberward-3d-roguelite\outputs\StoneSignal-Edit\Library\PackageCache\com.unity.mathematics@1.3.2)
    com.unity.burst@1.8.30-t2 (location: C:\Users\Admin\Documents\Codex\2026-10-06\unity-6-unity-emberward-3d-roguelite\outputs\StoneSignal-Edit\Library\PackageCache\com.unity.burst@1.8.30-t2)
    com.unity.searcher@4.9.2 (location: C:\Users\Admin\Documents\Codex\2026-10-06\unity-6-unity-emberward-3d-roguelite\outputs\StoneSignal-Edit\Library\PackageCache\com.unity.searcher@4.9.2)
  Built-in packages:
    com.unity.render-pipelines.universal@14.2.0-t1 (location: C:\Users\Admin\Documents\Codex\2026-10-06\unity-6-unity-emberward-3d-roguelite\outputs\StoneSignal-Edit\Library\PackageCache\com.unity.render-pipelines.universal@14.2.0-t1)
    com.unity.ugui@1.0.0 (location: C:\Users\Admin\Documents\Codex\2026-10-06\unity-6-unity-emberward-3d-roguelite\outputs\StoneSignal-Edit\Library\PackageCache\com.unity.ugui@1.0.0)
    com.unity.modules.audio@1.0.0 (location: C:\Users\Admin\Documents\Codex\2026-10-06\unity-6-unity-emberward-3d-roguelite\outputs\StoneSignal-Edit\Library\PackageCache\com.unity.modules.audio@1.0.0)
    com.unity.modules.animation@1.0.0 (location: C:\Users\Admin\Documents\Codex\2026-10-06\unity-6-unity-emberward-3d-roguelite\outputs\StoneSignal-Edit\Library\PackageCache\com.unity.modules.animation@1.0.0)
    com.unity.modules.imgui@1.0.0 (location: C:\Users\Admin\Documents\Codex\2026-10-06\unity-6-unity-emberward-3d-roguelite\outputs\StoneSignal-Edit\Library\PackageCache\com.unity.modules.imgui@1.0.0)
    com.unity.modules.jsonserialize@1.0.0 (location: C:\Users\Admin\Documents\Codex\2026-10-06\unity-6-unity-emberward-3d-roguelite\outputs\StoneSignal-Edit\Library\PackageCache\com.unity.modules.jsonserialize@1.0.0)
    com.unity.modules.physics@1.0.0 (location: C:\Users\Admin\Documents\Codex\2026-10-06\unity-6-unity-emberward-3d-roguelite\outputs\StoneSignal-Edit\Library\PackageCache\com.unity.modules.physics@1.0.0)
    com.unity.modules.particlesystem@1.0.0 (location: C:\Users\Admin\Documents\Codex\2026-10-06\unity-6-unity-emberward-3d-roguelite\outputs\StoneSignal-Edit\Library\PackageCache\com.unity.modules.particlesystem@1.0.0)
    com.unity.modules.ui@1.0.0 (location: C:\Users\Admin\Documents\Codex\2026-10-06\unity-6-unity-emberward-3d-roguelite\outputs\StoneSignal-Edit\Library\PackageCache\com.unity.modules.ui@1.0.0)
    com.unity.modules.imageconversion@1.0.0 (location: C:\Users\Admin\Documents\Codex\2026-10-06\unity-6-unity-emberward-3d-roguelite\outputs\StoneSignal-Edit\Library\PackageCache\com.unity.modules.imageconversion@1.0.0)
    com.unity.modules.screencapture@1.0.0 (location: C:\Users\Admin\Documents\Codex\2026-10-06\unity-6-unity-emberward-3d-roguelite\outputs\StoneSignal-Edit\Library\PackageCache\com.unity.modules.screencapture@1.0.0)
    com.unity.modules.tuanjiegi@1.0.0 (location: C:\Users\Admin\Documents\Codex\2026-10-06\unity-6-unity-emberward-3d-roguelite\outputs\StoneSignal-Edit\Library\PackageCache\com.unity.modules.tuanjiegi@1.0.0)
    com.unity.render-pipelines.core@14.2.0-t1 (location: C:\Users\Admin\Documents\Codex\2026-10-06\unity-6-unity-emberward-3d-roguelite\outputs\StoneSignal-Edit\Library\PackageCache\com.unity.render-pipelines.core@14.2.0-t1)
    com.unity.shadergraph@14.2.0-t1 (location: C:\Users\Admin\Documents\Codex\2026-10-06\unity-6-unity-emberward-3d-roguelite\outputs\StoneSignal-Edit\Library\PackageCache\com.unity.shadergraph@14.2.0-t1)
    com.unity.render-pipelines.universal-config@14.2.0-t1 (location: C:\Users\Admin\Documents\Codex\2026-10-06\unity-6-unity-emberward-3d-roguelite\outputs\StoneSignal-Edit\Library\PackageCache\com.unity.render-pipelines.universal-config@14.2.0-t1)
    com.unity.modules.terrain@1.0.0 (location: C:\Users\Admin\Documents\Codex\2026-10-06\unity-6-unity-emberward-3d-roguelite\outputs\StoneSignal-Edit\Library\PackageCache\com.unity.modules.terrain@1.0.0)
[Subsystems] No new subsystems found in resolved package list.
Package Manager log level set to [2]
[Package Manager] Done registering packages in 0.08 seconds
[Package Manager] Done resolving packages in 1.15 seconds
[Package Manager] Registered 19 packages:
  Packages from [https://packages.tuanjie.cn]:
    com.unity.mathematics@1.3.2 (location: C:\Users\Admin\Documents\Codex\2026-10-06\unity-6-unity-emberward-3d-roguelite\outputs\StoneSignal-Edit\Library\PackageCache\com.unity.mathematics@1.3.2)
    com.unity.burst@1.8.30-t2 (location: C:\Users\Admin\Documents\Codex\2026-10-06\unity-6-unity-emberward-3d-roguelite\outputs\StoneSignal-Edit\Library\PackageCache\com.unity.burst@1.8.30-t2)
    com.unity.searcher@4.9.2 (location: C:\Users\Admin\Documents\Codex\2026-10-06\unity-6-unity-emberward-3d-roguelite\outputs\StoneSignal-Edit\Library\PackageCache\com.unity.searcher@4.9.2)
  Built-in packages:
    com.unity.render-pipelines.universal@14.2.0-t1 (location: C:\Users\Admin\Documents\Codex\2026-10-06\unity-6-unity-emberward-3d-roguelite\outputs\StoneSignal-Edit\Library\PackageCache\com.unity.render-pipelines.universal@14.2.0-t1)
    com.unity.ugui@1.0.0 (location: C:\Users\Admin\Documents\Codex\2026-10-06\unity-6-unity-emberward-3d-roguelite\outputs\StoneSignal-Edit\Library\PackageCache\com.unity.ugui@1.0.0)
    com.unity.modules.audio@1.0.0 (location: C:\Users\Admin\Documents\Codex\2026-10-06\unity-6-unity-emberward-3d-roguelite\outputs\StoneSignal-Edit\Library\PackageCache\com.unity.modules.audio@1.0.0)
    com.unity.modules.animation@1.0.0 (location: C:\Users\Admin\Documents\Codex\2026-10-06\unity-6-unity-emberward-3d-roguelite\outputs\StoneSignal-Edit\Library\PackageCache\com.unity.modules.animation@1.0.0)
    com.unity.modules.imgui@1.0.0 (location: C:\Users\Admin\Documents\Codex\2026-10-06\unity-6-unity-emberward-3d-roguelite\outputs\StoneSignal-Edit\Library\PackageCache\com.unity.modules.imgui@1.0.0)
    com.unity.modules.jsonserialize@1.0.0 (location: C:\Users\Admin\Documents\Codex\2026-10-06\unity-6-unity-emberward-3d-roguelite\outputs\StoneSignal-Edit\Library\PackageCache\com.unity.modules.jsonserialize@1.0.0)
    com.unity.modules.physics@1.0.0 (location: C:\Users\Admin\Documents\Codex\2026-10-06\unity-6-unity-emberward-3d-roguelite\outputs\StoneSignal-Edit\Library\PackageCache\com.unity.modules.physics@1.0.0)
    com.unity.modules.particlesystem@1.0.0 (location: C:\Users\Admin\Documents\Codex\2026-10-06\unity-6-unity-emberward-3d-roguelite\outputs\StoneSignal-Edit\Library\PackageCache\com.unity.modules.particlesystem@1.0.0)
    com.unity.modules.ui@1.0.0 (location: C:\Users\Admin\Documents\Codex\2026-10-06\unity-6-unity-emberward-3d-roguelite\outputs\StoneSignal-Edit\Library\PackageCache\com.unity.modules.ui@1.0.0)
    com.unity.modules.imageconversion@1.0.0 (location: C:\Users\Admin\Documents\Codex\2026-10-06\unity-6-unity-emberward-3d-roguelite\outputs\StoneSignal-Edit\Library\PackageCache\com.unity.modules.imageconversion@1.0.0)
    com.unity.modules.screencapture@1.0.0 (location: C:\Users\Admin\Documents\Codex\2026-10-06\unity-6-unity-emberward-3d-roguelite\outputs\StoneSignal-Edit\Library\PackageCache\com.unity.modules.screencapture@1.0.0)
    com.unity.modules.tuanjiegi@1.0.0 (location: C:\Users\Admin\Documents\Codex\2026-10-06\unity-6-unity-emberward-3d-roguelite\outputs\StoneSignal-Edit\Library\PackageCache\com.unity.modules.tuanjiegi@1.0.0)
    com.unity.render-pipelines.core@14.2.0-t1 (location: C:\Users\Admin\Documents\Codex\2026-10-06\unity-6-unity-emberward-3d-roguelite\outputs\StoneSignal-Edit\Library\PackageCache\com.unity.render-pipelines.core@14.2.0-t1)
    com.unity.shadergraph@14.2.0-t1 (location: C:\Users\Admin\Documents\Codex\2026-10-06\unity-6-unity-emberward-3d-roguelite\outputs\StoneSignal-Edit\Library\PackageCache\com.unity.shadergraph@14.2.0-t1)
    com.unity.render-pipelines.universal-config@14.2.0-t1 (location: C:\Users\Admin\Documents\Codex\2026-10-06\unity-6-unity-emberward-3d-roguelite\outputs\StoneSignal-Edit\Library\PackageCache\com.unity.render-pipelines.universal-config@14.2.0-t1)
    com.unity.modules.terrain@1.0.0 (location: C:\Users\Admin\Documents\Codex\2026-10-06\unity-6-unity-emberward-3d-roguelite\outputs\StoneSignal-Edit\Library\PackageCache\com.unity.modules.terrain@1.0.0)
[Subsystems] No new subsystems found in resolved package list.
[Package Manager] Done registering packages in 0.00 seconds
Artifact Garbage Collection - Removed 85 unused hashed content files
Refreshing native plugins compatible for Editor in 4.88 ms, found 0 plugins.
Preloading 0 native plugins for Editor in 0.00 ms.
Initialize engine version: 2022.3.62t16 (ab17684acf1d)
THR RenderingThread disabled!
[Subsystems] Discovering subsystems at path C:/Program Files/Tuanjie/Hub/Editor/2022.3.62t16/Editor/Data/Resources/UnitySubsystems
[Subsystems] Discovering subsystems at path C:/Users/Admin/Documents/Codex/2026-10-06/unity-6-unity-emberward-3d-roguelite/outputs/StoneSignal-Edit/Assets
GfxDevice: creating device client; threaded=0; jobified=0
CreateRealGfxDevice: 2Direct3D:
    Version:  Direct3D 11.0 [level 11.1]
    Renderer: NVIDIA GeForce RTX 3060 (ID=0x2504)
    Vendor:   NVIDIA
    VRAM:     12113 MB
    Driver:   32.0.15.9186
[Licensing::Client] Successfully send message: {"AuthorizationCheck":"Yq4zMFNdRFRYHQ==","messageType":"EntitlementDetailsRequest","entitlementIds":["com.unity.editor.cluster","com.unity.editor.headless"],"packageEntitlementIds":[],"includeCustomData":false} at 1791336150
[Licensing::Client] Successfully receive message: {"entitlementGroups":[{"entitlementGroupId":"F4-NDMC-VS9D-37TA-8N5R-W7KD","entitlementGroupIdHash":"1afdcc1a4787d25df0a97a7f68d97f2d1957c7d6","productName":"Unity Personal","productType":"TuanjieEditor","licenseType":"ULF","expiration":1791771748000,"matchedEntitlements":[{"entitlementId":"com.unity.editor.headless","isPackage":false,"count":1}]}],"responseCode":200,"responseStatus":"Found 1 entitlement groups and 0 free entitlements matching requested entitlement ids","messageType":"EntitlementDetailsResponse","authorizationCheck":"Yq4zMFNdRFRYHULIRuXL5PWiuPOF"} at 1791336150
[Licensing::Client] Attempt to check time stamp (startTime: 1791336150, endTime: 1791336150)
[Licensing::Client] Successfully resolved entitlement details
Initialize mono
Mono path[0] = 'C:/Program Files/Tuanjie/Hub/Editor/2022.3.62t16/Editor/Data/Managed'
Mono path[1] = 'C:/Program Files/Tuanjie/Hub/Editor/2022.3.62t16/Editor/Data/MonoBleedingEdge/lib/mono/unityjit-win32'
Mono config path = 'C:/Program Files/Tuanjie/Hub/Editor/2022.3.62t16/Editor/Data/MonoBleedingEdge/etc'
Using monoOptions --debugger-agent=transport=dt_socket,embedding=1,server=y,suspend=n,address=0.0.0.0:56072
Using cacheserver namespaces - metadata:defaultmetadata, artifacts:defaultartifacts
Using cacheserver namespaces - metadata:defaultmetadata, artifacts:defaultartifacts
ImportWorker Server TCP listen port: 0
Begin MonoManager ReloadAssembly
Registering precompiled tuanjie dll's ...
Register platform support module: C:/Program Files/Tuanjie/Hub/Editor/2022.3.62t16/Editor/Data/PlaybackEngines/WebGLSupport/UnityEditor.WebGL.Extensions.dll
Register platform support module: C:/Program Files/Tuanjie/Hub/Editor/2022.3.62t16/Editor/Data/PlaybackEngines/WeixinMiniGameSupport/UnityEditor.WeixinMiniGame.Extensions.dll
Register platform support module: C:/Program Files/Tuanjie/Hub/Editor/2022.3.62t16/Editor/Data/PlaybackEngines/WindowsStandaloneSupport/UnityEditor.WindowsStandalone.Extensions.dll
Registered in 0.008281 seconds.
- Loaded All Assemblies, in  1.000 seconds
Native extension for WindowsStandalone target not found
Native extension for WeixinMiniGame target not found
Native extension for WebGL target not found
[Licensing::Client] Successfully send message: {"AuthorizationCheck":"Yq4zMFNdRFRYHA==","messageType":"EntitlementDetailsRequest","entitlementIds":["com.unity.editor.minigame.subplatform.wechat","com.unity.editor.headless"],"packageEntitlementIds":[],"includeCustomData":false} at 1791336151
[Licensing::Client] Successfully receive message: {"entitlementGroups":[{"entitlementGroupId":"F4-NDMC-VS9D-37TA-8N5R-W7KD","entitlementGroupIdHash":"1afdcc1a4787d25df0a97a7f68d97f2d1957c7d6","productName":"Unity Personal","productType":"TuanjieEditor","licenseType":"ULF","expiration":1791771748000,"matchedEntitlements":[{"entitlementId":"com.unity.editor.headless","isPackage":false,"count":1},{"entitlementId":"com.unity.editor.minigame.subplatform.wechat","isPackage":false,"count":1}]}],"responseCode":200,"responseStatus":"Found 1 entitlement groups and 0 free entitlements matching requested entitlement ids","messageType":"EntitlementDetailsResponse","authorizationCheck":"Yq4zMFNdRFRYHELIRuXL5O717gYK"} at 1791336151
[Licensing::Client] Attempt to check time stamp (startTime: 1791336151, endTime: 1791336151)
[Licensing::Client] Successfully resolved entitlement details
[Licensing::Client] Successfully send message: {"AuthorizationCheck":"Yq4zMFNdRFRYHA==","messageType":"EntitlementDetailsRequest","entitlementIds":["com.unity.editor.minigame.subplatform.douyin","com.unity.editor.headless"],"packageEntitlementIds":[],"includeCustomData":false} at 1791336151
[Licensing::Client] Successfully receive message: {"entitlementGroups":[{"entitlementGroupId":"F4-NDMC-VS9D-37TA-8N5R-W7KD","entitlementGroupIdHash":"1afdcc1a4787d25df0a97a7f68d97f2d1957c7d6","productName":"Unity Personal","productType":"TuanjieEditor","licenseType":"ULF","expiration":1791771748000,"matchedEntitlements":[{"entitlementId":"com.unity.editor.headless","isPackage":false,"count":1},{"entitlementId":"com.unity.editor.minigame.subplatform.douyin","isPackage":false,"count":1}]}],"responseCode":200,"responseStatus":"Found 1 entitlement groups and 0 free entitlements matching requested entitlement ids","messageType":"EntitlementDetailsResponse","authorizationCheck":"Yq4zMFNdRFRYHELIRuXL5O717gYK"} at 1791336151
[Licensing::Client] Attempt to check time stamp (startTime: 1791336151, endTime: 1791336151)
[Licensing::Client] Successfully resolved entitlement details
[Licensing::Client] Successfully send message: {"AuthorizationCheck":"Yq4zMFNdRFRYHA==","messageType":"EntitlementDetailsRequest","entitlementIds":["com.unity.editor.minigame.subplatform.xiaomi","com.unity.editor.headless"],"packageEntitlementIds":[],"includeCustomData":false} at 1791336151
[Licensing::Client] Successfully receive message: {"entitlementGroups":[{"entitlementGroupId":"F4-NDMC-VS9D-37TA-8N5R-W7KD","entitlementGroupIdHash":"1afdcc1a4787d25df0a97a7f68d97f2d1957c7d6","productName":"Unity Personal","productType":"TuanjieEditor","licenseType":"ULF","expiration":1791771748000,"matchedEntitlements":[{"entitlementId":"com.unity.editor.headless","isPackage":false,"count":1},{"entitlementId":"com.unity.editor.minigame.subplatform.xiaomi","isPackage":false,"count":1}]}],"responseCode":200,"responseStatus":"Found 1 entitlement groups and 0 free entitlements matching requested entitlement ids","messageType":"EntitlementDetailsResponse","authorizationCheck":"Yq4zMFNdRFRYHELIRuXL5O717gYK"} at 1791336151
[Licensing::Client] Attempt to check time stamp (startTime: 1791336151, endTime: 1791336151)
[Licensing::Client] Successfully resolved entitlement details
[Licensing::Client] Successfully send message: {"AuthorizationCheck":"Yq4zMFNdRFRYHA==","messageType":"EntitlementDetailsRequest","entitlementIds":["com.unity.editor.minigame.subplatform.kuaishou","com.unity.editor.headless"],"packageEntitlementIds":[],"includeCustomData":false} at 1791336151
[Licensing::Client] Successfully receive message: {"entitlementGroups":[{"entitlementGroupId":"F4-NDMC-VS9D-37TA-8N5R-W7KD","entitlementGroupIdHash":"1afdcc1a4787d25df0a97a7f68d97f2d1957c7d6","productName":"Unity Personal","productType":"TuanjieEditor","licenseType":"ULF","expiration":1791771748000,"matchedEntitlements":[{"entitlementId":"com.unity.editor.headless","isPackage":false,"count":1},{"entitlementId":"com.unity.editor.minigame.subplatform.kuaishou","isPackage":false,"count":1}]}],"responseCode":200,"responseStatus":"Found 1 entitlement groups and 0 free entitlements matching requested entitlement ids","messageType":"EntitlementDetailsResponse","authorizationCheck":"Yq4zMFNdRFRYHELIRuXL5O717gYK"} at 1791336151
[Licensing::Client] Attempt to check time stamp (startTime: 1791336151, endTime: 1791336151)
[Licensing::Client] Successfully resolved entitlement details
[Licensing::Client] Successfully send message: {"AuthorizationCheck":"Yq4zMFNdRFRYHA==","messageType":"EntitlementDetailsRequest","entitlementIds":["com.unity.editor.minigame.subplatform.taptap","com.unity.editor.headless"],"packageEntitlementIds":[],"includeCustomData":false} at 1791336151
[Licensing::Client] Successfully receive message: {"entitlementGroups":[{"entitlementGroupId":"F4-NDMC-VS9D-37TA-8N5R-W7KD","entitlementGroupIdHash":"1afdcc1a4787d25df0a97a7f68d97f2d1957c7d6","productName":"Unity Personal","productType":"TuanjieEditor","licenseType":"ULF","expiration":1791771748000,"matchedEntitlements":[{"entitlementId":"com.unity.editor.headless","isPackage":false,"count":1},{"entitlementId":"com.unity.editor.minigame.subplatform.taptap","isPackage":false,"count":1}]}],"responseCode":200,"responseStatus":"Found 1 entitlement groups and 0 free entitlements matching requested entitlement ids","messageType":"EntitlementDetailsResponse","authorizationCheck":"Yq4zMFNdRFRYHELIRuXL5O717gYJ"} at 1791336152
[Licensing::Client] Attempt to check time stamp (startTime: 1791336151, endTime: 1791336152)
[Licensing::Client] Successfully resolved entitlement details
[Licensing::Client] Successfully send message: {"AuthorizationCheck":"Yq4zMFNdRFRYHw==","messageType":"EntitlementDetailsRequest","entitlementIds":["com.unity.editor.minigame.subplatform.metaapp233","com.unity.editor.headless"],"packageEntitlementIds":[],"includeCustomData":false} at 1791336152
[Licensing::Client] Successfully receive message: {"entitlementGroups":[{"entitlementGroupId":"F4-NDMC-VS9D-37TA-8N5R-W7KD","entitlementGroupIdHash":"1afdcc1a4787d25df0a97a7f68d97f2d1957c7d6","productName":"Unity Personal","productType":"TuanjieEditor","licenseType":"ULF","expiration":1791771748000,"matchedEntitlements":[{"entitlementId":"com.unity.editor.headless","isPackage":false,"count":1},{"entitlementId":"com.unity.editor.minigame.subplatform.metaapp233","isPackage":false,"count":1}]}],"responseCode":200,"responseStatus":"Found 1 entitlement groups and 0 free entitlements matching requested entitlement ids","messageType":"EntitlementDetailsResponse","authorizationCheck":"Yq4zMFNdRFRYH0LIRuXL5CgLZJuD"} at 1791336152
[Licensing::Client] Attempt to check time stamp (startTime: 1791336152, endTime: 1791336152)
[Licensing::Client] Successfully resolved entitlement details
[Licensing::Client] Successfully send message: {"AuthorizationCheck":"Yq4zMFNdRFRYHw==","messageType":"EntitlementDetailsRequest","entitlementIds":["com.unity.editor.minigame.subplatform.minihost","com.unity.editor.headless"],"packageEntitlementIds":[],"includeCustomData":false} at 1791336152
[Licensing::Client] Successfully receive message: {"entitlementGroups":[{"entitlementGroupId":"F4-NDMC-VS9D-37TA-8N5R-W7KD","entitlementGroupIdHash":"1afdcc1a4787d25df0a97a7f68d97f2d1957c7d6","productName":"Unity Personal","productType":"TuanjieEditor","licenseType":"ULF","expiration":1791771748000,"matchedEntitlements":[{"entitlementId":"com.unity.editor.headless","isPackage":false,"count":1},{"entitlementId":"com.unity.editor.minigame.subplatform.minihost","isPackage":false,"count":1}]}],"responseCode":200,"responseStatus":"Found 1 entitlement groups and 0 free entitlements matching requested entitlement ids","messageType":"EntitlementDetailsResponse","authorizationCheck":"Yq4zMFNdRFRYH0LIRuXL5CgLZJuD"} at 1791336152
[Licensing::Client] Attempt to check time stamp (startTime: 1791336152, endTime: 1791336152)
[Licensing::Client] Successfully resolved entitlement details
Mono: successfully reloaded assembly
- Finished resetting the current domain, in  0.419 seconds
Domain Reload Profiling: 1419ms
	BeginReloadAssembly (752ms)
		ExecutionOrderSort (0ms)
		DisableScriptedObjects (0ms)
		BackupInstance (0ms)
		ReleaseScriptingObjects (0ms)
		CreateAndSetChildDomain (1ms)
	RebuildCommonClasses (27ms)
	RebuildNativeTypeToScriptingClass (9ms)
	initialDomainReloadingComplete (52ms)
	LoadAllAssembliesAndSetupDomain (159ms)
		LoadAssemblies (752ms)
		RebuildTransferFunctionScriptingTraits (0ms)
		AnalyzeDomain (156ms)
			TypeCache.Refresh (155ms)
				TypeCache.ScanAssembly (145ms)
			ScanForSourceGeneratedMonoScriptInfo (0ms)
			ResolveRequiredComponents (0ms)
	FinalizeReload (420ms)
		ReleaseScriptCaches (0ms)
		RebuildScriptCaches (0ms)
		SetupLoadedEditorAssemblies (380ms)
			LogAssemblyErrors (0ms)
			InitializePlatformSupportModulesInManaged (10ms)
			SetLoadedEditorAssemblies (5ms)
			RefreshPlugins (0ms)
			BeforeProcessingInitializeOnLoad (2ms)
			ProcessInitializeOnLoadAttributes (348ms)
			ProcessInitializeOnLoadMethodAttributes (15ms)
			AfterProcessingInitializeOnLoad (0ms)
			EditorAssembliesLoaded (0ms)
		ExecutionOrderSort2 (0ms)
		AwakeInstancesAfterBackupRestoration (0ms)
Application.AssetDatabase Initial Refresh Start
[ScriptCompilation] Requested script compilation because: Assetdatabase observed changes in script compilation related files
info: Microsoft.Hosting.Lifetime[14]
      Now listening on: http://localhost:80
info: Microsoft.Hosting.Lifetime[0]
      Application started. Press Ctrl+C to shut down.
info: Microsoft.Hosting.Lifetime[0]
      Hosting environment: Production
info: Microsoft.Hosting.Lifetime[0]
      Content root path: C:\Users\Admin\Documents\Codex\2026-10-06\unity-6-unity-emberward-3d-roguelite\outputs\StoneSignal-Edit\
info: Microsoft.AspNetCore.Hosting.Diagnostics[1]
      Request starting HTTP/2 POST http://ilpp/UnityILPP.PostProcessing/Ping application/grpc -
info: Microsoft.AspNetCore.Routing.EndpointMiddleware[0]
      Executing endpoint 'gRPC - /UnityILPP.PostProcessing/Ping'
info: Microsoft.AspNetCore.Routing.EndpointMiddleware[1]
      Executed endpoint 'gRPC - /UnityILPP.PostProcessing/Ping'
info: Microsoft.AspNetCore.Hosting.Diagnostics[2]
      Request finished HTTP/2 POST http://ilpp/UnityILPP.PostProcessing/Ping application/grpc - - 200 - application/grpc 33.1528ms
Starting: C:\Program Files\Tuanjie\Hub\Editor\2022.3.62t16\Editor\Data\bee_backend.exe --dont-print-to-structured-log --ipc --defer-dag-verification --dagfile="Library/Bee/1900b0aE.dag" --continue-on-failure --profile="Library/Bee/backend1.traceevents" ScriptAssemblies
WorkingDir: C:/Users/Admin/Documents/Codex/2026-10-06/unity-6-unity-emberward-3d-roguelite/outputs/StoneSignal-Edit
DisplayProgressbar: Compiling Scripts
info: Microsoft.AspNetCore.Hosting.Diagnostics[1]
      Request starting HTTP/2 POST http://ilpp/UnityILPP.PostProcessing/ConfigurePostProcessors application/grpc -
info: Microsoft.AspNetCore.Routing.EndpointMiddleware[0]
      Executing endpoint 'gRPC - /UnityILPP.PostProcessing/ConfigurePostProcessors'
warn: Unity.ILPP.Runner.PostProcessingAssemblyLoadContext[0]
      Assembly system.runtime.interopservices.windowsruntime has duplicate hint path. Ignoring "C:\Program Files\Tuanjie\Hub\Editor\2022.3.62t16\Editor\Data\TuanjieReferenceAssemblies\tuanjie-4.8-api\Facades\System.Runtime.InteropServices.WindowsRuntime.dll" in favor of "C:\Program Files\Tuanjie\Hub\Editor\2022.3.62t16\Editor\Data\NetStandard\Extensions\2.0.0\System.Runtime.InteropServices.WindowsRuntime.dll"
warn: Unity.ILPP.Runner.PostProcessingAssemblyLoadContext[0]
      Assembly system.componentmodel.composition has duplicate hint path. Ignoring "C:\Program Files\Tuanjie\Hub\Editor\2022.3.62t16\Editor\Data\TuanjieReferenceAssemblies\tuanjie-4.8-api\System.ComponentModel.Composition.dll" in favor of "C:\Program Files\Tuanjie\Hub\Editor\2022.3.62t16\Editor\Data\NetStandard\compat\2.1.0\shims\netfx\System.ComponentModel.Composition.dll"
info: Unity.ILPP.Runner.PostProcessingAssemblyLoadContext[0]
      Resolved Unity.Burst.Cecil, Version=0.11.6.0, Culture=neutral, PublicKeyToken=50cebf1cceb9d05e with Library\PackageCache\com.unity.burst@1.8.30-t2\Unity.Burst.CodeGen\Unity.Burst.Cecil.dll
info: Microsoft.AspNetCore.Routing.EndpointMiddleware[1]
      Executed endpoint 'gRPC - /UnityILPP.PostProcessing/ConfigurePostProcessors'
info: Microsoft.AspNetCore.Hosting.Diagnostics[2]
      Request finished HTTP/2 POST http://ilpp/UnityILPP.PostProcessing/ConfigurePostProcessors application/grpc - - 200 - application/grpc 277.5489ms
info: Microsoft.AspNetCore.Hosting.Diagnostics[1]
      Request starting HTTP/2 POST http://ilpp/UnityILPP.PostProcessing/PostProcessAssembly application/grpc -
info: Microsoft.AspNetCore.Routing.EndpointMiddleware[0]
      Executing endpoint 'gRPC - /UnityILPP.PostProcessing/PostProcessAssembly'
info: Unity.ILPP.Runner.PostProcessingPipeline[0]
      Processing assembly Library/Bee/artifacts/1900b0aE.dag/Assembly-CSharp-Editor.dll, with 139 defines and 245 references
info: Unity.ILPP.Runner.PostProcessingPipeline[0]
      processors: zzzUnity.Burst.CodeGen.BurstILPostProcessor
info: Unity.ILPP.Runner.PostProcessingPipeline[0]
      running zzzUnity.Burst.CodeGen.BurstILPostProcessor
info: Unity.ILPP.Runner.PostProcessingAssemblyLoadContext[0]
      Resolved Unity.Burst.Cecil.Rocks, Version=0.11.6.0, Culture=neutral, PublicKeyToken=50cebf1cceb9d05e with Library\PackageCache\com.unity.burst@1.8.30-t2\Unity.Burst.CodeGen\Unity.Burst.Cecil.Rocks.dll
info: Microsoft.AspNetCore.Routing.EndpointMiddleware[1]
      Executed endpoint 'gRPC - /UnityILPP.PostProcessing/PostProcessAssembly'
info: Microsoft.AspNetCore.Hosting.Diagnostics[2]
      Request finished HTTP/2 POST http://ilpp/UnityILPP.PostProcessing/PostProcessAssembly application/grpc - - 200 - application/grpc 346.9103ms
ExitCode: 0 Duration: 1s375ms
[295/366    0s] ILPP-Configuration Library/ilpp-configuration.nevergeneratedoutput
[362/366    0s] Csc Library/Bee/artifacts/1900b0aE.dag/Assembly-CSharp-Editor.dll (+2 others)
[363/366    0s] ILPostProcess Library/Bee/artifacts/1900b0aE.dag/post-processed/Assembly-CSharp-Editor.dll (+pdb)
Processing assembly Library/Bee/artifacts/1900b0aE.dag/Assembly-CSharp-Editor.dll, with 139 defines and 245 references

processors: zzzUnity.Burst.CodeGen.BurstILPostProcessor

running zzzUnity.Burst.CodeGen.BurstILPostProcessor
[364/366    0s] CopyFiles Library/ScriptAssemblies/Assembly-CSharp-Editor.pdb
[365/366    0s] CopyFiles Library/ScriptAssemblies/Assembly-CSharp-Editor.dll
*** Tundra build success (1.31 seconds), 5 items updated, 366 evaluated
AssetDatabase: script compilation time: 1.899287s
Begin MonoManager ReloadAssembly
Total cache size 63286979
Total cache size after purge 63286979
- Loaded All Assemblies, in  0.560 seconds
Refreshing native plugins compatible for Editor in 1.73 ms, found 0 plugins.
Preloading 0 native plugins for Editor in 0.00 ms.
Start importing Assets/Game/Editor/ThirdPartyArtIntegration.cs using Guid(eed5eb86fc4915749abd1c10e81733fd) Importer(Primary)  -> (artifact id: 'c0bf0c600c004de4397ab7bf03213b53') in 0.006314 seconds
Refreshing native plugins compatible for Editor in 2.03 ms, found 0 plugins.
Native extension for WindowsStandalone target not found
Native extension for WeixinMiniGame target not found
Native extension for WebGL target not found
Mono: successfully reloaded assembly
- Finished resetting the current domain, in  0.639 seconds
Domain Reload Profiling: 1198ms
	BeginReloadAssembly (113ms)
		ExecutionOrderSort (0ms)
		DisableScriptedObjects (4ms)
		BackupInstance (0ms)
		ReleaseScriptingObjects (0ms)
		CreateAndSetChildDomain (20ms)
	RebuildCommonClasses (30ms)
	RebuildNativeTypeToScriptingClass (10ms)
	initialDomainReloadingComplete (25ms)
	LoadAllAssembliesAndSetupDomain (380ms)
		LoadAssemblies (393ms)
		RebuildTransferFunctionScriptingTraits (0ms)
		AnalyzeDomain (52ms)
			TypeCache.Refresh (38ms)
				TypeCache.ScanAssembly (33ms)
			ScanForSourceGeneratedMonoScriptInfo (8ms)
			ResolveRequiredComponents (5ms)
	FinalizeReload (639ms)
		ReleaseScriptCaches (0ms)
		RebuildScriptCaches (0ms)
		SetupLoadedEditorAssemblies (493ms)
			LogAssemblyErrors (0ms)
			InitializePlatformSupportModulesInManaged (5ms)
			SetLoadedEditorAssemblies (3ms)
			RefreshPlugins (0ms)
			BeforeProcessingInitializeOnLoad (35ms)
			ProcessInitializeOnLoadAttributes (370ms)
			ProcessInitializeOnLoadMethodAttributes (73ms)
			AfterProcessingInitializeOnLoad (7ms)
			EditorAssembliesLoaded (0ms)
		ExecutionOrderSort2 (0ms)
		AwakeInstancesAfterBackupRestoration (11ms)
Refreshing native plugins compatible for Editor in 1.75 ms, found 0 plugins.
Preloading 0 native plugins for Editor in 0.00 ms.
Asset Pipeline Refresh (id=d149d57304ce1ac42b74bfa398e8ad19): Total: 4.861 seconds - Initiated by InitialRefreshV2(ForceSynchronousImport)
	Summary:
		Imports: total=1 (actual=1, local cache=0, cache server=0)
		Asset DB Process Time: managed=2 ms, native=1143 ms
		Asset DB Callback time: managed=547 ms, native=10 ms
		Scripting: domain reloads=1, domain reload time=1238 ms, compile time=1901 ms, other=17 ms
		Project Asset Count: scripts=2832, non-scripts=1352
		Asset File Changes: new=0, changed=1, moved=0, deleted=1
		Scan Filter Count: 0
		OnDemandAssets Count:0
	InvokeBeforeRefreshCallbacks: 0.445ms
	ApplyChangesToAssetFolders: 0.022ms
	Scan: 53.213ms
	OnSourceAssetsModified: 2.004ms
	UnregisterDeletedAssets: 0.004ms
	GetAllGuidsForCategorization: 0.366ms
	CategorizeAssets: 67.630ms
	ImportOutOfDateAssets: 674.090ms (-1248.041ms without children)
		ImportManagerImport: 8.065ms (1.499ms without children)
			ImportInProcess: 6.546ms
			UpdateCategorizedAssets: 0.019ms
		CompileScripts: 1901.192ms
		ReloadNativeAssets: 0.011ms
		UnloadImportedAssets: 8.374ms
		ReloadImportedAssets: 0.196ms
		EnsureUptoDateAssetsAreRegisteredWithGuidPM: 3.683ms
		InitializingProgressBar: 0.001ms
		PostProcessAllAssetNotificationsAddChangedAssets: 0.001ms
		OnDemandSchedulerStart: 0.609ms
	PostProcessAllAssets: 553.131ms
	Hotreload: 3.040ms
	GatherAllCurrentPrimaryArtifactRevisions: 0.001ms
	UnloadStreamsBegin: 1.165ms
	PersistCurrentRevisions: 0.207ms
	UnloadStreamsEnd: 0.026ms
	GenerateScriptTypeHashes: 1.440ms
	Untracked: 3505.679ms
Application.AssetDatabase Initial Refresh End
Launched and connected shader compiler TuanjieShaderCompiler.exe after 0.04 seconds
Scanning for USB devices : 2.842ms
Initializing Tuanjie extensions:
Start importing Library/Resources using Guid(cd59ed5691b849d4fb6ec46735badbc0) Importer(Primary)  -> (artifact id: '984eee6a28c6111b11f4e81c2a5448fb') in 0.005162 seconds
Refreshing native plugins compatible for Editor in 2.16 ms, found 0 plugins.
Preloading 0 native plugins for Editor in 0.00 ms.
Asset Pipeline Refresh (id=180cd6fe18a765247aedb24554ad6e7a): Total: 0.048 seconds - Initiated by StopAssetImportingV2(NoUpdateAssetOptions)
[Licensing::Client] Successfully send message: {"AuthorizationCheck":"Enep5DtSmVj3WQ==","messageType":"ProductNameRequest","Value":"com.Independent-Prototype.StoneSignal"} at 1791336157
[Licensing::Client] Successfully receive message: {"responseCode":200,"messageType":"ProductNameResponse"} at 1791336157
[Licensing::Client] Error: ProductNameResponse could not be deserialized
[MODES] ModeService[none].Initialize
[MODES] ModeService[none].LoadModes
[MODES] Loading mode Default (0) for mode-current-id-StoneSignal
Unloading 2 Unused Serialized files (Serialized files now loaded: 0)
Unloading 887 unused Assets / (8.5 MB). Loaded Objects now: 2932.
Memory consumption went from 140.7 MB to 132.2 MB.
Total: 4.296100 ms (FindLiveObjects: 0.170200 ms CreateObjectMapping: 0.097200 ms MarkObjects: 2.568100 ms  DeleteObjects: 1.457900 ms)

Refreshing native plugins compatible for Editor in 1.64 ms, found 0 plugins.
Preloading 0 native plugins for Editor in 0.00 ms.
Asset Pipeline Refresh (id=4abfcfef92bf3d5428cd69578645be3e): Total: 0.048 seconds - Initiated by StopAssetImportingV2(NoUpdateAssetOptions)
Refreshing native plugins compatible for Editor in 2.06 ms, found 0 plugins.
Preloading 0 native plugins for Editor in 0.00 ms.
Asset Pipeline Refresh (id=0e2cfeb78e3e75a4895963131646d70f): Total: 0.035 seconds - Initiated by StopAssetImportingV2(NoUpdateAssetOptions)
Refreshing native plugins compatible for Editor in 1.69 ms, found 0 plugins.
Preloading 0 native plugins for Editor in 0.00 ms.
Asset Pipeline Refresh (id=d1b1d573735d83e4c8236e88e7eaab44): Total: 0.034 seconds - Initiated by StopAssetImportingV2(NoUpdateAssetOptions)
Refreshing native plugins compatible for Editor in 1.70 ms, found 0 plugins.
Preloading 0 native plugins for Editor in 0.00 ms.
Asset Pipeline Refresh (id=6f5affc46ca4627469081aaef6ff98eb): Total: 0.032 seconds - Initiated by StopAssetImportingV2(NoUpdateAssetOptions)
Refreshing native plugins compatible for Editor in 1.75 ms, found 0 plugins.
Preloading 0 native plugins for Editor in 0.00 ms.
Asset Pipeline Refresh (id=5811eb80c27903d4fa7eef5fd9b3aa2e): Total: 0.037 seconds - Initiated by StopAssetImportingV2(NoUpdateAssetOptions)
Refreshing native plugins compatible for Editor in 1.69 ms, found 0 plugins.
Preloading 0 native plugins for Editor in 0.00 ms.
Asset Pipeline Refresh (id=2785e263fa88d2940a0ed0eb7590df6f): Total: 0.031 seconds - Initiated by StopAssetImportingV2(NoUpdateAssetOptions)
Refreshing native plugins compatible for Editor in 2.13 ms, found 0 plugins.
Preloading 0 native plugins for Editor in 0.00 ms.
Asset Pipeline Refresh (id=01ad2e21644cead45b55ca7e4d17f763): Total: 0.030 seconds - Initiated by StopAssetImportingV2(NoUpdateAssetOptions)
Refreshing native plugins compatible for Editor in 2.39 ms, found 0 plugins.
Preloading 0 native plugins for Editor in 0.00 ms.
Asset Pipeline Refresh (id=348a7c679463bc14cb2bb120089e8a83): Total: 0.032 seconds - Initiated by StopAssetImportingV2(NoUpdateAssetOptions)
Refreshing native plugins compatible for Editor in 1.83 ms, found 0 plugins.
Preloading 0 native plugins for Editor in 0.00 ms.
Asset Pipeline Refresh (id=767e5346366868e4a8dbc7b65ee956cf): Total: 0.029 seconds - Initiated by StopAssetImportingV2(NoUpdateAssetOptions)
Refreshing native plugins compatible for Editor in 1.91 ms, found 0 plugins.
Preloading 0 native plugins for Editor in 0.00 ms.
Asset Pipeline Refresh (id=bbb3a81f9299a704498bf7e2f08ee4e3): Total: 0.034 seconds - Initiated by StopAssetImportingV2(NoUpdateAssetOptions)
Refreshing native plugins compatible for Editor in 1.70 ms, found 0 plugins.
Preloading 0 native plugins for Editor in 0.00 ms.
Asset Pipeline Refresh (id=7369107b4bcf4a14c95fc109a8ff170c): Total: 0.040 seconds - Initiated by StopAssetImportingV2(NoUpdateAssetOptions)
Refreshing native plugins compatible for Editor in 1.66 ms, found 0 plugins.
Preloading 0 native plugins for Editor in 0.00 ms.
Asset Pipeline Refresh (id=0901592d2943f1f40b50aac9f886a16f): Total: 0.032 seconds - Initiated by StopAssetImportingV2(NoUpdateAssetOptions)
Refreshing native plugins compatible for Editor in 1.82 ms, found 0 plugins.
Preloading 0 native plugins for Editor in 0.00 ms.
Asset Pipeline Refresh (id=fbb8a55f34e3fea46ab894e3611d2e60): Total: 0.032 seconds - Initiated by StopAssetImportingV2(NoUpdateAssetOptions)
Refreshing native plugins compatible for Editor in 2.05 ms, found 0 plugins.
Preloading 0 native plugins for Editor in 0.00 ms.
Asset Pipeline Refresh (id=bee5bf6d1953f8240ac48a43ec9b35e5): Total: 0.031 seconds - Initiated by StopAssetImportingV2(NoUpdateAssetOptions)
Refreshing native plugins compatible for Editor in 2.01 ms, found 0 plugins.
Preloading 0 native plugins for Editor in 0.00 ms.
Asset Pipeline Refresh (id=41375f4e6853d8f478c9b6000e0d0636): Total: 0.036 seconds - Initiated by StopAssetImportingV2(NoUpdateAssetOptions)
Refreshing native plugins compatible for Editor in 1.76 ms, found 0 plugins.
Preloading 0 native plugins for Editor in 0.00 ms.
Asset Pipeline Refresh (id=6106dd75a697df944b8fa03ded4a8416): Total: 0.031 seconds - Initiated by StopAssetImportingV2(NoUpdateAssetOptions)
Refreshing native plugins compatible for Editor in 1.72 ms, found 0 plugins.
Preloading 0 native plugins for Editor in 0.00 ms.
Asset Pipeline Refresh (id=7055672ede71c2c4d8f28a41539e9b81): Total: 0.031 seconds - Initiated by StopAssetImportingV2(NoUpdateAssetOptions)
Refreshing native plugins compatible for Editor in 1.86 ms, found 0 plugins.
Preloading 0 native plugins for Editor in 0.00 ms.
Asset Pipeline Refresh (id=84c683a2cdc5ed84b8beac12001bd7c4): Total: 0.032 seconds - Initiated by StopAssetImportingV2(NoUpdateAssetOptions)
Refreshing native plugins compatible for Editor in 1.82 ms, found 0 plugins.
Preloading 0 native plugins for Editor in 0.00 ms.
Asset Pipeline Refresh (id=4677a681427b4b1449807d8f38d159cd): Total: 0.038 seconds - Initiated by StopAssetImportingV2(NoUpdateAssetOptions)
Refreshing native plugins compatible for Editor in 2.11 ms, found 0 plugins.
Preloading 0 native plugins for Editor in 0.00 ms.
Asset Pipeline Refresh (id=b6260f867842bc649a206580a36b1ce6): Total: 0.038 seconds - Initiated by StopAssetImportingV2(NoUpdateAssetOptions)
Refreshing native plugins compatible for Editor in 2.50 ms, found 0 plugins.
Preloading 0 native plugins for Editor in 0.00 ms.
Asset Pipeline Refresh (id=fa58168616f30134da2b8c945afdccbb): Total: 0.034 seconds - Initiated by StopAssetImportingV2(NoUpdateAssetOptions)
Refreshing native plugins compatible for Editor in 2.96 ms, found 0 plugins.
Preloading 0 native plugins for Editor in 0.00 ms.
Asset Pipeline Refresh (id=ca1360f0f975487419386ee6a4357b7c): Total: 0.037 seconds - Initiated by StopAssetImportingV2(NoUpdateAssetOptions)
Refreshing native plugins compatible for Editor in 2.20 ms, found 0 plugins.
Preloading 0 native plugins for Editor in 0.00 ms.
Asset Pipeline Refresh (id=e3ef15beea4588d43a11175ff69b2126): Total: 0.039 seconds - Initiated by StopAssetImportingV2(NoUpdateAssetOptions)
Refreshing native plugins compatible for Editor in 2.79 ms, found 0 plugins.
Preloading 0 native plugins for Editor in 0.00 ms.
Asset Pipeline Refresh (id=9d11aec29873109438975311ce53fbe0): Total: 0.041 seconds - Initiated by StopAssetImportingV2(NoUpdateAssetOptions)
Refreshing native plugins compatible for Editor in 2.15 ms, found 0 plugins.
Preloading 0 native plugins for Editor in 0.00 ms.
Asset Pipeline Refresh (id=aedbf98bcaa257543b80eef5ffadca56): Total: 0.036 seconds - Initiated by StopAssetImportingV2(NoUpdateAssetOptions)
Refreshing native plugins compatible for Editor in 1.87 ms, found 0 plugins.
Preloading 0 native plugins for Editor in 0.00 ms.
Asset Pipeline Refresh (id=3f0238e13d776c843941bfbbe5224465): Total: 0.033 seconds - Initiated by StopAssetImportingV2(NoUpdateAssetOptions)
Refreshing native plugins compatible for Editor in 2.57 ms, found 0 plugins.
Preloading 0 native plugins for Editor in 0.00 ms.
Asset Pipeline Refresh (id=1154c45db8dd1004c9936009f867cb73): Total: 0.034 seconds - Initiated by StopAssetImportingV2(NoUpdateAssetOptions)
Refreshing native plugins compatible for Editor in 3.12 ms, found 0 plugins.
Preloading 0 native plugins for Editor in 0.00 ms.
Asset Pipeline Refresh (id=2705cf432fdd1264581a57c7f9d3ea11): Total: 0.039 seconds - Initiated by StopAssetImportingV2(NoUpdateAssetOptions)
Refreshing native plugins compatible for Editor in 1.89 ms, found 0 plugins.
Preloading 0 native plugins for Editor in 0.00 ms.
Asset Pipeline Refresh (id=9fa6e0f4b45cbf54d8be5950c7e97023): Total: 0.030 seconds - Initiated by StopAssetImportingV2(NoUpdateAssetOptions)
Refreshing native plugins compatible for Editor in 3.28 ms, found 0 plugins.
Preloading 0 native plugins for Editor in 0.00 ms.
Asset Pipeline Refresh (id=d4435d762cd82534d8f5b7b887bf78c9): Total: 0.033 seconds - Initiated by StopAssetImportingV2(NoUpdateAssetOptions)
Refreshing native plugins compatible for Editor in 2.49 ms, found 0 plugins.
Preloading 0 native plugins for Editor in 0.00 ms.
Asset Pipeline Refresh (id=620d98f4c546bd143a316acdf90bef51): Total: 0.035 seconds - Initiated by StopAssetImportingV2(NoUpdateAssetOptions)
Refreshing native plugins compatible for Editor in 1.90 ms, found 0 plugins.
Preloading 0 native plugins for Editor in 0.00 ms.
Asset Pipeline Refresh (id=85a39e2246bdca34c9a9315eb4936fd2): Total: 0.032 seconds - Initiated by StopAssetImportingV2(NoUpdateAssetOptions)
Refreshing native plugins compatible for Editor in 1.72 ms, found 0 plugins.
Preloading 0 native plugins for Editor in 0.00 ms.
Asset Pipeline Refresh (id=13b3c36c9fb2fbd49989f4b35002189a): Total: 0.035 seconds - Initiated by StopAssetImportingV2(NoUpdateAssetOptions)
Refreshing native plugins compatible for Editor in 1.96 ms, found 0 plugins.
Preloading 0 native plugins for Editor in 0.00 ms.
Asset Pipeline Refresh (id=7da893bdc24ac6341b3dc5a32c4d466c): Total: 0.030 seconds - Initiated by StopAssetImportingV2(NoUpdateAssetOptions)
Refreshing native plugins compatible for Editor in 1.88 ms, found 0 plugins.
Preloading 0 native plugins for Editor in 0.00 ms.
Asset Pipeline Refresh (id=4f39e55ce20c0a74f92959962fdb5fdc): Total: 0.030 seconds - Initiated by StopAssetImportingV2(NoUpdateAssetOptions)
Refreshing native plugins compatible for Editor in 2.13 ms, found 0 plugins.
Preloading 0 native plugins for Editor in 0.00 ms.
Asset Pipeline Refresh (id=bf3a1f53327bb5f409763d35fb212ce9): Total: 0.031 seconds - Initiated by StopAssetImportingV2(NoUpdateAssetOptions)
Refreshing native plugins compatible for Editor in 1.67 ms, found 0 plugins.
Preloading 0 native plugins for Editor in 0.00 ms.
Asset Pipeline Refresh (id=e2cf5c4789f326841bf05c54ace0173c): Total: 0.029 seconds - Initiated by StopAssetImportingV2(NoUpdateAssetOptions)
Refreshing native plugins compatible for Editor in 1.64 ms, found 0 plugins.
Preloading 0 native plugins for Editor in 0.00 ms.
Asset Pipeline Refresh (id=488c99c7f4791e742957373923a0bacb): Total: 0.031 seconds - Initiated by StopAssetImportingV2(NoUpdateAssetOptions)
Refreshing native plugins compatible for Editor in 1.69 ms, found 0 plugins.
Preloading 0 native plugins for Editor in 0.00 ms.
Asset Pipeline Refresh (id=11c1227d226fc0e42b06e47ab8eed396): Total: 0.029 seconds - Initiated by StopAssetImportingV2(NoUpdateAssetOptions)
Refreshing native plugins compatible for Editor in 1.67 ms, found 0 plugins.
Preloading 0 native plugins for Editor in 0.00 ms.
Asset Pipeline Refresh (id=5adb2543e3b2bec40806c56a10323183): Total: 0.029 seconds - Initiated by StopAssetImportingV2(NoUpdateAssetOptions)
Refreshing native plugins compatible for Editor in 1.94 ms, found 0 plugins.
Preloading 0 native plugins for Editor in 0.00 ms.
Asset Pipeline Refresh (id=aadf1fd5d74b30f4d90e7f4361dc7995): Total: 0.029 seconds - Initiated by StopAssetImportingV2(NoUpdateAssetOptions)
Refreshing native plugins compatible for Editor in 1.84 ms, found 0 plugins.
Preloading 0 native plugins for Editor in 0.00 ms.
Asset Pipeline Refresh (id=3ed2534a46f7f1044a87a0f06f2c6e3d): Total: 0.029 seconds - Initiated by StopAssetImportingV2(NoUpdateAssetOptions)
Refreshing native plugins compatible for Editor in 1.71 ms, found 0 plugins.
Preloading 0 native plugins for Editor in 0.00 ms.
Asset Pipeline Refresh (id=3d5a667079ecf38438e3988112afc696): Total: 0.030 seconds - Initiated by StopAssetImportingV2(NoUpdateAssetOptions)
Start importing Assets/Game/Art/ThirdParty using Guid(6c996cb31b5c0ca4bb03b889aa1a414d) Importer(Primary)  -> (artifact id: '9e83a1445a70af05e77d521f521f9ae8') in 0.002563 seconds
Start importing Assets/Game/Art/ThirdParty/Kenney using Guid(45862b9fd715a3143b86b547b869babf) Importer(Primary)  -> (artifact id: '05d5047525795e438c7ebb504436419e') in 0.002629 seconds
Start importing Assets/Game/Art/ThirdParty/Monsters using Guid(97eb7aab0f3747e4fa795eaf27731a93) Importer(Primary)  -> (artifact id: '2024028bda03db9c625cc561742000a3') in 0.009243 seconds
Start importing Assets/Game/Art/ThirdParty/Kenney/variation-a.png using Guid(bb3ccdf223ed54a488660005e75115a5) Importer(Primary)  -> (artifact id: '5c16cc7db0423e8755a867e10b6ac567') in 0.019989 seconds
Start importing Assets/Game/Art/ThirdParty/Kenney/spawn-round.fbx using Guid(417a166ed763ea24da72ffa3af04d263) Importer(Primary)  -> (artifact id: '75bdce17fab9f4b9e5ee06fb1b72e997') in 0.042681 seconds
Start importing Assets/Game/Art/ThirdParty/Kenney/tower-round-middle-b.fbx using Guid(7195fce8aa9131b4f97459a04dc7ed71) Importer(Primary)  -> (artifact id: '15f418cef144204ae7226bb69e61cd5e') in 0.026154 seconds
Start importing Assets/Game/Art/ThirdParty/Kenney/tower-round-middle-c.fbx using Guid(91c3ef8dd8bec88429ef6bf831c03175) Importer(Primary)  -> (artifact id: '1adead715ccc519a2349611e32deeff2') in 0.017070 seconds
Start importing Assets/Game/Art/ThirdParty/Kenney/tile-crystal.fbx using Guid(a1d63ed50039e47459855fd18434195c) Importer(Primary)  -> (artifact id: '8537f3b14a5ee1bcb8fadbf8ff3631ee') in 0.017790 seconds
Start importing Assets/Game/Art/ThirdParty/Kenney/detail-tree.fbx using Guid(2218e97525405814da4471b71c502682) Importer(Primary)  -> (artifact id: '0e7a102687d470c460b0b8861d701bc6') in 0.016479 seconds
Start importing Assets/Game/Art/ThirdParty/Kenney/tile-dirt.fbx using Guid(52020876fd3b0b747911404aafe32f34) Importer(Primary)  -> (artifact id: 'faeb08b523e41c0989297968b9a0e1d0') in 0.017525 seconds
Start importing Assets/Game/Art/ThirdParty/Monsters/Skeleton.fbx using Guid(63f5ab7cbb5d3d14497ceb7050e20670) Importer(Primary) Keyframe reduction: Ratio: 22.015915%;
Keyframe reduction: Ratio: 23.573200%;
Keyframe reduction: Ratio: 35.042732%;
Keyframe reduction: Ratio: 3.102247%;
Keyframe reduction: Ratio: 6.089744%;
 -> (artifact id: 'f1f0e7b0f9ff63a43068134329745a04') in 0.042835 seconds
Start importing Assets/Game/Art/ThirdParty/Monsters/Bat.fbx using Guid(f4bc5b37dbc048a4d805408a12836cc8) Importer(Primary) Keyframe reduction: Ratio: 20.265154%;
Keyframe reduction: Ratio: 15.770610%;
Keyframe reduction: Ratio: 14.953705%;
Keyframe reduction: Ratio: 13.082438%;
Keyframe reduction: Ratio: 15.501792%;
 -> (artifact id: 'e93477e3eecdddf835670bd319596156') in 0.064191 seconds
Start importing Assets/Game/Art/ThirdParty/Kenney/detail-rocks.fbx using Guid(f4ae0bb6c04929a4a9dfa8227893f9b4) Importer(Primary)  -> (artifact id: 'c8a5af2de5630e3dfac9d2780d8d27fc') in 0.016114 seconds
Start importing Assets/Game/Art/ThirdParty/Kenney/detail-dirt.fbx using Guid(75b16585000d25b42bf1fd702bcf3397) Importer(Primary)  -> (artifact id: 'b33820a978c0c2bce2b31058022d3305') in 0.016528 seconds
Start importing Assets/Game/Art/ThirdParty/Monsters/Dragon.fbx using Guid(f5107a51ee1493845b78c5e7c3885484) Importer(Primary) Keyframe reduction: Ratio: 21.590910%;
Keyframe reduction: Ratio: 14.087302%;
Keyframe reduction: Ratio: 11.236934%;
Keyframe reduction: Ratio: 9.407666%;
Keyframe reduction: Ratio: 10.888503%;
 -> (artifact id: 'e2f9c8ad664fc0b25f5afdbae025e33f') in 0.068794 seconds
Start importing Assets/Game/Art/ThirdParty/Kenney/weapon-turret.fbx using Guid(48e60d8ade0ed5a48990d3e6e8036541) Importer(Primary)  -> (artifact id: '2fa3791a70dc0a2bcae767ba365dbae9') in 0.018007 seconds
Start importing Assets/Game/Art/ThirdParty/Monsters/Slime.fbx using Guid(6952890ebfb542f49b5d3409459f1818) Importer(Primary) Keyframe reduction: Ratio: 21.955128%;
Keyframe reduction: Ratio: 20.979023%;
Keyframe reduction: Ratio: 17.338217%;
Keyframe reduction: Ratio: 4.035309%;
 -> (artifact id: 'e2db1c8a8768dd99e95543ab86c327f1') in 0.040304 seconds
Start importing Assets/Game/Art/ThirdParty/Kenney/detail-crystal.fbx using Guid(3a8cf7630ddea7e489f4dc376e3e2c18) Importer(Primary)  -> (artifact id: 'ee80edb8fb3a67c725c9b6e01d0c41a5') in 0.017729 seconds
Start importing Assets/Game/Art/ThirdParty/Kenney/tower-round-crystals.fbx using Guid(cbe01c7a7ecfbac44947e98f9710d2cf) Importer(Primary)  -> (artifact id: '740ef0f05db9cf938ebeff6532814195') in 0.028244 seconds
Start importing Assets/Game/Art/ThirdParty/Kenney/tile.fbx using Guid(fb23dc35b94bfcd4c910d1e489e56e71) Importer(Primary)  -> (artifact id: '1f5f18fa4e62a6c6f0f3ddda997aea7b') in 0.016881 seconds
Start importing Assets/Game/Art/ThirdParty/Kenney/weapon-ballista.fbx using Guid(4c55f503ab278d342821a8b7e1de7164) Importer(Primary)  -> (artifact id: '73687d1e896b93cfd79c3ca07f59eec8') in 0.023453 seconds
Start importing Assets/Game/Art/ThirdParty/Kenney/tile-spawn.fbx using Guid(6c310d2d146d90c448ad8628d4646ff9) Importer(Primary)  -> (artifact id: '9e4b22805b5f2315ab194cf23a3afc27') in 0.020270 seconds
Start importing Assets/Game/Art/ThirdParty/Kenney/weapon-cannon.fbx using Guid(fce1a89d860790f4488789261f557fbd) Importer(Primary)  -> (artifact id: 'd5a7c4dd100a99a6fae9cde492819fbf') in 0.019066 seconds
Start importing Assets/Game/Art/ThirdParty/Kenney/tower-round-base.fbx using Guid(1d6b8d8771689ba44a18dd149686b3b8) Importer(Primary)  -> (artifact id: '3fad25ccc9cdd45b1136ac12806d5c27') in 0.016990 seconds
Start importing Assets/Game/Art/ThirdParty/Kenney/wood-structure.fbx using Guid(3d9fa3e9018cfc44b911085f8990675b) Importer(Primary)  -> (artifact id: '08f505b53cc91f751c76dd85830622ff') in 0.016672 seconds
Start importing Assets/Game/Art/ThirdParty/Kenney/detail-tree-large.fbx using Guid(4d4b2bb0c26d99044b4573e51dfce57c) Importer(Primary)  -> (artifact id: 'fddc41c6bf9eedfe2105abd0a77d4002') in 0.017236 seconds
Start importing Assets/Game/Art/ThirdParty/Kenney/tower-round-middle-a.fbx using Guid(ed199c32931e55d4d9cab0ecf3efd5dc) Importer(Primary)  -> (artifact id: '1a26a011bfcb813b05f772e6ffcde263') in 0.018073 seconds
Refreshing native plugins compatible for Editor in 1.78 ms, found 0 plugins.
Preloading 0 native plugins for Editor in 0.00 ms.
Asset Pipeline Refresh (id=16c32fb6084d19547a3fbf361e032b08): Total: 0.919 seconds - Initiated by RefreshV2(NoUpdateAssetOptions)
	Summary:
		Imports: total=27 (actual=27, local cache=0, cache server=0)
		Asset DB Process Time: managed=33 ms, native=850 ms
		Asset DB Callback time: managed=20 ms, native=14 ms
		Scripting: domain reloads=0, domain reload time=0 ms, compile time=0 ms, other=0 ms
		Project Asset Count: scripts=2827, non-scripts=1299
		Asset File Changes: new=27, changed=27, moved=0, deleted=0
		Scan Filter Count: 0
		OnDemandAssets Count:0
	InvokeBeforeRefreshCallbacks: 0.001ms
	ApplyChangesToAssetFolders: 0.043ms
	Scan: 173.851ms
	OnSourceAssetsModified: 0.112ms
	GetAllGuidsForCategorization: 0.314ms
	CategorizeAssets: 17.480ms
	ImportOutOfDateAssets: 647.045ms (0.424ms without children)
		ImportManagerImport: 645.384ms (1.964ms without children)
			ImportInProcess: 643.274ms
			UpdateCategorizedAssets: 0.147ms
		ReloadNativeAssets: 0.014ms
		UnloadImportedAssets: 0.059ms
		ReloadImportedAssets: 0.003ms
		EnsureUptoDateAssetsAreRegisteredWithGuidPM: 0.409ms
		InitializingProgressBar: 0.007ms
		PostProcessAllAssetNotificationsAddChangedAssets: 0.000ms
		OnDemandSchedulerStart: 0.745ms
	PostProcessAllAssets: 29.845ms
	Hotreload: 5.825ms
	GatherAllCurrentPrimaryArtifactRevisions: 0.190ms
	UnloadStreamsBegin: 0.039ms
	PersistCurrentRevisions: 0.278ms
	UnloadStreamsEnd: 0.027ms
	Untracked: 44.263ms
Start importing Assets/Game/Art/ThirdParty/Kenney/variation-a.png using Guid(bb3ccdf223ed54a488660005e75115a5) Importer(Primary)  -> (artifact id: 'fbaaa2e114c1cb885901484d1793f5e2') in 0.005047 seconds
Refreshing native plugins compatible for Editor in 1.80 ms, found 0 plugins.
Preloading 0 native plugins for Editor in 0.00 ms.
Asset Pipeline Refresh (id=def16bcb71a63894c9a902cd92a9df01): Total: 0.038 seconds - Initiated by StopAssetImportingV2(NoUpdateAssetOptions)
Refreshing native plugins compatible for Editor in 1.62 ms, found 0 plugins.
Preloading 0 native plugins for Editor in 0.00 ms.
Asset Pipeline Refresh (id=c76cc04a3a72cc94db318a0391922777): Total: 0.025 seconds - Initiated by StopAssetImportingV2(NoUpdateAssetOptions)
Refreshing native plugins compatible for Editor in 1.57 ms, found 0 plugins.
Preloading 0 native plugins for Editor in 0.00 ms.
Asset Pipeline Refresh (id=44537276c899e2e41855ba35733233bb): Total: 0.027 seconds - Initiated by StopAssetImportingV2(NoUpdateAssetOptions)
Refreshing native plugins compatible for Editor in 2.53 ms, found 0 plugins.
Preloading 0 native plugins for Editor in 0.00 ms.
Asset Pipeline Refresh (id=7a6a043aeeac3f34fb4623e6d86e3942): Total: 0.025 seconds - Initiated by StopAssetImportingV2(NoUpdateAssetOptions)
Refreshing native plugins compatible for Editor in 2.03 ms, found 0 plugins.
Preloading 0 native plugins for Editor in 0.00 ms.
Asset Pipeline Refresh (id=1aaa267e364838744af3dadb9d43391c): Total: 0.024 seconds - Initiated by StopAssetImportingV2(NoUpdateAssetOptions)
Refreshing native plugins compatible for Editor in 1.59 ms, found 0 plugins.
Preloading 0 native plugins for Editor in 0.00 ms.
Asset Pipeline Refresh (id=01e877bbae781fc43892ea0e5cf21ceb): Total: 0.027 seconds - Initiated by StopAssetImportingV2(NoUpdateAssetOptions)
Start importing Assets/Game/Art/ThirdParty/Kenney/tile.fbx using Guid(fb23dc35b94bfcd4c910d1e489e56e71) Importer(Primary)  -> (artifact id: 'e711804f5a612eae97a4eb2ea278f750') in 0.014607 seconds
Refreshing native plugins compatible for Editor in 1.99 ms, found 0 plugins.
Preloading 0 native plugins for Editor in 0.00 ms.
Asset Pipeline Refresh (id=efb830b272c96d749b92a8fc2138ed76): Total: 0.050 seconds - Initiated by StopAssetImportingV2(NoUpdateAssetOptions)
Assets/Game/Art/ThirdParty/Kenney/tile.fbx remap colormap -> KenneyAtlas
UnityEngine.StackTraceUtility:ExtractStackTrace ()
UnityEngine.DebugLogHandler:LogFormat (UnityEngine.LogType,UnityEngine.Object,string,object[])
UnityEngine.Logger:Log (UnityEngine.LogType,object)
UnityEngine.Debug:Log (object)
ThirdPartyArtIntegration:Remap (string,System.Func`2<string, UnityEngine.Material>) (at Assets/Game/Editor/ThirdPartyArtIntegration.cs:148)
ThirdPartyArtIntegration:BuildKenneyPrefab (string,UnityEngine.Material) (at Assets/Game/Editor/ThirdPartyArtIntegration.cs:242)
ThirdPartyArtIntegration:Import () (at Assets/Game/Editor/ThirdPartyArtIntegration.cs:69)

(Filename: Assets/Game/Editor/ThirdPartyArtIntegration.cs Line: 148)

Start importing Assets/Game/Art/ThirdParty/Kenney/tile.fbx using Guid(fb23dc35b94bfcd4c910d1e489e56e71) Importer(Primary)  -> (artifact id: '22ed555bbd654a88259b39a831f73ec0') in 0.012708 seconds
Refreshing native plugins compatible for Editor in 1.61 ms, found 0 plugins.
Preloading 0 native plugins for Editor in 0.00 ms.
Asset Pipeline Refresh (id=4e5f071e0404c6448a61da4fbe6ebc3f): Total: 0.042 seconds - Initiated by StopAssetImportingV2(NoUpdateAssetOptions)
Start importing Assets/Game/Prefabs/Art/tile.prefab using Guid(382fd0b0e32a8404798201d2e8e971a4) Importer(Primary)  -> (artifact id: 'a4a7e6db53367e28cb31d804394cfd3c') in 0.004287 seconds
Refreshing native plugins compatible for Editor in 1.60 ms, found 0 plugins.
Preloading 0 native plugins for Editor in 0.00 ms.
Asset Pipeline Refresh (id=0462216e8a2469b4a97c208209d566b1): Total: 0.034 seconds - Initiated by StopAssetImportingV2(NoUpdateAssetOptions)
Start importing Assets/Game/Art/ThirdParty/Kenney/tile-dirt.fbx using Guid(52020876fd3b0b747911404aafe32f34) Importer(Primary)  -> (artifact id: '04be53f84af040da50b7f2d5bb72815e') in 0.014028 seconds
Refreshing native plugins compatible for Editor in 1.65 ms, found 0 plugins.
Preloading 0 native plugins for Editor in 0.00 ms.
Asset Pipeline Refresh (id=d9b53ff6d9bddf24cb29af1416432f6f): Total: 0.048 seconds - Initiated by StopAssetImportingV2(NoUpdateAssetOptions)
Assets/Game/Art/ThirdParty/Kenney/tile-dirt.fbx remap colormap -> KenneyAtlas
UnityEngine.StackTraceUtility:ExtractStackTrace ()
UnityEngine.DebugLogHandler:LogFormat (UnityEngine.LogType,UnityEngine.Object,string,object[])
UnityEngine.Logger:Log (UnityEngine.LogType,object)
UnityEngine.Debug:Log (object)
ThirdPartyArtIntegration:Remap (string,System.Func`2<string, UnityEngine.Material>) (at Assets/Game/Editor/ThirdPartyArtIntegration.cs:148)
ThirdPartyArtIntegration:BuildKenneyPrefab (string,UnityEngine.Material) (at Assets/Game/Editor/ThirdPartyArtIntegration.cs:242)
ThirdPartyArtIntegration:Import () (at Assets/Game/Editor/ThirdPartyArtIntegration.cs:69)

(Filename: Assets/Game/Editor/ThirdPartyArtIntegration.cs Line: 148)

Start importing Assets/Game/Art/ThirdParty/Kenney/tile-dirt.fbx using Guid(52020876fd3b0b747911404aafe32f34) Importer(Primary)  -> (artifact id: '97a1474704eacfdab85fd9294861345a') in 0.012094 seconds
Refreshing native plugins compatible for Editor in 1.60 ms, found 0 plugins.
Preloading 0 native plugins for Editor in 0.00 ms.
Asset Pipeline Refresh (id=864e86671a266784e9893c1f20e867b7): Total: 0.043 seconds - Initiated by StopAssetImportingV2(NoUpdateAssetOptions)
Start importing Assets/Game/Prefabs/Art/tile-dirt.prefab using Guid(611951ae4e14caa4f8017b690e301d30) Importer(Primary)  -> (artifact id: '1cdd82a35fd589dd97688a0a7803db4d') in 0.005551 seconds
Refreshing native plugins compatible for Editor in 1.65 ms, found 0 plugins.
Preloading 0 native plugins for Editor in 0.00 ms.
Asset Pipeline Refresh (id=d8f947269a08cf148b358bb74972c381): Total: 0.035 seconds - Initiated by StopAssetImportingV2(NoUpdateAssetOptions)
Start importing Assets/Game/Art/ThirdParty/Kenney/tile-spawn.fbx using Guid(6c310d2d146d90c448ad8628d4646ff9) Importer(Primary)  -> (artifact id: '352949f851e9e8f73f55c21be3c2f7f8') in 0.014094 seconds
Refreshing native plugins compatible for Editor in 1.60 ms, found 0 plugins.
Preloading 0 native plugins for Editor in 0.00 ms.
Asset Pipeline Refresh (id=bc30b9af0d2ca1a46b35ee31a0db0a4d): Total: 0.052 seconds - Initiated by StopAssetImportingV2(NoUpdateAssetOptions)
Assets/Game/Art/ThirdParty/Kenney/tile-spawn.fbx remap colormap -> KenneyAtlas
UnityEngine.StackTraceUtility:ExtractStackTrace ()
UnityEngine.DebugLogHandler:LogFormat (UnityEngine.LogType,UnityEngine.Object,string,object[])
UnityEngine.Logger:Log (UnityEngine.LogType,object)
UnityEngine.Debug:Log (object)
ThirdPartyArtIntegration:Remap (string,System.Func`2<string, UnityEngine.Material>) (at Assets/Game/Editor/ThirdPartyArtIntegration.cs:148)
ThirdPartyArtIntegration:BuildKenneyPrefab (string,UnityEngine.Material) (at Assets/Game/Editor/ThirdPartyArtIntegration.cs:242)
ThirdPartyArtIntegration:Import () (at Assets/Game/Editor/ThirdPartyArtIntegration.cs:69)

(Filename: Assets/Game/Editor/ThirdPartyArtIntegration.cs Line: 148)

Start importing Assets/Game/Art/ThirdParty/Kenney/tile-spawn.fbx using Guid(6c310d2d146d90c448ad8628d4646ff9) Importer(Primary)  -> (artifact id: 'e961194e12732e9438540f8ae7837de9') in 0.012300 seconds
Refreshing native plugins compatible for Editor in 1.64 ms, found 0 plugins.
Preloading 0 native plugins for Editor in 0.00 ms.
Asset Pipeline Refresh (id=23621c5df2a1f014dbee14b4b69dfd33): Total: 0.043 seconds - Initiated by StopAssetImportingV2(NoUpdateAssetOptions)
Start importing Assets/Game/Prefabs/Art/tile-spawn.prefab using Guid(bc057e2332d14f949ae2b47422e5379d) Importer(Primary)  -> (artifact id: '202e5a5418249948061295426ad39649') in 0.004726 seconds
Refreshing native plugins compatible for Editor in 1.72 ms, found 0 plugins.
Preloading 0 native plugins for Editor in 0.00 ms.
Asset Pipeline Refresh (id=35ecbc3c526e6564fbcd92ab8ac4fdfc): Total: 0.033 seconds - Initiated by StopAssetImportingV2(NoUpdateAssetOptions)
Start importing Assets/Game/Art/ThirdParty/Kenney/tile-crystal.fbx using Guid(a1d63ed50039e47459855fd18434195c) Importer(Primary)  -> (artifact id: 'e75a8243e727c4fd5dfdea579e507638') in 0.015481 seconds
Refreshing native plugins compatible for Editor in 1.61 ms, found 0 plugins.
Preloading 0 native plugins for Editor in 0.00 ms.
Asset Pipeline Refresh (id=a3f9d04222db44d498e6a78ea3ff37b5): Total: 0.052 seconds - Initiated by StopAssetImportingV2(NoUpdateAssetOptions)
Assets/Game/Art/ThirdParty/Kenney/tile-crystal.fbx remap colormap -> KenneyAtlas
UnityEngine.StackTraceUtility:ExtractStackTrace ()
UnityEngine.DebugLogHandler:LogFormat (UnityEngine.LogType,UnityEngine.Object,string,object[])
UnityEngine.Logger:Log (UnityEngine.LogType,object)
UnityEngine.Debug:Log (object)
ThirdPartyArtIntegration:Remap (string,System.Func`2<string, UnityEngine.Material>) (at Assets/Game/Editor/ThirdPartyArtIntegration.cs:148)
ThirdPartyArtIntegration:BuildKenneyPrefab (string,UnityEngine.Material) (at Assets/Game/Editor/ThirdPartyArtIntegration.cs:242)
ThirdPartyArtIntegration:Import () (at Assets/Game/Editor/ThirdPartyArtIntegration.cs:69)

(Filename: Assets/Game/Editor/ThirdPartyArtIntegration.cs Line: 148)

Start importing Assets/Game/Art/ThirdParty/Kenney/tile-crystal.fbx using Guid(a1d63ed50039e47459855fd18434195c) Importer(Primary)  -> (artifact id: 'fe9571064b9bd6e79d5e567e954b90b2') in 0.015959 seconds
Refreshing native plugins compatible for Editor in 1.73 ms, found 0 plugins.
Preloading 0 native plugins for Editor in 0.00 ms.
Asset Pipeline Refresh (id=8daef6642d37f7841a48e4599493f46f): Total: 0.051 seconds - Initiated by StopAssetImportingV2(NoUpdateAssetOptions)
Start importing Assets/Game/Prefabs/Art/tile-crystal.prefab using Guid(296fa1021bd542e4a87ac1ff5e9741c1) Importer(Primary)  -> (artifact id: '3661feb1f59b023a72fa4f362bccbf5e') in 0.004138 seconds
Refreshing native plugins compatible for Editor in 2.36 ms, found 0 plugins.
Preloading 0 native plugins for Editor in 0.00 ms.
Asset Pipeline Refresh (id=4d08a64f024b1da45b7bb1c72bded46b): Total: 0.038 seconds - Initiated by StopAssetImportingV2(NoUpdateAssetOptions)
Start importing Assets/Game/Art/ThirdParty/Kenney/wood-structure.fbx using Guid(3d9fa3e9018cfc44b911085f8990675b) Importer(Primary)  -> (artifact id: '34afee2ee043baf87bbf452cc8ddaa73') in 0.014986 seconds
Refreshing native plugins compatible for Editor in 1.86 ms, found 0 plugins.
Preloading 0 native plugins for Editor in 0.00 ms.
Asset Pipeline Refresh (id=38441606396aa004aa1f439b918a00e0): Total: 0.050 seconds - Initiated by StopAssetImportingV2(NoUpdateAssetOptions)
Assets/Game/Art/ThirdParty/Kenney/wood-structure.fbx remap colormap -> KenneyAtlas
UnityEngine.StackTraceUtility:ExtractStackTrace ()
UnityEngine.DebugLogHandler:LogFormat (UnityEngine.LogType,UnityEngine.Object,string,object[])
UnityEngine.Logger:Log (UnityEngine.LogType,object)
UnityEngine.Debug:Log (object)
ThirdPartyArtIntegration:Remap (string,System.Func`2<string, UnityEngine.Material>) (at Assets/Game/Editor/ThirdPartyArtIntegration.cs:148)
ThirdPartyArtIntegration:BuildKenneyPrefab (string,UnityEngine.Material) (at Assets/Game/Editor/ThirdPartyArtIntegration.cs:242)
ThirdPartyArtIntegration:Import () (at Assets/Game/Editor/ThirdPartyArtIntegration.cs:69)

(Filename: Assets/Game/Editor/ThirdPartyArtIntegration.cs Line: 148)

Start importing Assets/Game/Art/ThirdParty/Kenney/wood-structure.fbx using Guid(3d9fa3e9018cfc44b911085f8990675b) Importer(Primary)  -> (artifact id: '88a446b4e9e6d1746167f2fd5d9bac2d') in 0.012393 seconds
Refreshing native plugins compatible for Editor in 1.67 ms, found 0 plugins.
Preloading 0 native plugins for Editor in 0.00 ms.
Asset Pipeline Refresh (id=01c46b2145aa1014ea18e12684f29ffd): Total: 0.044 seconds - Initiated by StopAssetImportingV2(NoUpdateAssetOptions)
Start importing Assets/Game/Prefabs/Art/wood-structure.prefab using Guid(bebeb4632d81e5b469f92888a7271d14) Importer(Primary)  -> (artifact id: '8c465732783d18370204814b4598f0df') in 0.004883 seconds
Refreshing native plugins compatible for Editor in 2.17 ms, found 0 plugins.
Preloading 0 native plugins for Editor in 0.00 ms.
Asset Pipeline Refresh (id=d3c1b9d40841c054cb266cfdce90c64c): Total: 0.036 seconds - Initiated by StopAssetImportingV2(NoUpdateAssetOptions)
Start importing Assets/Game/Art/ThirdParty/Kenney/spawn-round.fbx using Guid(417a166ed763ea24da72ffa3af04d263) Importer(Primary)  -> (artifact id: '5693f21530071baafaa8991e2e2a2ef9') in 0.014391 seconds
Refreshing native plugins compatible for Editor in 1.76 ms, found 0 plugins.
Preloading 0 native plugins for Editor in 0.00 ms.
Asset Pipeline Refresh (id=76beddc4ce9f9ca46af15a42cc3b7e7d): Total: 0.051 seconds - Initiated by StopAssetImportingV2(NoUpdateAssetOptions)
Assets/Game/Art/ThirdParty/Kenney/spawn-round.fbx remap colormap -> KenneyAtlas
UnityEngine.StackTraceUtility:ExtractStackTrace ()
UnityEngine.DebugLogHandler:LogFormat (UnityEngine.LogType,UnityEngine.Object,string,object[])
UnityEngine.Logger:Log (UnityEngine.LogType,object)
UnityEngine.Debug:Log (object)
ThirdPartyArtIntegration:Remap (string,System.Func`2<string, UnityEngine.Material>) (at Assets/Game/Editor/ThirdPartyArtIntegration.cs:148)
ThirdPartyArtIntegration:BuildKenneyPrefab (string,UnityEngine.Material) (at Assets/Game/Editor/ThirdPartyArtIntegration.cs:242)
ThirdPartyArtIntegration:Import () (at Assets/Game/Editor/ThirdPartyArtIntegration.cs:69)

(Filename: Assets/Game/Editor/ThirdPartyArtIntegration.cs Line: 148)

Start importing Assets/Game/Art/ThirdParty/Kenney/spawn-round.fbx using Guid(417a166ed763ea24da72ffa3af04d263) Importer(Primary)  -> (artifact id: '0056a6c97100fa1bb32719626ab47ef9') in 0.012298 seconds
Refreshing native plugins compatible for Editor in 1.58 ms, found 0 plugins.
Preloading 0 native plugins for Editor in 0.00 ms.
Asset Pipeline Refresh (id=9189a1bb40ecb1b4b92f2886dc36c1a7): Total: 0.042 seconds - Initiated by StopAssetImportingV2(NoUpdateAssetOptions)
Start importing Assets/Game/Prefabs/Art/spawn-round.prefab using Guid(0e71c96e634e1a34aaad343a706b2ed6) Importer(Primary)  -> (artifact id: '0fad16b8d640a845ce8c065901e5f887') in 0.004231 seconds
Refreshing native plugins compatible for Editor in 2.09 ms, found 0 plugins.
Preloading 0 native plugins for Editor in 0.00 ms.
Asset Pipeline Refresh (id=f2a7d9e4543f3044c8f93fbcbc45684b): Total: 0.037 seconds - Initiated by StopAssetImportingV2(NoUpdateAssetOptions)
Start importing Assets/Game/Art/ThirdParty/Kenney/tower-round-base.fbx using Guid(1d6b8d8771689ba44a18dd149686b3b8) Importer(Primary)  -> (artifact id: '21b1832974fabbc8bb9c74d10e75569b') in 0.015582 seconds
Refreshing native plugins compatible for Editor in 1.77 ms, found 0 plugins.
Preloading 0 native plugins for Editor in 0.00 ms.
Asset Pipeline Refresh (id=766571ae7c575264ebfc2588361d6257): Total: 0.050 seconds - Initiated by StopAssetImportingV2(NoUpdateAssetOptions)
Assets/Game/Art/ThirdParty/Kenney/tower-round-base.fbx remap colormap -> KenneyAtlas
UnityEngine.StackTraceUtility:ExtractStackTrace ()
UnityEngine.DebugLogHandler:LogFormat (UnityEngine.LogType,UnityEngine.Object,string,object[])
UnityEngine.Logger:Log (UnityEngine.LogType,object)
UnityEngine.Debug:Log (object)
ThirdPartyArtIntegration:Remap (string,System.Func`2<string, UnityEngine.Material>) (at Assets/Game/Editor/ThirdPartyArtIntegration.cs:148)
ThirdPartyArtIntegration:BuildKenneyPrefab (string,UnityEngine.Material) (at Assets/Game/Editor/ThirdPartyArtIntegration.cs:242)
ThirdPartyArtIntegration:Import () (at Assets/Game/Editor/ThirdPartyArtIntegration.cs:69)

(Filename: Assets/Game/Editor/ThirdPartyArtIntegration.cs Line: 148)

Start importing Assets/Game/Art/ThirdParty/Kenney/tower-round-base.fbx using Guid(1d6b8d8771689ba44a18dd149686b3b8) Importer(Primary)  -> (artifact id: '953ab5513d9f0ec530461130ff8dd638') in 0.012722 seconds
Refreshing native plugins compatible for Editor in 1.61 ms, found 0 plugins.
Preloading 0 native plugins for Editor in 0.00 ms.
Asset Pipeline Refresh (id=20bc18d4d8489ee4da8cf0cec3a776c0): Total: 0.043 seconds - Initiated by StopAssetImportingV2(NoUpdateAssetOptions)
Start importing Assets/Game/Prefabs/Art/tower-round-base.prefab using Guid(63ca9fef6ccd6e24cbef236949a22932) Importer(Primary)  -> (artifact id: '5d7fc0c71791fdc6981eb51b48ccd198') in 0.004558 seconds
Refreshing native plugins compatible for Editor in 2.00 ms, found 0 plugins.
Preloading 0 native plugins for Editor in 0.00 ms.
Asset Pipeline Refresh (id=713090ad73029c24ba932f6595160bd9): Total: 0.036 seconds - Initiated by StopAssetImportingV2(NoUpdateAssetOptions)
Start importing Assets/Game/Art/ThirdParty/Kenney/tower-round-middle-a.fbx using Guid(ed199c32931e55d4d9cab0ecf3efd5dc) Importer(Primary)  -> (artifact id: 'd22f35d17cdf14e3c55473a0fcce46f2') in 0.015611 seconds
Refreshing native plugins compatible for Editor in 2.25 ms, found 0 plugins.
Preloading 0 native plugins for Editor in 0.00 ms.
Asset Pipeline Refresh (id=8d9d57de769100e49bead217e4142e0b): Total: 0.051 seconds - Initiated by StopAssetImportingV2(NoUpdateAssetOptions)
Assets/Game/Art/ThirdParty/Kenney/tower-round-middle-a.fbx remap colormap -> KenneyAtlas
UnityEngine.StackTraceUtility:ExtractStackTrace ()
UnityEngine.DebugLogHandler:LogFormat (UnityEngine.LogType,UnityEngine.Object,string,object[])
UnityEngine.Logger:Log (UnityEngine.LogType,object)
UnityEngine.Debug:Log (object)
ThirdPartyArtIntegration:Remap (string,System.Func`2<string, UnityEngine.Material>) (at Assets/Game/Editor/ThirdPartyArtIntegration.cs:148)
ThirdPartyArtIntegration:BuildKenneyPrefab (string,UnityEngine.Material) (at Assets/Game/Editor/ThirdPartyArtIntegration.cs:242)
ThirdPartyArtIntegration:Import () (at Assets/Game/Editor/ThirdPartyArtIntegration.cs:69)

(Filename: Assets/Game/Editor/ThirdPartyArtIntegration.cs Line: 148)

Start importing Assets/Game/Art/ThirdParty/Kenney/tower-round-middle-a.fbx using Guid(ed199c32931e55d4d9cab0ecf3efd5dc) Importer(Primary)  -> (artifact id: '4d7d161b17306914a926679a6c458265') in 0.013602 seconds
Refreshing native plugins compatible for Editor in 1.66 ms, found 0 plugins.
Preloading 0 native plugins for Editor in 0.00 ms.
Asset Pipeline Refresh (id=9f64cb8610457404db9ef072895615f2): Total: 0.044 seconds - Initiated by StopAssetImportingV2(NoUpdateAssetOptions)
Start importing Assets/Game/Prefabs/Art/tower-round-middle-a.prefab using Guid(15c8aaa5d8efdd24cbb9db7cbaea2a68) Importer(Primary)  -> (artifact id: '49ce590c6b3946b791ab45dda739ffe6') in 0.004177 seconds
Refreshing native plugins compatible for Editor in 2.18 ms, found 0 plugins.
Preloading 0 native plugins for Editor in 0.00 ms.
Asset Pipeline Refresh (id=b788e0cd5acc3194297b3c9f55a8241c): Total: 0.034 seconds - Initiated by StopAssetImportingV2(NoUpdateAssetOptions)
Start importing Assets/Game/Art/ThirdParty/Kenney/tower-round-middle-b.fbx using Guid(7195fce8aa9131b4f97459a04dc7ed71) Importer(Primary)  -> (artifact id: '7a4ee5308e786fda3c854be883551d6a') in 0.014901 seconds
Refreshing native plugins compatible for Editor in 1.82 ms, found 0 plugins.
Preloading 0 native plugins for Editor in 0.00 ms.
Asset Pipeline Refresh (id=d5010743c99d4e541a33ec1c645db332): Total: 0.049 seconds - Initiated by StopAssetImportingV2(NoUpdateAssetOptions)
Assets/Game/Art/ThirdParty/Kenney/tower-round-middle-b.fbx remap colormap -> KenneyAtlas
UnityEngine.StackTraceUtility:ExtractStackTrace ()
UnityEngine.DebugLogHandler:LogFormat (UnityEngine.LogType,UnityEngine.Object,string,object[])
UnityEngine.Logger:Log (UnityEngine.LogType,object)
UnityEngine.Debug:Log (object)
ThirdPartyArtIntegration:Remap (string,System.Func`2<string, UnityEngine.Material>) (at Assets/Game/Editor/ThirdPartyArtIntegration.cs:148)
ThirdPartyArtIntegration:BuildKenneyPrefab (string,UnityEngine.Material) (at Assets/Game/Editor/ThirdPartyArtIntegration.cs:242)
ThirdPartyArtIntegration:Import () (at Assets/Game/Editor/ThirdPartyArtIntegration.cs:69)

(Filename: Assets/Game/Editor/ThirdPartyArtIntegration.cs Line: 148)

Start importing Assets/Game/Art/ThirdParty/Kenney/tower-round-middle-b.fbx using Guid(7195fce8aa9131b4f97459a04dc7ed71) Importer(Primary)  -> (artifact id: 'a5ce9216f7b5386a55426de641474b99') in 0.015806 seconds
Refreshing native plugins compatible for Editor in 1.56 ms, found 0 plugins.
Preloading 0 native plugins for Editor in 0.00 ms.
Asset Pipeline Refresh (id=8a788837b7bc41448be6ec53e921761a): Total: 0.047 seconds - Initiated by StopAssetImportingV2(NoUpdateAssetOptions)
Start importing Assets/Game/Prefabs/Art/tower-round-middle-b.prefab using Guid(eef5f85670f6a394181de9490911833d) Importer(Primary)  -> (artifact id: '0856357665d4c51f18abb9e834feb66d') in 0.004272 seconds
Refreshing native plugins compatible for Editor in 1.64 ms, found 0 plugins.
Preloading 0 native plugins for Editor in 0.00 ms.
Asset Pipeline Refresh (id=3b9887163e3363047b63452806d99c98): Total: 0.032 seconds - Initiated by StopAssetImportingV2(NoUpdateAssetOptions)
Start importing Assets/Game/Art/ThirdParty/Kenney/tower-round-middle-c.fbx using Guid(91c3ef8dd8bec88429ef6bf831c03175) Importer(Primary)  -> (artifact id: 'd21e22a3301cad7d6610baee201b767d') in 0.014999 seconds
Refreshing native plugins compatible for Editor in 2.45 ms, found 0 plugins.
Preloading 0 native plugins for Editor in 0.00 ms.
Asset Pipeline Refresh (id=a39f75480aa70074793aa51008bfcbf1): Total: 0.054 seconds - Initiated by StopAssetImportingV2(NoUpdateAssetOptions)
Assets/Game/Art/ThirdParty/Kenney/tower-round-middle-c.fbx remap colormap -> KenneyAtlas
UnityEngine.StackTraceUtility:ExtractStackTrace ()
UnityEngine.DebugLogHandler:LogFormat (UnityEngine.LogType,UnityEngine.Object,string,object[])
UnityEngine.Logger:Log (UnityEngine.LogType,object)
UnityEngine.Debug:Log (object)
ThirdPartyArtIntegration:Remap (string,System.Func`2<string, UnityEngine.Material>) (at Assets/Game/Editor/ThirdPartyArtIntegration.cs:148)
ThirdPartyArtIntegration:BuildKenneyPrefab (string,UnityEngine.Material) (at Assets/Game/Editor/ThirdPartyArtIntegration.cs:242)
ThirdPartyArtIntegration:Import () (at Assets/Game/Editor/ThirdPartyArtIntegration.cs:69)

(Filename: Assets/Game/Editor/ThirdPartyArtIntegration.cs Line: 148)

Start importing Assets/Game/Art/ThirdParty/Kenney/tower-round-middle-c.fbx using Guid(91c3ef8dd8bec88429ef6bf831c03175) Importer(Primary)  -> (artifact id: 'ba8257a971a3878aab4cc5061481332a') in 0.019274 seconds
Refreshing native plugins compatible for Editor in 1.68 ms, found 0 plugins.
Preloading 0 native plugins for Editor in 0.00 ms.
Asset Pipeline Refresh (id=a8ff21237f1e53a4189821bfea29036d): Total: 0.053 seconds - Initiated by StopAssetImportingV2(NoUpdateAssetOptions)
Start importing Assets/Game/Prefabs/Art/tower-round-middle-c.prefab using Guid(8228636267681cf4e98d424a4a3f6035) Importer(Primary)  -> (artifact id: '1e0a832a8359b84096a85c1d14965878') in 0.005227 seconds
Refreshing native plugins compatible for Editor in 1.70 ms, found 0 plugins.
Preloading 0 native plugins for Editor in 0.00 ms.
Asset Pipeline Refresh (id=ed6a341ab60e26f49adbdda9e5f24d3e): Total: 0.037 seconds - Initiated by StopAssetImportingV2(NoUpdateAssetOptions)
Start importing Assets/Game/Art/ThirdParty/Kenney/tower-round-crystals.fbx using Guid(cbe01c7a7ecfbac44947e98f9710d2cf) Importer(Primary)  -> (artifact id: '790ff7788c89696cf22d436468d31631') in 0.017795 seconds
Refreshing native plugins compatible for Editor in 1.94 ms, found 0 plugins.
Preloading 0 native plugins for Editor in 0.00 ms.
Asset Pipeline Refresh (id=e7831df1b3178e24f9892d0d55c5f1a9): Total: 0.053 seconds - Initiated by StopAssetImportingV2(NoUpdateAssetOptions)
Assets/Game/Art/ThirdParty/Kenney/tower-round-crystals.fbx remap colormap -> KenneyAtlas
UnityEngine.StackTraceUtility:ExtractStackTrace ()
UnityEngine.DebugLogHandler:LogFormat (UnityEngine.LogType,UnityEngine.Object,string,object[])
UnityEngine.Logger:Log (UnityEngine.LogType,object)
UnityEngine.Debug:Log (object)
ThirdPartyArtIntegration:Remap (string,System.Func`2<string, UnityEngine.Material>) (at Assets/Game/Editor/ThirdPartyArtIntegration.cs:148)
ThirdPartyArtIntegration:BuildKenneyPrefab (string,UnityEngine.Material) (at Assets/Game/Editor/ThirdPartyArtIntegration.cs:242)
ThirdPartyArtIntegration:Import () (at Assets/Game/Editor/ThirdPartyArtIntegration.cs:69)

(Filename: Assets/Game/Editor/ThirdPartyArtIntegration.cs Line: 148)

Start importing Assets/Game/Art/ThirdParty/Kenney/tower-round-crystals.fbx using Guid(cbe01c7a7ecfbac44947e98f9710d2cf) Importer(Primary)  -> (artifact id: '746f8b8ac141c43a6a901866f338d736') in 0.015148 seconds
Refreshing native plugins compatible for Editor in 1.61 ms, found 0 plugins.
Preloading 0 native plugins for Editor in 0.00 ms.
Asset Pipeline Refresh (id=8d282a4b0c4f3d54ea84db5ada564df3): Total: 0.046 seconds - Initiated by StopAssetImportingV2(NoUpdateAssetOptions)
Start importing Assets/Game/Prefabs/Art/tower-round-crystals.prefab using Guid(f80bc78759b65e44d9f45c68293ea6e2) Importer(Primary)  -> (artifact id: '2976715d8797e7390be7f9c273248253') in 0.004653 seconds
Refreshing native plugins compatible for Editor in 2.00 ms, found 0 plugins.
Preloading 0 native plugins for Editor in 0.00 ms.
Asset Pipeline Refresh (id=37507b00637c50d48b245b0d2b84188d): Total: 0.033 seconds - Initiated by StopAssetImportingV2(NoUpdateAssetOptions)
Start importing Assets/Game/Art/ThirdParty/Kenney/weapon-ballista.fbx using Guid(4c55f503ab278d342821a8b7e1de7164) Importer(Primary)  -> (artifact id: '70bdb1d142f3a9bf1567bde0b0867364') in 0.015538 seconds
Refreshing native plugins compatible for Editor in 1.73 ms, found 0 plugins.
Preloading 0 native plugins for Editor in 0.00 ms.
Asset Pipeline Refresh (id=13dc853c04c7faf4d9182200d6139158): Total: 0.052 seconds - Initiated by StopAssetImportingV2(NoUpdateAssetOptions)
Assets/Game/Art/ThirdParty/Kenney/weapon-ballista.fbx remap colormap -> KenneyAtlas
UnityEngine.StackTraceUtility:ExtractStackTrace ()
UnityEngine.DebugLogHandler:LogFormat (UnityEngine.LogType,UnityEngine.Object,string,object[])
UnityEngine.Logger:Log (UnityEngine.LogType,object)
UnityEngine.Debug:Log (object)
ThirdPartyArtIntegration:Remap (string,System.Func`2<string, UnityEngine.Material>) (at Assets/Game/Editor/ThirdPartyArtIntegration.cs:148)
ThirdPartyArtIntegration:BuildKenneyPrefab (string,UnityEngine.Material) (at Assets/Game/Editor/ThirdPartyArtIntegration.cs:242)
ThirdPartyArtIntegration:Import () (at Assets/Game/Editor/ThirdPartyArtIntegration.cs:69)

(Filename: Assets/Game/Editor/ThirdPartyArtIntegration.cs Line: 148)

Start importing Assets/Game/Art/ThirdParty/Kenney/weapon-ballista.fbx using Guid(4c55f503ab278d342821a8b7e1de7164) Importer(Primary)  -> (artifact id: 'd5ba24714088ccde5b0fd9dc97f1073f') in 0.013930 seconds
Refreshing native plugins compatible for Editor in 1.62 ms, found 0 plugins.
Preloading 0 native plugins for Editor in 0.00 ms.
Asset Pipeline Refresh (id=63f500ed8d8d4c745a1e12b7581aac12): Total: 0.044 seconds - Initiated by StopAssetImportingV2(NoUpdateAssetOptions)
Start importing Assets/Game/Prefabs/Art/weapon-ballista.prefab using Guid(6d37f0b0fd938e743bd4036e7112a35d) Importer(Primary)  -> (artifact id: '934ba1526fee0a14a8dfd3a0f334cd1c') in 0.004287 seconds
Refreshing native plugins compatible for Editor in 1.67 ms, found 0 plugins.
Preloading 0 native plugins for Editor in 0.00 ms.
Asset Pipeline Refresh (id=ecc7137b86af7404eb24e53e9bfeb85f): Total: 0.032 seconds - Initiated by StopAssetImportingV2(NoUpdateAssetOptions)
Start importing Assets/Game/Art/ThirdParty/Kenney/weapon-turret.fbx using Guid(48e60d8ade0ed5a48990d3e6e8036541) Importer(Primary)  -> (artifact id: '75c0786a4704cc1a586ed0da2c56952d') in 0.015550 seconds
Refreshing native plugins compatible for Editor in 1.68 ms, found 0 plugins.
Preloading 0 native plugins for Editor in 0.00 ms.
Asset Pipeline Refresh (id=8ddcce489b79b4c49968f2038aa22361): Total: 0.050 seconds - Initiated by StopAssetImportingV2(NoUpdateAssetOptions)
Assets/Game/Art/ThirdParty/Kenney/weapon-turret.fbx remap colormap -> KenneyAtlas
UnityEngine.StackTraceUtility:ExtractStackTrace ()
UnityEngine.DebugLogHandler:LogFormat (UnityEngine.LogType,UnityEngine.Object,string,object[])
UnityEngine.Logger:Log (UnityEngine.LogType,object)
UnityEngine.Debug:Log (object)
ThirdPartyArtIntegration:Remap (string,System.Func`2<string, UnityEngine.Material>) (at Assets/Game/Editor/ThirdPartyArtIntegration.cs:148)
ThirdPartyArtIntegration:BuildKenneyPrefab (string,UnityEngine.Material) (at Assets/Game/Editor/ThirdPartyArtIntegration.cs:242)
ThirdPartyArtIntegration:Import () (at Assets/Game/Editor/ThirdPartyArtIntegration.cs:69)

(Filename: Assets/Game/Editor/ThirdPartyArtIntegration.cs Line: 148)

Start importing Assets/Game/Art/ThirdParty/Kenney/weapon-turret.fbx using Guid(48e60d8ade0ed5a48990d3e6e8036541) Importer(Primary)  -> (artifact id: '7d253ce3adc3bcdafbd9c243a673fff9') in 0.013569 seconds
Refreshing native plugins compatible for Editor in 1.62 ms, found 0 plugins.
Preloading 0 native plugins for Editor in 0.00 ms.
Asset Pipeline Refresh (id=5d937bbd3808c9d48b4a400b6cbf99cb): Total: 0.044 seconds - Initiated by StopAssetImportingV2(NoUpdateAssetOptions)
Start importing Assets/Game/Prefabs/Art/weapon-turret.prefab using Guid(5e2ebc93487baf141945e6fff37689bf) Importer(Primary)  -> (artifact id: '9e8fe752aa6d5aa10f1f653185883308') in 0.011595 seconds
Refreshing native plugins compatible for Editor in 2.03 ms, found 0 plugins.
Preloading 0 native plugins for Editor in 0.00 ms.
Asset Pipeline Refresh (id=9af8728397ff1c34b91ffce95dda08da): Total: 0.041 seconds - Initiated by StopAssetImportingV2(NoUpdateAssetOptions)
Start importing Assets/Game/Art/ThirdParty/Kenney/weapon-cannon.fbx using Guid(fce1a89d860790f4488789261f557fbd) Importer(Primary)  -> (artifact id: '67aa062ef9017fb9522fb03731051865') in 0.015702 seconds
Refreshing native plugins compatible for Editor in 1.90 ms, found 0 plugins.
Preloading 0 native plugins for Editor in 0.00 ms.
Asset Pipeline Refresh (id=3441c2e860797e741b22016c819afecc): Total: 0.052 seconds - Initiated by StopAssetImportingV2(NoUpdateAssetOptions)
Assets/Game/Art/ThirdParty/Kenney/weapon-cannon.fbx remap colormap -> KenneyAtlas
UnityEngine.StackTraceUtility:ExtractStackTrace ()
UnityEngine.DebugLogHandler:LogFormat (UnityEngine.LogType,UnityEngine.Object,string,object[])
UnityEngine.Logger:Log (UnityEngine.LogType,object)
UnityEngine.Debug:Log (object)
ThirdPartyArtIntegration:Remap (string,System.Func`2<string, UnityEngine.Material>) (at Assets/Game/Editor/ThirdPartyArtIntegration.cs:148)
ThirdPartyArtIntegration:BuildKenneyPrefab (string,UnityEngine.Material) (at Assets/Game/Editor/ThirdPartyArtIntegration.cs:242)
ThirdPartyArtIntegration:Import () (at Assets/Game/Editor/ThirdPartyArtIntegration.cs:69)

(Filename: Assets/Game/Editor/ThirdPartyArtIntegration.cs Line: 148)

Start importing Assets/Game/Art/ThirdParty/Kenney/weapon-cannon.fbx using Guid(fce1a89d860790f4488789261f557fbd) Importer(Primary)  -> (artifact id: '37908c1a09cc3b25fe5ad235d090a7ae') in 0.013589 seconds
Refreshing native plugins compatible for Editor in 2.02 ms, found 0 plugins.
Preloading 0 native plugins for Editor in 0.00 ms.
Asset Pipeline Refresh (id=aea8d7c6fe8923b4abeeee8643cc9582): Total: 0.045 seconds - Initiated by StopAssetImportingV2(NoUpdateAssetOptions)
Start importing Assets/Game/Prefabs/Art/weapon-cannon.prefab using Guid(7cca5a74bc9b9704586795c4e765ac6c) Importer(Primary)  -> (artifact id: '2ecdc5ad6f365ca9703ba7d63b987d5c') in 0.004072 seconds
Refreshing native plugins compatible for Editor in 1.72 ms, found 0 plugins.
Preloading 0 native plugins for Editor in 0.00 ms.
Asset Pipeline Refresh (id=6729d45e7754a0241b5ae42c2de13778): Total: 0.036 seconds - Initiated by StopAssetImportingV2(NoUpdateAssetOptions)
Start importing Assets/Game/Art/ThirdParty/Kenney/detail-tree.fbx using Guid(2218e97525405814da4471b71c502682) Importer(Primary)  -> (artifact id: '9689e71c79a57fa30396e4ff47e16257') in 0.014695 seconds
Refreshing native plugins compatible for Editor in 1.80 ms, found 0 plugins.
Preloading 0 native plugins for Editor in 0.00 ms.
Asset Pipeline Refresh (id=017591d0cd591fb439f232f289cc7d01): Total: 0.049 seconds - Initiated by StopAssetImportingV2(NoUpdateAssetOptions)
Assets/Game/Art/ThirdParty/Kenney/detail-tree.fbx remap colormap -> KenneyAtlas
UnityEngine.StackTraceUtility:ExtractStackTrace ()
UnityEngine.DebugLogHandler:LogFormat (UnityEngine.LogType,UnityEngine.Object,string,object[])
UnityEngine.Logger:Log (UnityEngine.LogType,object)
UnityEngine.Debug:Log (object)
ThirdPartyArtIntegration:Remap (string,System.Func`2<string, UnityEngine.Material>) (at Assets/Game/Editor/ThirdPartyArtIntegration.cs:148)
ThirdPartyArtIntegration:BuildKenneyPrefab (string,UnityEngine.Material) (at Assets/Game/Editor/ThirdPartyArtIntegration.cs:242)
ThirdPartyArtIntegration:Import () (at Assets/Game/Editor/ThirdPartyArtIntegration.cs:69)

(Filename: Assets/Game/Editor/ThirdPartyArtIntegration.cs Line: 148)

Start importing Assets/Game/Art/ThirdParty/Kenney/detail-tree.fbx using Guid(2218e97525405814da4471b71c502682) Importer(Primary)  -> (artifact id: 'a0d93d7751a583104bcffc018dfdf58a') in 0.012340 seconds
Refreshing native plugins compatible for Editor in 1.60 ms, found 0 plugins.
Preloading 0 native plugins for Editor in 0.00 ms.
Asset Pipeline Refresh (id=bab6d6b26f547e644a47757e153da378): Total: 0.042 seconds - Initiated by StopAssetImportingV2(NoUpdateAssetOptions)
Start importing Assets/Game/Prefabs/Art/detail-tree.prefab using Guid(fdf301c3491c9c8459e03985354caa87) Importer(Primary)  -> (artifact id: 'b33eb84c2a306ac3c925e41954270a4b') in 0.010534 seconds
Refreshing native plugins compatible for Editor in 1.68 ms, found 0 plugins.
Preloading 0 native plugins for Editor in 0.00 ms.
Asset Pipeline Refresh (id=0187a15eeb2e67445a42eaf85450bb1f): Total: 0.042 seconds - Initiated by StopAssetImportingV2(NoUpdateAssetOptions)
Start importing Assets/Game/Art/ThirdParty/Kenney/detail-tree-large.fbx using Guid(4d4b2bb0c26d99044b4573e51dfce57c) Importer(Primary)  -> (artifact id: '9b18d153af8cd2fd7d4659ccc7a17228') in 0.014373 seconds
Refreshing native plugins compatible for Editor in 1.62 ms, found 0 plugins.
Preloading 0 native plugins for Editor in 0.00 ms.
Asset Pipeline Refresh (id=b1126b53a5fac8343a33d0c09a4bd93a): Total: 0.053 seconds - Initiated by StopAssetImportingV2(NoUpdateAssetOptions)
Assets/Game/Art/ThirdParty/Kenney/detail-tree-large.fbx remap colormap -> KenneyAtlas
UnityEngine.StackTraceUtility:ExtractStackTrace ()
UnityEngine.DebugLogHandler:LogFormat (UnityEngine.LogType,UnityEngine.Object,string,object[])
UnityEngine.Logger:Log (UnityEngine.LogType,object)
UnityEngine.Debug:Log (object)
ThirdPartyArtIntegration:Remap (string,System.Func`2<string, UnityEngine.Material>) (at Assets/Game/Editor/ThirdPartyArtIntegration.cs:148)
ThirdPartyArtIntegration:BuildKenneyPrefab (string,UnityEngine.Material) (at Assets/Game/Editor/ThirdPartyArtIntegration.cs:242)
ThirdPartyArtIntegration:Import () (at Assets/Game/Editor/ThirdPartyArtIntegration.cs:69)

(Filename: Assets/Game/Editor/ThirdPartyArtIntegration.cs Line: 148)

Start importing Assets/Game/Art/ThirdParty/Kenney/detail-tree-large.fbx using Guid(4d4b2bb0c26d99044b4573e51dfce57c) Importer(Primary)  -> (artifact id: 'ff6cbc177aa1ce1ae7a4df99edc0b444') in 0.012950 seconds
Refreshing native plugins compatible for Editor in 1.63 ms, found 0 plugins.
Preloading 0 native plugins for Editor in 0.00 ms.
Asset Pipeline Refresh (id=d407705f5b8935d40bf7cb3732094457): Total: 0.044 seconds - Initiated by StopAssetImportingV2(NoUpdateAssetOptions)
Start importing Assets/Game/Prefabs/Art/detail-tree-large.prefab using Guid(097ed16b172ed4648973c218cc48fb49) Importer(Primary)  -> (artifact id: 'ce714b40a1ccee2d6402a7ec2305b277') in 0.004556 seconds
Refreshing native plugins compatible for Editor in 1.86 ms, found 0 plugins.
Preloading 0 native plugins for Editor in 0.00 ms.
Asset Pipeline Refresh (id=5dd10a5a7cfbd274c993d4eed67fbce0): Total: 0.037 seconds - Initiated by StopAssetImportingV2(NoUpdateAssetOptions)
Start importing Assets/Game/Art/ThirdParty/Kenney/detail-rocks.fbx using Guid(f4ae0bb6c04929a4a9dfa8227893f9b4) Importer(Primary)  -> (artifact id: '9a5e4e57a4507ece7ec61cae66fc7dc4') in 0.015539 seconds
Refreshing native plugins compatible for Editor in 2.37 ms, found 0 plugins.
Preloading 0 native plugins for Editor in 0.00 ms.
Asset Pipeline Refresh (id=51a53a4b0b7174641b5543a58b59769a): Total: 0.053 seconds - Initiated by StopAssetImportingV2(NoUpdateAssetOptions)
Assets/Game/Art/ThirdParty/Kenney/detail-rocks.fbx remap colormap -> KenneyAtlas
UnityEngine.StackTraceUtility:ExtractStackTrace ()
UnityEngine.DebugLogHandler:LogFormat (UnityEngine.LogType,UnityEngine.Object,string,object[])
UnityEngine.Logger:Log (UnityEngine.LogType,object)
UnityEngine.Debug:Log (object)
ThirdPartyArtIntegration:Remap (string,System.Func`2<string, UnityEngine.Material>) (at Assets/Game/Editor/ThirdPartyArtIntegration.cs:148)
ThirdPartyArtIntegration:BuildKenneyPrefab (string,UnityEngine.Material) (at Assets/Game/Editor/ThirdPartyArtIntegration.cs:242)
ThirdPartyArtIntegration:Import () (at Assets/Game/Editor/ThirdPartyArtIntegration.cs:69)

(Filename: Assets/Game/Editor/ThirdPartyArtIntegration.cs Line: 148)

Start importing Assets/Game/Art/ThirdParty/Kenney/detail-rocks.fbx using Guid(f4ae0bb6c04929a4a9dfa8227893f9b4) Importer(Primary)  -> (artifact id: '01f60a77837b3218f263e8e1f15cbb40') in 0.012518 seconds
Refreshing native plugins compatible for Editor in 1.68 ms, found 0 plugins.
Preloading 0 native plugins for Editor in 0.00 ms.
Asset Pipeline Refresh (id=b4806dc3ae6cf764aa48519833c5b68a): Total: 0.043 seconds - Initiated by StopAssetImportingV2(NoUpdateAssetOptions)
Start importing Assets/Game/Prefabs/Art/detail-rocks.prefab using Guid(34ac6413730b8934aa255c7f6ac39bcd) Importer(Primary)  -> (artifact id: '9e387fedf98322f61888d9b02c7d8cec') in 0.004863 seconds
Refreshing native plugins compatible for Editor in 1.63 ms, found 0 plugins.
Preloading 0 native plugins for Editor in 0.00 ms.
Asset Pipeline Refresh (id=66b91098516bcc9449fbdf7ab349d00f): Total: 0.033 seconds - Initiated by StopAssetImportingV2(NoUpdateAssetOptions)
Start importing Assets/Game/Art/ThirdParty/Kenney/detail-crystal.fbx using Guid(3a8cf7630ddea7e489f4dc376e3e2c18) Importer(Primary)  -> (artifact id: '2aeb3a876b50345c16664345b577ce83') in 0.014058 seconds
Refreshing native plugins compatible for Editor in 1.66 ms, found 0 plugins.
Preloading 0 native plugins for Editor in 0.00 ms.
Asset Pipeline Refresh (id=5c175e832a6706041a381fcba55bf8cc): Total: 0.051 seconds - Initiated by StopAssetImportingV2(NoUpdateAssetOptions)
Assets/Game/Art/ThirdParty/Kenney/detail-crystal.fbx remap colormap -> KenneyAtlas
UnityEngine.StackTraceUtility:ExtractStackTrace ()
UnityEngine.DebugLogHandler:LogFormat (UnityEngine.LogType,UnityEngine.Object,string,object[])
UnityEngine.Logger:Log (UnityEngine.LogType,object)
UnityEngine.Debug:Log (object)
ThirdPartyArtIntegration:Remap (string,System.Func`2<string, UnityEngine.Material>) (at Assets/Game/Editor/ThirdPartyArtIntegration.cs:148)
ThirdPartyArtIntegration:BuildKenneyPrefab (string,UnityEngine.Material) (at Assets/Game/Editor/ThirdPartyArtIntegration.cs:242)
ThirdPartyArtIntegration:Import () (at Assets/Game/Editor/ThirdPartyArtIntegration.cs:69)

(Filename: Assets/Game/Editor/ThirdPartyArtIntegration.cs Line: 148)

Start importing Assets/Game/Art/ThirdParty/Kenney/detail-crystal.fbx using Guid(3a8cf7630ddea7e489f4dc376e3e2c18) Importer(Primary)  -> (artifact id: '46a0551c2514552ede22bb494bd1a293') in 0.011978 seconds
Refreshing native plugins compatible for Editor in 1.62 ms, found 0 plugins.
Preloading 0 native plugins for Editor in 0.00 ms.
Asset Pipeline Refresh (id=eed255b9af1e8474992845df62e7388e): Total: 0.045 seconds - Initiated by StopAssetImportingV2(NoUpdateAssetOptions)
Start importing Assets/Game/Prefabs/Art/detail-crystal.prefab using Guid(efc41ba44f8898e42863fdd4015ea070) Importer(Primary)  -> (artifact id: '5e1c567d074fddc2f9af9b321e9968c6') in 0.004860 seconds
Refreshing native plugins compatible for Editor in 1.70 ms, found 0 plugins.
Preloading 0 native plugins for Editor in 0.00 ms.
Asset Pipeline Refresh (id=974c312cadf7f784baa0b65cb0f970d5): Total: 0.032 seconds - Initiated by StopAssetImportingV2(NoUpdateAssetOptions)
Start importing Assets/Game/Art/ThirdParty/Kenney/detail-dirt.fbx using Guid(75b16585000d25b42bf1fd702bcf3397) Importer(Primary)  -> (artifact id: 'efd1c204388bb4e1a9b857b50ff24097') in 0.014392 seconds
Refreshing native plugins compatible for Editor in 1.61 ms, found 0 plugins.
Preloading 0 native plugins for Editor in 0.00 ms.
Asset Pipeline Refresh (id=5b82a9b725089904aa9b5a5494d968ef): Total: 0.048 seconds - Initiated by StopAssetImportingV2(NoUpdateAssetOptions)
Assets/Game/Art/ThirdParty/Kenney/detail-dirt.fbx remap colormap -> KenneyAtlas
UnityEngine.StackTraceUtility:ExtractStackTrace ()
UnityEngine.DebugLogHandler:LogFormat (UnityEngine.LogType,UnityEngine.Object,string,object[])
UnityEngine.Logger:Log (UnityEngine.LogType,object)
UnityEngine.Debug:Log (object)
ThirdPartyArtIntegration:Remap (string,System.Func`2<string, UnityEngine.Material>) (at Assets/Game/Editor/ThirdPartyArtIntegration.cs:148)
ThirdPartyArtIntegration:BuildKenneyPrefab (string,UnityEngine.Material) (at Assets/Game/Editor/ThirdPartyArtIntegration.cs:242)
ThirdPartyArtIntegration:Import () (at Assets/Game/Editor/ThirdPartyArtIntegration.cs:69)

(Filename: Assets/Game/Editor/ThirdPartyArtIntegration.cs Line: 148)

Start importing Assets/Game/Art/ThirdParty/Kenney/detail-dirt.fbx using Guid(75b16585000d25b42bf1fd702bcf3397) Importer(Primary)  -> (artifact id: 'a3e2b01928484ff9e03de8212e01abb4') in 0.014034 seconds
Refreshing native plugins compatible for Editor in 1.92 ms, found 0 plugins.
Preloading 0 native plugins for Editor in 0.00 ms.
Asset Pipeline Refresh (id=60c800dbfa911c44a88e9044dc730855): Total: 0.046 seconds - Initiated by StopAssetImportingV2(NoUpdateAssetOptions)
Start importing Assets/Game/Prefabs/Art/detail-dirt.prefab using Guid(c867780bebd5a1e489806e6de5e62028) Importer(Primary)  -> (artifact id: 'f4962404b154e31e27aecd6deb3c201d') in 0.005051 seconds
Refreshing native plugins compatible for Editor in 2.71 ms, found 0 plugins.
Preloading 0 native plugins for Editor in 0.00 ms.
Asset Pipeline Refresh (id=af298d04a9417574aa370c18f5c33756): Total: 0.045 seconds - Initiated by StopAssetImportingV2(NoUpdateAssetOptions)
Start importing Assets/Game/Prefabs/Art/NeedleBeacon.prefab using Guid(9ff8c4d794f8b6044acdabe107c4de70) Importer(Primary)  -> (artifact id: '249dcf0c0037578f75cc3a606d1f7d97') in 0.005892 seconds
Refreshing native plugins compatible for Editor in 1.62 ms, found 0 plugins.
Preloading 0 native plugins for Editor in 0.00 ms.
Asset Pipeline Refresh (id=bbe8901f8eec5cf4ca283d7b87a46288): Total: 0.038 seconds - Initiated by StopAssetImportingV2(NoUpdateAssetOptions)
Start importing Assets/Game/Prefabs/Art/PulseBeacon.prefab using Guid(5b6ec794c2e74e74eb2d6aaa79815372) Importer(Primary)  -> (artifact id: '27c1e8940a815f1e1709454eab10bf59') in 0.004553 seconds
Refreshing native plugins compatible for Editor in 2.04 ms, found 0 plugins.
Preloading 0 native plugins for Editor in 0.00 ms.
Asset Pipeline Refresh (id=3a59ba5b9def43b43aeb0cb7b9cb936d): Total: 0.037 seconds - Initiated by StopAssetImportingV2(NoUpdateAssetOptions)
Start importing Assets/Game/Prefabs/Art/SeismicBeacon.prefab using Guid(702a8eb0baa0e2b4eb8ad667658f1b2d) Importer(Primary)  -> (artifact id: 'ef631dc29c3bb100fa813b3080597fb9') in 0.005626 seconds
Refreshing native plugins compatible for Editor in 1.64 ms, found 0 plugins.
Preloading 0 native plugins for Editor in 0.00 ms.
Asset Pipeline Refresh (id=3c7900ec43c1fe3409b477bd9d4a8b2b): Total: 0.037 seconds - Initiated by StopAssetImportingV2(NoUpdateAssetOptions)
Start importing Assets/Game/Prefabs/Art/ChillBeacon.prefab using Guid(23f184e3377d6b349a85f9f583da119e) Importer(Primary)  -> (artifact id: '2389e456610e358d62d22152aa80b1ed') in 0.005059 seconds
Refreshing native plugins compatible for Editor in 1.62 ms, found 0 plugins.
Preloading 0 native plugins for Editor in 0.00 ms.
Asset Pipeline Refresh (id=a2ba3ff80df19804da955d37ed0a5da8): Total: 0.036 seconds - Initiated by StopAssetImportingV2(NoUpdateAssetOptions)
Start importing Assets/Game/Art/ThirdParty/Monsters/Slime.fbx using Guid(6952890ebfb542f49b5d3409459f1818) Importer(Primary) Keyframe reduction: Ratio: 21.955128%;
Keyframe reduction: Ratio: 20.979023%;
Keyframe reduction: Ratio: 17.338217%;
Keyframe reduction: Ratio: 4.035309%;
 -> (artifact id: '84d2c76b4a24dc7b023275951364ab0f') in 0.032588 seconds
Refreshing native plugins compatible for Editor in 1.74 ms, found 0 plugins.
Preloading 0 native plugins for Editor in 0.00 ms.
Asset Pipeline Refresh (id=9a06c7e9f996a864a8c711cb7582e2fc): Total: 0.070 seconds - Initiated by StopAssetImportingV2(NoUpdateAssetOptions)
Refreshing native plugins compatible for Editor in 2.10 ms, found 0 plugins.
Preloading 0 native plugins for Editor in 0.00 ms.
Asset Pipeline Refresh (id=c2e52741d89e143408b1541779e0f929): Total: 0.028 seconds - Initiated by StopAssetImportingV2(NoUpdateAssetOptions)
Refreshing native plugins compatible for Editor in 1.67 ms, found 0 plugins.
Preloading 0 native plugins for Editor in 0.00 ms.
Asset Pipeline Refresh (id=16afcda1b84f53849b5f7a61d968465c): Total: 0.025 seconds - Initiated by StopAssetImportingV2(NoUpdateAssetOptions)
Assets/Game/Art/ThirdParty/Monsters/Slime.fbx remap Body -> Q_Slime_Body
UnityEngine.StackTraceUtility:ExtractStackTrace ()
UnityEngine.DebugLogHandler:LogFormat (UnityEngine.LogType,UnityEngine.Object,string,object[])
UnityEngine.Logger:Log (UnityEngine.LogType,object)
UnityEngine.Debug:Log (object)
ThirdPartyArtIntegration:Remap (string,System.Func`2<string, UnityEngine.Material>) (at Assets/Game/Editor/ThirdPartyArtIntegration.cs:148)
ThirdPartyArtIntegration:ImportMonsters () (at Assets/Game/Editor/ThirdPartyArtIntegration.cs:304)
ThirdPartyArtIntegration:Import () (at Assets/Game/Editor/ThirdPartyArtIntegration.cs:72)

(Filename: Assets/Game/Editor/ThirdPartyArtIntegration.cs Line: 148)

Assets/Game/Art/ThirdParty/Monsters/Slime.fbx remap Eyes -> Q_Slime_Eyes
UnityEngine.StackTraceUtility:ExtractStackTrace ()
UnityEngine.DebugLogHandler:LogFormat (UnityEngine.LogType,UnityEngine.Object,string,object[])
UnityEngine.Logger:Log (UnityEngine.LogType,object)
UnityEngine.Debug:Log (object)
ThirdPartyArtIntegration:Remap (string,System.Func`2<string, UnityEngine.Material>) (at Assets/Game/Editor/ThirdPartyArtIntegration.cs:148)
ThirdPartyArtIntegration:ImportMonsters () (at Assets/Game/Editor/ThirdPartyArtIntegration.cs:304)
ThirdPartyArtIntegration:Import () (at Assets/Game/Editor/ThirdPartyArtIntegration.cs:72)

(Filename: Assets/Game/Editor/ThirdPartyArtIntegration.cs Line: 148)

Start importing Assets/Game/Art/ThirdParty/Monsters/Slime.fbx using Guid(6952890ebfb542f49b5d3409459f1818) Importer(Primary) Keyframe reduction: Ratio: 20.979021%;
Keyframe reduction: Ratio: 21.955128%;
Keyframe reduction: Ratio: 17.338217%;
Keyframe reduction: Ratio: 4.035309%;
 -> (artifact id: 'dff986915eca027f2e928cd019c61383') in 0.032716 seconds
Refreshing native plugins compatible for Editor in 2.00 ms, found 0 plugins.
Preloading 0 native plugins for Editor in 0.00 ms.
Asset Pipeline Refresh (id=19d553fefee07684c875f616d8415070): Total: 0.067 seconds - Initiated by StopAssetImportingV2(NoUpdateAssetOptions)
Slime clips: Armature|Slime_Death, Armature|Slime_Idle, Armature|Slime_Attack, Armature|Slime_Walk
UnityEngine.StackTraceUtility:ExtractStackTrace ()
UnityEngine.DebugLogHandler:LogFormat (UnityEngine.LogType,UnityEngine.Object,string,object[])
UnityEngine.Logger:Log (UnityEngine.LogType,object)
UnityEngine.Debug:Log (object)
ThirdPartyArtIntegration:BuildController (string,string) (at Assets/Game/Editor/ThirdPartyArtIntegration.cs:325)
ThirdPartyArtIntegration:ImportMonsters () (at Assets/Game/Editor/ThirdPartyArtIntegration.cs:305)
ThirdPartyArtIntegration:Import () (at Assets/Game/Editor/ThirdPartyArtIntegration.cs:72)

(Filename: Assets/Game/Editor/ThirdPartyArtIntegration.cs Line: 325)

Asset Pipeline Refresh (id=31973396090be4b45906d98f6b49d74a): Total: 0.002 seconds - Initiated by StopAssetImportingV2(NoUpdateAssetOptions)
Start importing Assets/Game/Animation using Guid(cc4f2745564b2c44fb06868402b2942e) Importer(Primary)  -> (artifact id: '52cf9e6b2a01c08f8e63df7ebec7cadc') in 0.010149 seconds
Start importing Assets/Game/Animation/Monsters using Guid(e6661bf6de05e6e4d86daeb2af935faa) Importer(Primary)  -> (artifact id: '4396f526e0cc6ee766488b803cef25a4') in 0.007990 seconds
Start importing Assets/Game/Animation/Monsters/Slime using Guid(9c37c1adacf4a9247bd711e2e579863d) Importer(Primary)  -> (artifact id: 'ec0684a5d58155789ffa302e8c143111') in 0.002059 seconds
Refreshing native plugins compatible for Editor in 1.74 ms, found 0 plugins.
Preloading 0 native plugins for Editor in 0.00 ms.
Asset Pipeline Refresh (id=617120a1a17f3094da78dec98c3860e1): Total: 0.054 seconds - Initiated by StopAssetImportingV2(NoUpdateAssetOptions)
Asset Pipeline Refresh (id=77f64e14b71c4be4e955b79a96656d49): Total: 0.002 seconds - Initiated by StopAssetImportingV2(NoUpdateAssetOptions)
Refreshing native plugins compatible for Editor in 1.73 ms, found 0 plugins.
Preloading 0 native plugins for Editor in 0.00 ms.
Asset Pipeline Refresh (id=640a814149448c74f9ffbfe049ea7814): Total: 0.028 seconds - Initiated by StopAssetImportingV2(NoUpdateAssetOptions)
Asset Pipeline Refresh (id=c729b0f6ad9d9b4468f89bfd281f01ce): Total: 0.002 seconds - Initiated by StopAssetImportingV2(NoUpdateAssetOptions)
Refreshing native plugins compatible for Editor in 1.60 ms, found 0 plugins.
Preloading 0 native plugins for Editor in 0.00 ms.
Asset Pipeline Refresh (id=146844f9ca9cc2840b7f8e9706c13850): Total: 0.028 seconds - Initiated by StopAssetImportingV2(NoUpdateAssetOptions)
Start importing Assets/Game/Art/ThirdParty/Monsters/Dragon.fbx using Guid(f5107a51ee1493845b78c5e7c3885484) Importer(Primary) Keyframe reduction: Ratio: 21.590908%;
Keyframe reduction: Ratio: 14.087302%;
Keyframe reduction: Ratio: 11.236934%;
Keyframe reduction: Ratio: 9.407667%;
Keyframe reduction: Ratio: 10.888502%;
 -> (artifact id: '86c09e931020beee2d405a7292422c62') in 0.062747 seconds
Refreshing native plugins compatible for Editor in 1.99 ms, found 0 plugins.
Preloading 0 native plugins for Editor in 0.00 ms.
Asset Pipeline Refresh (id=411a55076e920504d96f28017ee1a094): Total: 0.101 seconds - Initiated by StopAssetImportingV2(NoUpdateAssetOptions)
Refreshing native plugins compatible for Editor in 2.59 ms, found 0 plugins.
Preloading 0 native plugins for Editor in 0.00 ms.
Asset Pipeline Refresh (id=29092188b04444b42911bf71b041ef8b): Total: 0.027 seconds - Initiated by StopAssetImportingV2(NoUpdateAssetOptions)
Refreshing native plugins compatible for Editor in 1.59 ms, found 0 plugins.
Preloading 0 native plugins for Editor in 0.00 ms.
Asset Pipeline Refresh (id=9c6598b9f1be3254ca06cef0f1c3bca7): Total: 0.024 seconds - Initiated by StopAssetImportingV2(NoUpdateAssetOptions)
Refreshing native plugins compatible for Editor in 2.24 ms, found 0 plugins.
Preloading 0 native plugins for Editor in 0.00 ms.
Asset Pipeline Refresh (id=8e4e25bb9a21f4140bd8d21e97fb5508): Total: 0.025 seconds - Initiated by StopAssetImportingV2(NoUpdateAssetOptions)
Refreshing native plugins compatible for Editor in 1.63 ms, found 0 plugins.
Preloading 0 native plugins for Editor in 0.00 ms.
Asset Pipeline Refresh (id=6a1875ba3e465aa4989bbd4a0d0cb065): Total: 0.024 seconds - Initiated by StopAssetImportingV2(NoUpdateAssetOptions)
Refreshing native plugins compatible for Editor in 1.63 ms, found 0 plugins.
Preloading 0 native plugins for Editor in 0.00 ms.
Asset Pipeline Refresh (id=48177974706ae314bb518f6f8b821e81): Total: 0.027 seconds - Initiated by StopAssetImportingV2(NoUpdateAssetOptions)
Assets/Game/Art/ThirdParty/Monsters/Dragon.fbx remap Belly -> Q_Dragon_Belly
UnityEngine.StackTraceUtility:ExtractStackTrace ()
UnityEngine.DebugLogHandler:LogFormat (UnityEngine.LogType,UnityEngine.Object,string,object[])
UnityEngine.Logger:Log (UnityEngine.LogType,object)
UnityEngine.Debug:Log (object)
ThirdPartyArtIntegration:Remap (string,System.Func`2<string, UnityEngine.Material>) (at Assets/Game/Editor/ThirdPartyArtIntegration.cs:148)
ThirdPartyArtIntegration:ImportMonsters () (at Assets/Game/Editor/ThirdPartyArtIntegration.cs:304)
ThirdPartyArtIntegration:Import () (at Assets/Game/Editor/ThirdPartyArtIntegration.cs:72)

(Filename: Assets/Game/Editor/ThirdPartyArtIntegration.cs Line: 148)

Assets/Game/Art/ThirdParty/Monsters/Dragon.fbx remap Main -> Q_Dragon_Main
UnityEngine.StackTraceUtility:ExtractStackTrace ()
UnityEngine.DebugLogHandler:LogFormat (UnityEngine.LogType,UnityEngine.Object,string,object[])
UnityEngine.Logger:Log (UnityEngine.LogType,object)
UnityEngine.Debug:Log (object)
ThirdPartyArtIntegration:Remap (string,System.Func`2<string, UnityEngine.Material>) (at Assets/Game/Editor/ThirdPartyArtIntegration.cs:148)
ThirdPartyArtIntegration:ImportMonsters () (at Assets/Game/Editor/ThirdPartyArtIntegration.cs:304)
ThirdPartyArtIntegration:Import () (at Assets/Game/Editor/ThirdPartyArtIntegration.cs:72)

(Filename: Assets/Game/Editor/ThirdPartyArtIntegration.cs Line: 148)

Assets/Game/Art/ThirdParty/Monsters/Dragon.fbx remap Claws -> Q_Dragon_Claws
UnityEngine.StackTraceUtility:ExtractStackTrace ()
UnityEngine.DebugLogHandler:LogFormat (UnityEngine.LogType,UnityEngine.Object,string,object[])
UnityEngine.Logger:Log (UnityEngine.LogType,object)
UnityEngine.Debug:Log (object)
ThirdPartyArtIntegration:Remap (string,System.Func`2<string, UnityEngine.Material>) (at Assets/Game/Editor/ThirdPartyArtIntegration.cs:148)
ThirdPartyArtIntegration:ImportMonsters () (at Assets/Game/Editor/ThirdPartyArtIntegration.cs:304)
ThirdPartyArtIntegration:Import () (at Assets/Game/Editor/ThirdPartyArtIntegration.cs:72)

(Filename: Assets/Game/Editor/ThirdPartyArtIntegration.cs Line: 148)

Assets/Game/Art/ThirdParty/Monsters/Dragon.fbx remap Wings -> Q_Dragon_Wings
UnityEngine.StackTraceUtility:ExtractStackTrace ()
UnityEngine.DebugLogHandler:LogFormat (UnityEngine.LogType,UnityEngine.Object,string,object[])
UnityEngine.Logger:Log (UnityEngine.LogType,object)
UnityEngine.Debug:Log (object)
ThirdPartyArtIntegration:Remap (string,System.Func`2<string, UnityEngine.Material>) (at Assets/Game/Editor/ThirdPartyArtIntegration.cs:148)
ThirdPartyArtIntegration:ImportMonsters () (at Assets/Game/Editor/ThirdPartyArtIntegration.cs:304)
ThirdPartyArtIntegration:Import () (at Assets/Game/Editor/ThirdPartyArtIntegration.cs:72)

(Filename: Assets/Game/Editor/ThirdPartyArtIntegration.cs Line: 148)

Assets/Game/Art/ThirdParty/Monsters/Dragon.fbx remap Eyes -> Q_Dragon_Eyes
UnityEngine.StackTraceUtility:ExtractStackTrace ()
UnityEngine.DebugLogHandler:LogFormat (UnityEngine.LogType,UnityEngine.Object,string,object[])
UnityEngine.Logger:Log (UnityEngine.LogType,object)
UnityEngine.Debug:Log (object)
ThirdPartyArtIntegration:Remap (string,System.Func`2<string, UnityEngine.Material>) (at Assets/Game/Editor/ThirdPartyArtIntegration.cs:148)
ThirdPartyArtIntegration:ImportMonsters () (at Assets/Game/Editor/ThirdPartyArtIntegration.cs:304)
ThirdPartyArtIntegration:Import () (at Assets/Game/Editor/ThirdPartyArtIntegration.cs:72)

(Filename: Assets/Game/Editor/ThirdPartyArtIntegration.cs Line: 148)

Start importing Assets/Game/Art/ThirdParty/Monsters/Dragon.fbx using Guid(f5107a51ee1493845b78c5e7c3885484) Importer(Primary) Keyframe reduction: Ratio: 21.590910%;
Keyframe reduction: Ratio: 14.087302%;
Keyframe reduction: Ratio: 11.236934%;
Keyframe reduction: Ratio: 10.888502%;
Keyframe reduction: Ratio: 9.407666%;
 -> (artifact id: 'b388ed51a9c907c44c8876d278e289ba') in 0.062941 seconds
Refreshing native plugins compatible for Editor in 1.70 ms, found 0 plugins.
Preloading 0 native plugins for Editor in 0.00 ms.
Asset Pipeline Refresh (id=3de43ae43208db74c8a6fa8646340961): Total: 0.097 seconds - Initiated by StopAssetImportingV2(NoUpdateAssetOptions)
Dragon clips: DragonArmature|Dragon_Attack, DragonArmature|Dragon_Hit, DragonArmature|Dragon_Death, DragonArmature|Dragon_Flying, DragonArmature|Dragon_Attack2
UnityEngine.StackTraceUtility:ExtractStackTrace ()
UnityEngine.DebugLogHandler:LogFormat (UnityEngine.LogType,UnityEngine.Object,string,object[])
UnityEngine.Logger:Log (UnityEngine.LogType,object)
UnityEngine.Debug:Log (object)
ThirdPartyArtIntegration:BuildController (string,string) (at Assets/Game/Editor/ThirdPartyArtIntegration.cs:325)
ThirdPartyArtIntegration:ImportMonsters () (at Assets/Game/Editor/ThirdPartyArtIntegration.cs:305)
ThirdPartyArtIntegration:Import () (at Assets/Game/Editor/ThirdPartyArtIntegration.cs:72)

(Filename: Assets/Game/Editor/ThirdPartyArtIntegration.cs Line: 325)

Asset Pipeline Refresh (id=796832e9bb87a414d88595405bbb2f39): Total: 0.002 seconds - Initiated by StopAssetImportingV2(NoUpdateAssetOptions)
Start importing Assets/Game/Animation/Monsters/Dragon using Guid(23ac692a95032b146b9080a4b375eab7) Importer(Primary)  -> (artifact id: '43ea55885d2c766603ab25851aced2c9') in 0.002365 seconds
Refreshing native plugins compatible for Editor in 1.82 ms, found 0 plugins.
Preloading 0 native plugins for Editor in 0.00 ms.
Asset Pipeline Refresh (id=27f8f34e0fb8e0c4c880d973c5023b7c): Total: 0.030 seconds - Initiated by StopAssetImportingV2(NoUpdateAssetOptions)
Asset Pipeline Refresh (id=47a7a3e4f53ba5448be919eaa2b2616d): Total: 0.002 seconds - Initiated by StopAssetImportingV2(NoUpdateAssetOptions)
Refreshing native plugins compatible for Editor in 1.63 ms, found 0 plugins.
Preloading 0 native plugins for Editor in 0.00 ms.
Asset Pipeline Refresh (id=af919519a890eac469dc248805a89c2c): Total: 0.027 seconds - Initiated by StopAssetImportingV2(NoUpdateAssetOptions)
Asset Pipeline Refresh (id=a44afa6cb2ddea84ba6c9a7891a49663): Total: 0.002 seconds - Initiated by StopAssetImportingV2(NoUpdateAssetOptions)
Refreshing native plugins compatible for Editor in 1.60 ms, found 0 plugins.
Preloading 0 native plugins for Editor in 0.00 ms.
Asset Pipeline Refresh (id=ab1e851fe4cc6324ba83dcea31d738c3): Total: 0.024 seconds - Initiated by StopAssetImportingV2(NoUpdateAssetOptions)
Start importing Assets/Game/Art/ThirdParty/Monsters/Skeleton.fbx using Guid(63f5ab7cbb5d3d14497ceb7050e20670) Importer(Primary) Keyframe reduction: Ratio: 35.042732%;
Keyframe reduction: Ratio: 23.573202%;
Keyframe reduction: Ratio: 22.015915%;
Keyframe reduction: Ratio: 3.102247%;
Keyframe reduction: Ratio: 6.089744%;
 -> (artifact id: '68d536b3e41c68a999c1d6de753bdfcd') in 0.039564 seconds
Refreshing native plugins compatible for Editor in 1.69 ms, found 0 plugins.
Preloading 0 native plugins for Editor in 0.00 ms.
Asset Pipeline Refresh (id=a2e098410f7e7534bab79c7a2dbb60ce): Total: 0.076 seconds - Initiated by StopAssetImportingV2(NoUpdateAssetOptions)
Refreshing native plugins compatible for Editor in 1.59 ms, found 0 plugins.
Preloading 0 native plugins for Editor in 0.00 ms.
Asset Pipeline Refresh (id=8d5c12542773f6a46a57b8cb63373643): Total: 0.024 seconds - Initiated by StopAssetImportingV2(NoUpdateAssetOptions)
Assets/Game/Art/ThirdParty/Monsters/Skeleton.fbx remap Skeleton -> Q_Skeleton_Skeleton
UnityEngine.StackTraceUtility:ExtractStackTrace ()
UnityEngine.DebugLogHandler:LogFormat (UnityEngine.LogType,UnityEngine.Object,string,object[])
UnityEngine.Logger:Log (UnityEngine.LogType,object)
UnityEngine.Debug:Log (object)
ThirdPartyArtIntegration:Remap (string,System.Func`2<string, UnityEngine.Material>) (at Assets/Game/Editor/ThirdPartyArtIntegration.cs:148)
ThirdPartyArtIntegration:ImportMonsters () (at Assets/Game/Editor/ThirdPartyArtIntegration.cs:304)
ThirdPartyArtIntegration:Import () (at Assets/Game/Editor/ThirdPartyArtIntegration.cs:72)

(Filename: Assets/Game/Editor/ThirdPartyArtIntegration.cs Line: 148)

Start importing Assets/Game/Art/ThirdParty/Monsters/Skeleton.fbx using Guid(63f5ab7cbb5d3d14497ceb7050e20670) Importer(Primary) Keyframe reduction: Ratio: 35.042732%;
Keyframe reduction: Ratio: 22.015915%;
Keyframe reduction: Ratio: 23.573200%;
Keyframe reduction: Ratio: 3.102247%;
Keyframe reduction: Ratio: 6.089744%;
 -> (artifact id: '2d49393d54b911941f3d23cfc337f181') in 0.036687 seconds
Refreshing native plugins compatible for Editor in 1.88 ms, found 0 plugins.
Preloading 0 native plugins for Editor in 0.00 ms.
Asset Pipeline Refresh (id=2879c135d237a0847a8a383bd365e4af): Total: 0.069 seconds - Initiated by StopAssetImportingV2(NoUpdateAssetOptions)
Skeleton clips: SkeletonArmature|Skeleton_Death, SkeletonArmature|Skeleton_Attack, SkeletonArmature|Skeleton_Spawn, SkeletonArmature|Skeleton_Idle, SkeletonArmature|Skeleton_Running
UnityEngine.StackTraceUtility:ExtractStackTrace ()
UnityEngine.DebugLogHandler:LogFormat (UnityEngine.LogType,UnityEngine.Object,string,object[])
UnityEngine.Logger:Log (UnityEngine.LogType,object)
UnityEngine.Debug:Log (object)
ThirdPartyArtIntegration:BuildController (string,string) (at Assets/Game/Editor/ThirdPartyArtIntegration.cs:325)
ThirdPartyArtIntegration:ImportMonsters () (at Assets/Game/Editor/ThirdPartyArtIntegration.cs:305)
ThirdPartyArtIntegration:Import () (at Assets/Game/Editor/ThirdPartyArtIntegration.cs:72)

(Filename: Assets/Game/Editor/ThirdPartyArtIntegration.cs Line: 325)

Asset Pipeline Refresh (id=8028ad4c98c16c2409d526a8d17978b7): Total: 0.002 seconds - Initiated by StopAssetImportingV2(NoUpdateAssetOptions)
Start importing Assets/Game/Animation/Monsters/Skeleton using Guid(de369ea4db5573e42a57cda28a3242ff) Importer(Primary)  -> (artifact id: '271a177f3427b9b8037c84d88092c849') in 0.002112 seconds
Refreshing native plugins compatible for Editor in 1.68 ms, found 0 plugins.
Preloading 0 native plugins for Editor in 0.00 ms.
Asset Pipeline Refresh (id=cf33c6dde66336a44906a3f657e46cc0): Total: 0.031 seconds - Initiated by StopAssetImportingV2(NoUpdateAssetOptions)
Asset Pipeline Refresh (id=ef8a005f705e9914692d77128945cf99): Total: 0.002 seconds - Initiated by StopAssetImportingV2(NoUpdateAssetOptions)
Refreshing native plugins compatible for Editor in 1.68 ms, found 0 plugins.
Preloading 0 native plugins for Editor in 0.00 ms.
Asset Pipeline Refresh (id=ebc18b4e68011f44f817cf92d94cd5fe): Total: 0.029 seconds - Initiated by StopAssetImportingV2(NoUpdateAssetOptions)
Asset Pipeline Refresh (id=f118e90b68a95ae45a54bd41a995696d): Total: 0.002 seconds - Initiated by StopAssetImportingV2(NoUpdateAssetOptions)
Refreshing native plugins compatible for Editor in 1.78 ms, found 0 plugins.
Preloading 0 native plugins for Editor in 0.00 ms.
Asset Pipeline Refresh (id=a076c6bd588c10047a3e8579a550bd22): Total: 0.024 seconds - Initiated by StopAssetImportingV2(NoUpdateAssetOptions)
Start importing Assets/Game/Art/ThirdParty/Monsters/Bat.fbx using Guid(f4bc5b37dbc048a4d805408a12836cc8) Importer(Primary) Keyframe reduction: Ratio: 20.265154%;
Keyframe reduction: Ratio: 14.953705%;
Keyframe reduction: Ratio: 13.082438%;
Keyframe reduction: Ratio: 15.770608%;
Keyframe reduction: Ratio: 15.501792%;
 -> (artifact id: '1129609ff0253f1461845777674e8545') in 0.057614 seconds
Refreshing native plugins compatible for Editor in 1.73 ms, found 0 plugins.
Preloading 0 native plugins for Editor in 0.00 ms.
Asset Pipeline Refresh (id=8727c5306cba34745accc7a378655097): Total: 0.093 seconds - Initiated by StopAssetImportingV2(NoUpdateAssetOptions)
Refreshing native plugins compatible for Editor in 1.80 ms, found 0 plugins.
Preloading 0 native plugins for Editor in 0.00 ms.
Asset Pipeline Refresh (id=c6c44e9c406f5374c85a06215f24d2f0): Total: 0.024 seconds - Initiated by StopAssetImportingV2(NoUpdateAssetOptions)
Refreshing native plugins compatible for Editor in 2.08 ms, found 0 plugins.
Preloading 0 native plugins for Editor in 0.00 ms.
Asset Pipeline Refresh (id=73b9aa5f18136bb4589ed1054f5e3717): Total: 0.024 seconds - Initiated by StopAssetImportingV2(NoUpdateAssetOptions)
Refreshing native plugins compatible for Editor in 1.60 ms, found 0 plugins.
Preloading 0 native plugins for Editor in 0.00 ms.
Asset Pipeline Refresh (id=1f9c2ca52d150324a8232e81b3db46f3): Total: 0.024 seconds - Initiated by StopAssetImportingV2(NoUpdateAssetOptions)
Refreshing native plugins compatible for Editor in 1.59 ms, found 0 plugins.
Preloading 0 native plugins for Editor in 0.00 ms.
Asset Pipeline Refresh (id=c32e56656d31db84687deec20386f270): Total: 0.029 seconds - Initiated by StopAssetImportingV2(NoUpdateAssetOptions)
Refreshing native plugins compatible for Editor in 1.64 ms, found 0 plugins.
Preloading 0 native plugins for Editor in 0.00 ms.
Asset Pipeline Refresh (id=7e76a6a42eb152c489403c9192b57f2e): Total: 0.028 seconds - Initiated by StopAssetImportingV2(NoUpdateAssetOptions)
Assets/Game/Art/ThirdParty/Monsters/Bat.fbx remap Belly -> Q_Bat_Belly
UnityEngine.StackTraceUtility:ExtractStackTrace ()
UnityEngine.DebugLogHandler:LogFormat (UnityEngine.LogType,UnityEngine.Object,string,object[])
UnityEngine.Logger:Log (UnityEngine.LogType,object)
UnityEngine.Debug:Log (object)
ThirdPartyArtIntegration:Remap (string,System.Func`2<string, UnityEngine.Material>) (at Assets/Game/Editor/ThirdPartyArtIntegration.cs:148)
ThirdPartyArtIntegration:ImportMonsters () (at Assets/Game/Editor/ThirdPartyArtIntegration.cs:304)
ThirdPartyArtIntegration:Import () (at Assets/Game/Editor/ThirdPartyArtIntegration.cs:72)

(Filename: Assets/Game/Editor/ThirdPartyArtIntegration.cs Line: 148)

Assets/Game/Art/ThirdParty/Monsters/Bat.fbx remap Black -> Q_Bat_Black
UnityEngine.StackTraceUtility:ExtractStackTrace ()
UnityEngine.DebugLogHandler:LogFormat (UnityEngine.LogType,UnityEngine.Object,string,object[])
UnityEngine.Logger:Log (UnityEngine.LogType,object)
UnityEngine.Debug:Log (object)
ThirdPartyArtIntegration:Remap (string,System.Func`2<string, UnityEngine.Material>) (at Assets/Game/Editor/ThirdPartyArtIntegration.cs:148)
ThirdPartyArtIntegration:ImportMonsters () (at Assets/Game/Editor/ThirdPartyArtIntegration.cs:304)
ThirdPartyArtIntegration:Import () (at Assets/Game/Editor/ThirdPartyArtIntegration.cs:72)

(Filename: Assets/Game/Editor/ThirdPartyArtIntegration.cs Line: 148)

Assets/Game/Art/ThirdParty/Monsters/Bat.fbx remap Main -> Q_Bat_Main
UnityEngine.StackTraceUtility:ExtractStackTrace ()
UnityEngine.DebugLogHandler:LogFormat (UnityEngine.LogType,UnityEngine.Object,string,object[])
UnityEngine.Logger:Log (UnityEngine.LogType,object)
UnityEngine.Debug:Log (object)
ThirdPartyArtIntegration:Remap (string,System.Func`2<string, UnityEngine.Material>) (at Assets/Game/Editor/ThirdPartyArtIntegration.cs:148)
ThirdPartyArtIntegration:ImportMonsters () (at Assets/Game/Editor/ThirdPartyArtIntegration.cs:304)
ThirdPartyArtIntegration:Import () (at Assets/Game/Editor/ThirdPartyArtIntegration.cs:72)

(Filename: Assets/Game/Editor/ThirdPartyArtIntegration.cs Line: 148)

Assets/Game/Art/ThirdParty/Monsters/Bat.fbx remap Eyes -> Q_Bat_Eyes
UnityEngine.StackTraceUtility:ExtractStackTrace ()
UnityEngine.DebugLogHandler:LogFormat (UnityEngine.LogType,UnityEngine.Object,string,object[])
UnityEngine.Logger:Log (UnityEngine.LogType,object)
UnityEngine.Debug:Log (object)
ThirdPartyArtIntegration:Remap (string,System.Func`2<string, UnityEngine.Material>) (at Assets/Game/Editor/ThirdPartyArtIntegration.cs:148)
ThirdPartyArtIntegration:ImportMonsters () (at Assets/Game/Editor/ThirdPartyArtIntegration.cs:304)
ThirdPartyArtIntegration:Import () (at Assets/Game/Editor/ThirdPartyArtIntegration.cs:72)

(Filename: Assets/Game/Editor/ThirdPartyArtIntegration.cs Line: 148)

Assets/Game/Art/ThirdParty/Monsters/Bat.fbx remap Nose -> Q_Bat_Nose
UnityEngine.StackTraceUtility:ExtractStackTrace ()
UnityEngine.DebugLogHandler:LogFormat (UnityEngine.LogType,UnityEngine.Object,string,object[])
UnityEngine.Logger:Log (UnityEngine.LogType,object)
UnityEngine.Debug:Log (object)
ThirdPartyArtIntegration:Remap (string,System.Func`2<string, UnityEngine.Material>) (at Assets/Game/Editor/ThirdPartyArtIntegration.cs:148)
ThirdPartyArtIntegration:ImportMonsters () (at Assets/Game/Editor/ThirdPartyArtIntegration.cs:304)
ThirdPartyArtIntegration:Import () (at Assets/Game/Editor/ThirdPartyArtIntegration.cs:72)

(Filename: Assets/Game/Editor/ThirdPartyArtIntegration.cs Line: 148)

Start importing Assets/Game/Art/ThirdParty/Monsters/Bat.fbx using Guid(f4bc5b37dbc048a4d805408a12836cc8) Importer(Primary) Keyframe reduction: Ratio: 20.265154%;
Keyframe reduction: Ratio: 15.770610%;
Keyframe reduction: Ratio: 14.953705%;
Keyframe reduction: Ratio: 13.082438%;
Keyframe reduction: Ratio: 15.501792%;
 -> (artifact id: 'a2654704c84bddacadeea3365eddba16') in 0.058158 seconds
Refreshing native plugins compatible for Editor in 1.65 ms, found 0 plugins.
Preloading 0 native plugins for Editor in 0.00 ms.
Asset Pipeline Refresh (id=f2ef60a736585b748ac86e180828a312): Total: 0.090 seconds - Initiated by StopAssetImportingV2(NoUpdateAssetOptions)
Bat clips: BatArmature|Bat_Flying, BatArmature|Bat_Death, BatArmature|Bat_Attack, BatArmature|Bat_Hit, BatArmature|Bat_Attack2
UnityEngine.StackTraceUtility:ExtractStackTrace ()
UnityEngine.DebugLogHandler:LogFormat (UnityEngine.LogType,UnityEngine.Object,string,object[])
UnityEngine.Logger:Log (UnityEngine.LogType,object)
UnityEngine.Debug:Log (object)
ThirdPartyArtIntegration:BuildController (string,string) (at Assets/Game/Editor/ThirdPartyArtIntegration.cs:325)
ThirdPartyArtIntegration:ImportMonsters () (at Assets/Game/Editor/ThirdPartyArtIntegration.cs:305)
ThirdPartyArtIntegration:Import () (at Assets/Game/Editor/ThirdPartyArtIntegration.cs:72)

(Filename: Assets/Game/Editor/ThirdPartyArtIntegration.cs Line: 325)

Asset Pipeline Refresh (id=745991972766f43408dcd4636806e709): Total: 0.002 seconds - Initiated by StopAssetImportingV2(NoUpdateAssetOptions)
Start importing Assets/Game/Animation/Monsters/Bat using Guid(87a906c48fed9314abdf64b2a8ac0fac) Importer(Primary)  -> (artifact id: '5aa92b758c8931e30373b98c694da874') in 0.002359 seconds
Refreshing native plugins compatible for Editor in 1.79 ms, found 0 plugins.
Preloading 0 native plugins for Editor in 0.00 ms.
Asset Pipeline Refresh (id=54eeedc5bb9184c46b27c6a5aa38cf56): Total: 0.033 seconds - Initiated by StopAssetImportingV2(NoUpdateAssetOptions)
Asset Pipeline Refresh (id=faf8949b7af788144b716bcac8eee73c): Total: 0.002 seconds - Initiated by StopAssetImportingV2(NoUpdateAssetOptions)
Refreshing native plugins compatible for Editor in 1.86 ms, found 0 plugins.
Preloading 0 native plugins for Editor in 0.00 ms.
Asset Pipeline Refresh (id=93a6c6d418e4a4941aad6ea4d557132b): Total: 0.029 seconds - Initiated by StopAssetImportingV2(NoUpdateAssetOptions)
Asset Pipeline Refresh (id=baef28c740222b843886bf58767ecd65): Total: 0.002 seconds - Initiated by StopAssetImportingV2(NoUpdateAssetOptions)
Refreshing native plugins compatible for Editor in 1.86 ms, found 0 plugins.
Preloading 0 native plugins for Editor in 0.00 ms.
Asset Pipeline Refresh (id=1061e5bea040f774e867211278de210a): Total: 0.027 seconds - Initiated by StopAssetImportingV2(NoUpdateAssetOptions)
Start importing Assets/Game/Prefabs/Art/Drifter.prefab using Guid(a6964564eecec864381c2b39629ded0d) Importer(Primary)  -> (artifact id: 'd3511eadc3fe27e599200b4378bfdbf2') in 0.010908 seconds
Refreshing native plugins compatible for Editor in 2.55 ms, found 0 plugins.
Preloading 0 native plugins for Editor in 0.00 ms.
Asset Pipeline Refresh (id=3b2d89d648e89aa47851ef87bca3e219): Total: 0.043 seconds - Initiated by StopAssetImportingV2(NoUpdateAssetOptions)
Start importing Assets/Game/Prefabs/Art/Skimmer.prefab using Guid(74cffccd7fc5fb848a1086598b863299) Importer(Primary)  -> (artifact id: 'b49511517502ee37dcaef603849c92f4') in 0.010200 seconds
Refreshing native plugins compatible for Editor in 2.70 ms, found 0 plugins.
Preloading 0 native plugins for Editor in 0.00 ms.
Asset Pipeline Refresh (id=4f3948c699ed3454ab5ef3907f7058b6): Total: 0.039 seconds - Initiated by StopAssetImportingV2(NoUpdateAssetOptions)
Start importing Assets/Game/Prefabs/Art/Bulwark.prefab using Guid(e044666c1f2132b4a9fd303067c7ef07) Importer(Primary)  -> (artifact id: 'e9993b5198dba4ae27b2d60fa224218f') in 0.012650 seconds
Refreshing native plugins compatible for Editor in 1.61 ms, found 0 plugins.
Preloading 0 native plugins for Editor in 0.00 ms.
Asset Pipeline Refresh (id=d14c70dc725646148ad17a6836c17801): Total: 0.043 seconds - Initiated by StopAssetImportingV2(NoUpdateAssetOptions)
Start importing Assets/Game/Prefabs/Art/Splitter.prefab using Guid(ecb42254d1a954f4ab11b820d8635972) Importer(Primary)  -> (artifact id: 'f2c1da06cdce2585c8f5ae09ba45b687') in 0.012012 seconds
Refreshing native plugins compatible for Editor in 1.68 ms, found 0 plugins.
Preloading 0 native plugins for Editor in 0.00 ms.
Asset Pipeline Refresh (id=2ce31606121d2c54ab817a6cb728d129): Total: 0.043 seconds - Initiated by StopAssetImportingV2(NoUpdateAssetOptions)
Start importing Assets/Game/Prefabs/Art/Shard.prefab using Guid(3431147bb6ec68e46a14081afa9ba439) Importer(Primary)  -> (artifact id: 'd6674b651f04ffd134b9f16c6d493a0c') in 0.012286 seconds
Refreshing native plugins compatible for Editor in 1.64 ms, found 0 plugins.
Preloading 0 native plugins for Editor in 0.00 ms.
Asset Pipeline Refresh (id=1319b329d9d34e64b9b81d4f647b7703): Total: 0.043 seconds - Initiated by StopAssetImportingV2(NoUpdateAssetOptions)
Opening scene 'Assets/Game/Scenes/Game.unity'
Unloading 66 Unused Serialized files (Serialized files now loaded: 0)
Loaded scene 'Assets/Game/Scenes/Game.unity'
	Deserialize:            10.493 ms
	Integration:            112.456 ms
	Integration of assets:  2.795 ms
	Thread Wait Time:       0.019 ms
	Total Operation Time:   125.763 ms
Unloading 462 unused Assets / (48.9 KB). Loaded Objects now: 3764.
Memory consumption went from 142.8 MB to 142.8 MB.
Total: 4.135000 ms (FindLiveObjects: 0.244800 ms CreateObjectMapping: 0.150300 ms MarkObjects: 3.432900 ms  DeleteObjects: 0.304200 ms)

Start importing Assets/Game/Settings/BoardPostProcessing.asset using Guid(25f697b79b2c4404c872174213c20cd7) Importer(Primary)  -> (artifact id: 'd5607f7cdc878f4f34d2110a10f9b7c3') in 0.001988 seconds
Refreshing native plugins compatible for Editor in 1.62 ms, found 0 plugins.
Preloading 0 native plugins for Editor in 0.00 ms.
Asset Pipeline Refresh (id=3b91dcfd22c54a44fb25936d790ab089): Total: 0.040 seconds - Initiated by StopAssetImportingV2(NoUpdateAssetOptions)
Start importing Assets/Game/Materials/Art/Q_Slime_Eyes.mat using Guid(20bd456f31e820743829167630462dea) Importer(Primary)  -> (artifact id: 'b312cf170fc12b2f6dd963457d2bd64c') in 0.001717 seconds
Start importing Assets/Game/Materials/Art/Q_Skeleton_Skeleton.mat using Guid(b186be4ebbc675f42b6819e1444b8936) Importer(Primary)  -> (artifact id: '47140ab85c7b15e343201ef76f1f6aa7') in 0.001324 seconds
Start importing Assets/Game/Materials/Art/KenneyAtlas.mat using Guid(a2bf304f4332eb64e8df2694f9b0ec37) Importer(Primary)  -> (artifact id: '00d777d79e2f0896d6dceed6e0ebb6b2') in 0.001325 seconds
Start importing Assets/Game/Materials/Art/Q_Dragon_Main.mat using Guid(f36390ddb32f0214094f186ea8760828) Importer(Primary)  -> (artifact id: 'b561728300531b3f3515e2648ed46755') in 0.001551 seconds
Start importing Assets/Game/Materials/Art/Backdrop.mat using Guid(d45a2c1e443d96f4db865de735f3f6fa) Importer(Primary)  -> (artifact id: '3ff722727838fcb2a018ea552e32e08d') in 0.001348 seconds
Start importing Assets/Game/Materials/Art/KenneySeismic.mat using Guid(e4014d20c71fa1b489e58404fe9d8fbc) Importer(Primary)  -> (artifact id: 'fae14fcbf9661125fd24755a8102b1b1') in 0.001208 seconds
Start importing Assets/Game/Materials/Art/Q_Dragon_Claws.mat using Guid(86ba3428bd8a3f14794a67d73bf3834a) Importer(Primary)  -> (artifact id: 'cdb564a0083fa084e5a6f4be73afac62') in 0.001156 seconds
Start importing Assets/Game/Materials/Art/KenneyChill.mat using Guid(b64afe218850a094db83e5e8ed7dc665) Importer(Primary)  -> (artifact id: '2606d9231434a64daf60c79abbda23a4') in 0.001901 seconds
Start importing Assets/Game/Materials/Art/Q_Dragon_Wings.mat using Guid(c6b715558af5c7f46aa5c47c60455b74) Importer(Primary)  -> (artifact id: '72ab7d0787b462f4ca5ac6c78ed9351d') in 0.001445 seconds
Start importing Assets/Game/Materials/Art/Q_Bat_Black.mat using Guid(9805e3dbc15fe5c439c874119fb433da) Importer(Primary)  -> (artifact id: 'a20e4a6ce0064518e069610d762c3160') in 0.001240 seconds
Start importing Assets/Game/Materials/Art/Q_Bat_Nose.mat using Guid(2a83a14e72921254daa12a27c619807f) Importer(Primary)  -> (artifact id: 'e66b3977302d3b1449e29048a9b2453b') in 0.001340 seconds
Start importing Assets/Game/Materials/Art/Q_Dragon_Belly.mat using Guid(0b10add4907d2f34cb070d18b11f4032) Importer(Primary)  -> (artifact id: '51e6440d8be36a94d2d749468e583acf') in 0.001284 seconds
Start importing Assets/Game/Materials/Art/Q_Dragon_Eyes.mat using Guid(cbac80961cf91044c8790866ade8ee09) Importer(Primary)  -> (artifact id: '77215febb42e6d35b10e1ea6a1439dee') in 0.001200 seconds
Start importing Assets/Game/Materials/Art/KenneyPulse.mat using Guid(db41acb6faa6af14c8a0ea554079e775) Importer(Primary)  -> (artifact id: '1de6856e4b9e2431ae33076a67c36f97') in 0.001338 seconds
Start importing Assets/Game/Materials/Art/KenneyNeedle.mat using Guid(0c19b8e67267bd14c88dffd06adbeb0b) Importer(Primary)  -> (artifact id: '2e41098ee72e7607709937afc42b0e76') in 0.001285 seconds
Start importing Assets/Game/Materials/Art/Q_Bat_Belly.mat using Guid(0c19da97a3314d4408e0e0e3a6440519) Importer(Primary)  -> (artifact id: '3058521866485a583a8d1c3d30e0e58d') in 0.001211 seconds
Start importing Assets/Game/Materials/Art/Q_Slime_Body.mat using Guid(dcbce4a1d66517d4bbcac0ccbb4a3db1) Importer(Primary)  -> (artifact id: '4ccd42bd8313f739ea927cd5196bcfca') in 0.001283 seconds
Start importing Assets/Game/Materials/Art/Q_Bat_Eyes.mat using Guid(ecf19c616f7e9c04ea14cf61e698ebd9) Importer(Primary)  -> (artifact id: '9da15c5f45d9c53345a9f15818953ac0') in 0.001342 seconds
Start importing Assets/Game/Materials/Art/Q_Bat_Main.mat using Guid(7fdb7f7fc2694504e8fdf0d45aee80e5) Importer(Primary)  -> (artifact id: 'cf1ee22021f6fa890ceb301f2c610371') in 0.001566 seconds
Start importing Assets/Game/Animation/Monsters/Slime/Slime.controller using Guid(0340cb6ba3f0165428b4c635363ad57e) Importer(Primary)  -> (artifact id: '7f7a339bfc6fc53f90c0383579fbdb18') in 0.001656 seconds
Start importing Assets/Game/Animation/Monsters/Skeleton/Skeleton.controller using Guid(29ef2fb1207f3c346bf6355f8b88f0ec) Importer(Primary)  -> (artifact id: '943b1cfa4eb348d1cb6fc5b72f7e5d84') in 0.001637 seconds
Start importing Assets/Game/Animation/Monsters/Bat/Bat.controller using Guid(4de0ee8134ae044458eaf6fbf135a9ae) Importer(Primary)  -> (artifact id: '165d3acb409663418bc3ece11e10c872') in 0.001558 seconds
Start importing Assets/Game/Animation/Monsters/Dragon/Dragon.controller using Guid(beecc3bf5f7c99f449562dbe33004817) Importer(Primary)  -> (artifact id: 'c7ddbaa7037cade3f1ec7ed70379f2bb') in 0.001403 seconds
Start importing Assets/Game/Settings/StoneSignalURP.asset using Guid(42c7dbe9c702ecc4b985ea4995c78e07) Importer(Primary)  -> (artifact id: '76a8809e0cef9c15c70d25c67ff3ccbc') in 0.001703 seconds
Start importing Assets/Game/ScriptableObjects/Blocks/T.asset using Guid(e2629e87b44b24b4996e733a2cdc4e31) Importer(Primary)  -> (artifact id: 'ad61d8af51275e1016e8ec446fe920ce') in 0.001669 seconds
Start importing Assets/Game/ScriptableObjects/Blocks/L.asset using Guid(d47a7dd1353782143a328190487c791c) Importer(Primary)  -> (artifact id: 'da1700c380df8eb18cc9a35c3eda4ef1') in 0.001643 seconds
Start importing Assets/Game/Settings/BoardPostProcessing.asset using Guid(25f697b79b2c4404c872174213c20cd7) Importer(Primary)  -> (artifact id: '5a7bca11b7912219320bd8de2af82226') in 0.001800 seconds
Start importing Assets/Game/ScriptableObjects/Blocks/I.asset using Guid(253e30cf571905d4b8b1b50690baa1f4) Importer(Primary)  -> (artifact id: 'adb6940e2b2ed9ccbdb5021a54207545') in 0.002088 seconds
Start importing Assets/Game/ScriptableObjects/Enemies/Splitter.asset using Guid(55d5cd7edd854f1a82d9f9af7f36333d) Importer(Primary)  -> (artifact id: 'e7bd95906b5cb29f20dd4ab4d80cdec1') in 0.001633 seconds
Start importing Assets/Game/ScriptableObjects/Enemies/Bulwark.asset using Guid(95453d1060ed4cb68574b44305dacfe5) Importer(Primary)  -> (artifact id: '6360ba917b2af4ada6809a3b894df9df') in 0.001754 seconds
Start importing Assets/Game/Settings/ArtCatalog.asset using Guid(b6d292e35f536c9448a72c7447032234) Importer(Primary)  -> (artifact id: '909c7777d79304aa591f2522b3fae6d9') in 0.001609 seconds
Start importing Assets/Game/ScriptableObjects/Enemies/Skimmer.asset using Guid(a770321d8aa43a14d84b0459c12d606d) Importer(Primary)  -> (artifact id: '6e884f153e978278cf54178fa3102d33') in 0.001925 seconds
Start importing Assets/Game/ScriptableObjects/Blocks/S.asset using Guid(b819804945961384ebae1bb79079823a) Importer(Primary)  -> (artifact id: '738af12be13dd700066a5f43994095cd') in 0.001704 seconds
Start importing Assets/Game/ScriptableObjects/Enemies/Drifter.asset using Guid(e8760c04fd898384797175217a32b339) Importer(Primary)  -> (artifact id: 'b7225b454f8679e99f603c9ac11ee331') in 0.001553 seconds
Start importing Assets/Game/ScriptableObjects/Blocks/O.asset using Guid(3a8b1f7ce769787458c4bc0741ceb173) Importer(Primary)  -> (artifact id: '04925e231eff832a65bfc74ef78456c9') in 0.001600 seconds
Start importing Assets/Game/Settings/Palette.asset using Guid(eacb0adbad95395468bf7c70d857b223) Importer(Primary)  -> (artifact id: '4a38a3d7360137a9d6939b7fd746c492') in 0.002186 seconds
Start importing Assets/Game/ScriptableObjects/Towers/Pulse.asset using Guid(9b172be17b40fd34bb969c31fb63235a) Importer(Primary)  -> (artifact id: '78557cc463e805f161c748d8d448fbca') in 0.002024 seconds
Start importing Assets/Game/ScriptableObjects/Towers/Seismic.asset using Guid(dbf3ab35b52c8164598b5da2cec7ae57) Importer(Primary)  -> (artifact id: '63521c2a62b3510dc92089d4300ddb16') in 0.001723 seconds
Start importing Assets/Game/ScriptableObjects/Towers/Chill.asset using Guid(0d6e19d677554700a8e2060343b4b8b3) Importer(Primary)  -> (artifact id: 'aecfe064210ffbf149a8ccaef1ebfe2d') in 0.001623 seconds
Start importing Assets/Game/ScriptableObjects/Towers/Needle.asset using Guid(1dec4a786038aca4e895dbdf1cb49f2e) Importer(Primary)  -> (artifact id: '70474ac8ae8f11d27169fc61290b17e6') in 0.001841 seconds
Start importing Assets/Game/ScriptableObjects/Enemies/Shard.asset using Guid(7f4ee6a2515e42b4bd6cd8b5dd01fce1) Importer(Primary)  -> (artifact id: 'e2a8d03097680e0531017abe6e6b1d6b') in 0.001622 seconds
Refreshing native plugins compatible for Editor in 1.69 ms, found 0 plugins.
Preloading 0 native plugins for Editor in 0.00 ms.
Asset Pipeline Refresh (id=503bd9e8ff9a1944993e80a4be277443): Total: 0.111 seconds - Initiated by StopAssetImportingV2(NoUpdateAssetOptions)
Start importing Assets/Game/Scenes/Game.unity using Guid(a94a81d82b1b688499ce263e5a39b036) Importer(Primary)  -> (artifact id: 'f03f64bfd2c4d47b2695e6c1a36721cd') in 0.001017 seconds
Refreshing native plugins compatible for Editor in 1.68 ms, found 0 plugins.
Preloading 0 native plugins for Editor in 0.00 ms.
Asset Pipeline Refresh (id=d9d20ad3d5d5cd94eb8a334c4618060a): Total: 0.027 seconds - Initiated by StopAssetImportingV2(NoUpdateAssetOptions)
Start importing Assets/Game/Art/Icons/NeedleBeacon.png using Guid(e396d248d7e65ea4192aa746228e8799) Importer(Primary)  -> (artifact id: '35edbb7000841aeae4d4816c96008576') in 0.007684 seconds
Refreshing native plugins compatible for Editor in 1.85 ms, found 0 plugins.
Preloading 0 native plugins for Editor in 0.00 ms.
Asset Pipeline Refresh (id=fb03efbcb91f45d46b3b74b2f646a260): Total: 0.039 seconds - Initiated by StopAssetImportingV2(NoUpdateAssetOptions)
Start importing Assets/Game/Art/Icons/PulseBeacon.png using Guid(06dbd9e6606f41a439dbef94ccbb2277) Importer(Primary)  -> (artifact id: '8885821e0275275c071807f2ad445512') in 0.005810 seconds
Refreshing native plugins compatible for Editor in 1.78 ms, found 0 plugins.
Preloading 0 native plugins for Editor in 0.00 ms.
Asset Pipeline Refresh (id=9e790ee1d66f3584db47856944564c0e): Total: 0.041 seconds - Initiated by StopAssetImportingV2(NoUpdateAssetOptions)
Start importing Assets/Game/Art/Icons/SeismicBeacon.png using Guid(75106159361f442498c788de2a53847c) Importer(Primary)  -> (artifact id: '2fb95c599bfdc089d99945e8584be15c') in 0.005754 seconds
Refreshing native plugins compatible for Editor in 2.09 ms, found 0 plugins.
Preloading 0 native plugins for Editor in 0.00 ms.
Asset Pipeline Refresh (id=2f35e874d4b928545bbadedcf4217ae1): Total: 0.036 seconds - Initiated by StopAssetImportingV2(NoUpdateAssetOptions)
Start importing Assets/Game/Art/Icons/ChillBeacon.png using Guid(ad6578356b284b94eb7d1c00afb4f4e9) Importer(Primary)  -> (artifact id: '1141ad555bac61786c7f5750dbcbfe10') in 0.005791 seconds
Refreshing native plugins compatible for Editor in 1.69 ms, found 0 plugins.
Preloading 0 native plugins for Editor in 0.00 ms.
Asset Pipeline Refresh (id=fbc9a78aafd3f69458f9299a350711d1): Total: 0.041 seconds - Initiated by StopAssetImportingV2(NoUpdateAssetOptions)
ART REFERENCES PASS
UnityEngine.StackTraceUtility:ExtractStackTrace ()
UnityEngine.DebugLogHandler:LogFormat (UnityEngine.LogType,UnityEngine.Object,string,object[])
UnityEngine.Logger:Log (UnityEngine.LogType,object)
UnityEngine.Debug:Log (object)
ThirdPartyArtIntegration:Checks () (at Assets/Game/Editor/ThirdPartyArtIntegration.cs:617)
ThirdPartyArtIntegration:Import () (at Assets/Game/Editor/ThirdPartyArtIntegration.cs:77)

(Filename: Assets/Game/Editor/ThirdPartyArtIntegration.cs Line: 617)

THIRD PARTY ART IMPORT PASS: 19 Kenney prefabs, 4 tower prefabs, 5 animated enemy prefabs, 4 animation controllers
UnityEngine.StackTraceUtility:ExtractStackTrace ()
UnityEngine.DebugLogHandler:LogFormat (UnityEngine.LogType,UnityEngine.Object,string,object[])
UnityEngine.Logger:Log (UnityEngine.LogType,object)
UnityEngine.Debug:Log (object)
ThirdPartyArtIntegration:Import () (at Assets/Game/Editor/ThirdPartyArtIntegration.cs:78)

(Filename: Assets/Game/Editor/ThirdPartyArtIntegration.cs Line: 78)

Batchmode quit successfully invoked - shutting down!
Start importing Assets/Game/Materials/Art/KenneyAtlas.mat using Guid(a2bf304f4332eb64e8df2694f9b0ec37) Importer(Primary)  -> (artifact id: 'a3eaf7954f6d64084e383c05615b4b71') in 0.001811 seconds
Start importing Assets/Game/Materials/Art/KenneySeismic.mat using Guid(e4014d20c71fa1b489e58404fe9d8fbc) Importer(Primary)  -> (artifact id: 'b498675a2873b1f75e6cd31c0a00b6d6') in 0.001333 seconds
Start importing Assets/Game/Materials/Art/KenneyChill.mat using Guid(b64afe218850a094db83e5e8ed7dc665) Importer(Primary)  -> (artifact id: '6de5dd53217207a51976ae66ea4db0f2') in 0.001455 seconds
Start importing Assets/Game/Materials/Art/KenneyPulse.mat using Guid(db41acb6faa6af14c8a0ea554079e775) Importer(Primary)  -> (artifact id: '667ccd300eaf9e6f17844d91f5805239') in 0.001501 seconds
Start importing Assets/Game/Materials/Art/KenneyNeedle.mat using Guid(0c19b8e67267bd14c88dffd06adbeb0b) Importer(Primary)  -> (artifact id: 'f791d4f2b284de7c4cf2bcfbbaee12c9') in 0.001391 seconds
Refreshing native plugins compatible for Editor in 1.76 ms, found 0 plugins.
Preloading 0 native plugins for Editor in 0.00 ms.
Asset Pipeline Refresh (id=971db279c6bba7e4e9a2bafed9e853a8): Total: 0.038 seconds - Initiated by StopAssetImportingV2(NoUpdateAssetOptions)
Input System module state changed to: ShutdownInProgress.
Input System polling thread exited.
Input System module state changed to: Shutdown.
[Licensing::IpcConnector] License Notification channel disconnected successfully.
[Licensing::IpcConnector] License Client channel disconnected successfully.
Shutting down server...
Cleanup mono
plugin_module success
g_query_callback success 
g_get_assembly_csharp load success 
abort_threads: Failed aborting id: 0000000000004D24, mono_thread_manage will ignore it

abort_threads: Failed aborting id: 0000000000000694, mono_thread_manage will ignore it

abort_threads: Failed aborting id: 0000000000004D24, mono_thread_manage will ignore it

abort_threads: Failed aborting id: 0000000000000694, mono_thread_manage will ignore it

debugger-agent: Unable to listen on 8064
[Performance] WinEditorMain                                                                                                   :        1 samples, Peak.   948 ms (1.0x), Avg.   948 ms, Total. 948.2 ms (5.0%)
[Performance] WinEditorMain.ConfigureCrashHandler                                                                             :        1 samples, Peak.  25.0 us (1.0x), Avg.  25.0 us, Total. 25.00 us (0.0%)
[Performance] WinEditorMain.CurlRequestInitialize                                                                             :        1 samples, Peak.   406 us (1.0x), Avg.   406 us, Total. 405.7 us (0.0%)
[Performance] WinEditorMain.SetupLogFile                                                                                      :        1 samples, Peak.   655 us (1.0x), Avg.   655 us, Total. 655.2 us (0.0%)
[Performance] WinEditorMain.RunNativeTestsIfRequiredAndExit                                                                   :        1 samples, Peak.   200 ns (1.0x), Avg.   200 ns, Total. 200.0 ns (0.0%)
[Performance] WinEditorMain.Licensing                                                                                         :        1 samples, Peak.   910 ms (1.0x), Avg.   910 ms, Total. 910.1 ms (4.8%)
[Performance] WinEditorMain.InitializeCrashHandler                                                                            :        1 samples, Peak.  34.2 ms (1.0x), Avg.  34.2 ms, Total. 34.21 ms (0.2%)
[Performance] WinEditorMain.CreateApplication                                                                                 :        1 samples, Peak.   130 us (1.0x), Avg.   130 us, Total. 129.6 us (0.0%)
[Performance] Application.InitializeProject                                                                                   :        1 samples, Peak.  9.15 s (1.0x), Avg.  9.15 s, Total. 9.153 s (47.8%)
[Performance] Application.PackageManager.StartServer                                                                          :        1 samples, Peak.  4.39 ms (1.0x), Avg.  4.39 ms, Total. 4.392 ms (0.0%)
[Performance] Application.AcquireProjectLock                                                                                  :        1 samples, Peak.  11.3 ms (1.0x), Avg.  11.3 ms, Total. 11.28 ms (0.1%)
[Performance] Application.InitializeEngineNoGraphics                                                                          :        1 samples, Peak.   276 ms (1.0x), Avg.   276 ms, Total. 275.6 ms (1.4%)
[Performance] Application.PackageManager.Initialize                                                                           :        1 samples, Peak.   200 ms (1.0x), Avg.   200 ms, Total. 200.1 ms (1.0%)
[Performance] Connecting to Package Manager                                                                                   :       21 samples, Peak.  71.4 us (12.8x), Avg.  5.59 us, Total. 117.4 us (0.0%)
[Performance] PackageManager::Api::RunRequestSynchronously                                                                    :       20 samples, Peak.  18.4 us (4.4x), Avg.  4.17 us, Total. 83.50 us (0.0%)
[Performance] Application.EngineGraphics.Initialize                                                                           :        1 samples, Peak.   283 ms (1.0x), Avg.   283 ms, Total. 282.6 ms (1.5%)
[Performance] Application.GI.Initialize                                                                                       :        1 samples, Peak.  3.86 ms (1.0x), Avg.  3.86 ms, Total. 3.857 ms (0.0%)
[Performance] Application.LoadAllDefaultResourcesFromEditor                                                                   :        1 samples, Peak.  1.85 ms (1.0x), Avg.  1.85 ms, Total. 1.848 ms (0.0%)
[Performance] Application.LoadMonoAssemblies                                                                                  :        1 samples, Peak.  1.44 s (1.0x), Avg.  1.44 s, Total. 1.438 s (7.5%)
[Performance] RestoreManagedReferences                                                                                        :        2 samples, Peak.  37.5 ms (2.0x), Avg.  18.7 ms, Total. 37.49 ms (0.2%)
[Performance] InitializeOnLoad ProfilerConnectionPopupWindow                                                                  :        2 samples, Peak.   186 us (1.1x), Avg.   174 us, Total. 349.0 us (0.0%)
[Performance] InitializeOnLoad PlayableAdsHtmlChannelManager                                                                  :        2 samples, Peak.   566 us (1.0x), Avg.   564 us, Total. 1.128 ms (0.0%)
[Performance] InitializeOnLoad ManagedDebuggerWindow                                                                          :        2 samples, Peak.   607 us (1.5x), Avg.   400 us, Total. 800.4 us (0.0%)
[Performance] InitializeOnLoad WindowLayout                                                                                   :        2 samples, Peak.   494 us (1.0x), Avg.   494 us, Total. 987.7 us (0.0%)
[Performance] InitializeOnLoad NativeFormatImporterUtility                                                                    :        2 samples, Peak.  2.51 ms (1.3x), Avg.  1.96 ms, Total. 3.929 ms (0.0%)
[Performance] InitializeOnLoad ProjectSearch                                                                                  :        2 samples, Peak.   209 us (1.0x), Avg.   206 us, Total. 411.7 us (0.0%)
[Performance] InitializeOnLoad BuildProfileHelperManager                                                                      :        2 samples, Peak.   240 ms (1.9x), Avg.   124 ms, Total. 247.4 ms (1.3%)
[Performance] InitializeOnLoad PoolManager                                                                                    :        2 samples, Peak.  74.5 us (1.2x), Avg.  60.2 us, Total. 120.4 us (0.0%)
[Performance] InitializeOnLoad TuanjiePathAndNameFix                                                                          :        2 samples, Peak.   143 us (1.1x), Avg.   130 us, Total. 260.3 us (0.0%)
[Performance] InitializeOnLoad EditMode                                                                                       :        2 samples, Peak.   314 us (1.0x), Avg.   305 us, Total. 610.2 us (0.0%)
[Performance] InitializeOnLoad SearchService                                                                                  :        2 samples, Peak.  88.2 us (1.0x), Avg.  87.8 us, Total. 175.6 us (0.0%)
[Performance] InitializeOnLoad ObjectSelectorSearch                                                                           :        2 samples, Peak.  36.4 us (1.1x), Avg.  32.8 us, Total. 65.50 us (0.0%)
[Performance] InitializeOnLoad SceneViewCullingDebugSettings                                                                  :        2 samples, Peak.  2.14 ms (1.2x), Avg.  1.84 ms, Total. 3.675 ms (0.0%)
[Performance] InitializeOnLoad PlayModeDownload                                                                               :        2 samples, Peak.   504 us (1.7x), Avg.   294 us, Total. 588.4 us (0.0%)
[Performance] InitializeOnLoad MixerEffectDefinitionReloader                                                                  :        2 samples, Peak.  1.73 ms (1.2x), Avg.  1.47 ms, Total. 2.933 ms (0.0%)
[Performance] InitializeOnLoad UISystemProfilerRenderService                                                                  :        2 samples, Peak.  7.90 us (1.0x), Avg.  7.90 us, Total. 15.80 us (0.0%)
[Performance] InitializeOnLoad SceneSearch                                                                                    :        2 samples, Peak.  58.6 us (1.1x), Avg.  52.4 us, Total. 104.8 us (0.0%)
[Performance] InitializeOnLoad AssetStoreContext                                                                              :        2 samples, Peak.  20.6 ms (1.1x), Avg.  19.2 ms, Total. 38.48 ms (0.2%)
[Performance] InitializeOnLoad DrivenRectTransformUndo                                                                        :        2 samples, Peak.   191 us (1.0x), Avg.   186 us, Total. 371.9 us (0.0%)
[Performance] InitializeOnLoad UnityConnect                                                                                   :        2 samples, Peak.   600 ns (1.1x), Avg.   550 ns, Total. 1.100 us (0.0%)
[Performance] InitializeOnLoad PrefabInstanceChangedListener                                                                  :        2 samples, Peak.   101 us (1.0x), Avg.  97.6 us, Total. 195.1 us (0.0%)
[Performance] InitializeOnLoad CloudBuild                                                                                     :        2 samples, Peak.  3.50 us (1.1x), Avg.  3.15 us, Total. 6.300 us (0.0%)
[Performance] InitializeOnLoad CacheServerWindow                                                                              :        2 samples, Peak.  13.7 us (1.3x), Avg.  10.7 us, Total. 21.50 us (0.0%)
[Performance] InitializeOnLoad ShortcutIntegration                                                                            :        2 samples, Peak.  57.5 us (1.2x), Avg.  49.3 us, Total. 98.60 us (0.0%)
[Performance] InitializeOnLoad AddComponentWindow                                                                             :        2 samples, Peak.  79.2 us (1.0x), Avg.  76.9 us, Total. 153.8 us (0.0%)
[Performance] InitializeOnLoad MenuItems                                                                                      :        2 samples, Peak.  65.4 us (1.1x), Avg.  60.7 us, Total. 121.4 us (0.0%)
[Performance] InitializeOnLoad SettingsService                                                                                :        2 samples, Peak.  7.00 us (1.2x), Avg.  5.85 us, Total. 11.70 us (0.0%)
[Performance] InitializeOnLoad ManagedDebugger                                                                                :        2 samples, Peak.  7.40 us (1.9x), Avg.  3.85 us, Total. 7.700 us (0.0%)
[Performance] InitializeOnLoad EditorMonitor                                                                                  :        2 samples, Peak.   514 us (1.2x), Avg.   437 us, Total. 873.8 us (0.0%)
[Performance] InitializeOnLoad RetainedMode                                                                                   :        2 samples, Peak.  1.70 ms (1.0x), Avg.  1.68 ms, Total. 3.368 ms (0.0%)
[Performance] InitializeOnLoad EditorShaderLoader                                                                             :        2 samples, Peak.   803 us (1.2x), Avg.   678 us, Total. 1.357 ms (0.0%)
[Performance] InitializeOnLoad EditorDelegateRegistration                                                                     :        2 samples, Peak.   720 us (1.3x), Avg.   571 us, Total. 1.142 ms (0.0%)
[Performance] InitializeOnLoad UIDocumentHierarchyWatcher                                                                     :        2 samples, Peak.   146 us (1.5x), Avg.   101 us, Total. 201.2 us (0.0%)
[Performance] InitializeOnLoad LiveReloadTrackerCreator                                                                       :        2 samples, Peak.   139 us (1.0x), Avg.   136 us, Total. 272.4 us (0.0%)
[Performance] InitializeOnLoad UxmlObjectEditorFactories                                                                      :        2 samples, Peak.   430 us (1.1x), Avg.   402 us, Total. 804.1 us (0.0%)
[Performance] InitializeOnLoad UXMLEditorFactories                                                                            :        2 samples, Peak.  43.9 ms (1.0x), Avg.  43.4 ms, Total. 86.81 ms (0.5%)
[Performance] InitializeOnLoad PurchasingService                                                                              :        2 samples, Peak.  5.72 ms (1.0x), Avg.  5.65 ms, Total. 11.31 ms (0.1%)
[Performance] InitializeOnLoad CloudBuildPoller                                                                               :        2 samples, Peak.  95.7 us (1.0x), Avg.  94.0 us, Total. 188.1 us (0.0%)
[Performance] InitializeOnLoad EditorGameServicesAnalytics                                                                    :        2 samples, Peak.  2.17 ms (1.7x), Avg.  1.25 ms, Total. 2.495 ms (0.0%)
[Performance] InitializeOnLoad AnalyticsService                                                                               :        2 samples, Peak.   141 us (1.0x), Avg.   137 us, Total. 273.1 us (0.0%)
[Performance] InitializeOnLoad BuildService                                                                                   :        2 samples, Peak.   105 us (1.0x), Avg.   102 us, Total. 203.6 us (0.0%)
[Performance] InitializeOnLoad AdsService                                                                                     :        2 samples, Peak.   294 us (1.0x), Avg.   292 us, Total. 584.8 us (0.0%)
[Performance] InitializeOnLoad UDPService                                                                                     :        2 samples, Peak.   118 us (1.1x), Avg.   111 us, Total. 221.5 us (0.0%)
[Performance] InitializeOnLoad CrashService                                                                                   :        2 samples, Peak.  98.3 us (1.0x), Avg.  96.5 us, Total. 193.1 us (0.0%)
[Performance] InitializeOnLoad ServicesRepository                                                                             :        2 samples, Peak.   300 ns (1.0x), Avg.   300 ns, Total. 600.0 ns (0.0%)
[Performance] InitializeOnLoad SearchWindow                                                                                   :        2 samples, Peak.   105 us (1.1x), Avg.  93.6 us, Total. 187.2 us (0.0%)
[Performance] InitializeOnLoad CustomIndexers                                                                                 :        2 samples, Peak.  14.8 ms (1.1x), Avg.  14.0 ms, Total. 28.09 ms (0.1%)
[Performance] InitializeOnLoad SearchMonitor                                                                                  :        2 samples, Peak.   825 us (1.1x), Avg.   744 us, Total. 1.487 ms (0.0%)
[Performance] InitializeOnLoad ParameterControllerEditor                                                                      :        2 samples, Peak.  16.3 us (1.0x), Avg.  15.8 us, Total. 31.50 us (0.0%)
[Performance] InitializeOnLoad LayerSettingsWindow                                                                            :        2 samples, Peak.  25.2 us (1.8x), Avg.  14.2 us, Total. 28.40 us (0.0%)
[Performance] InitializeOnLoad PackageManagerHookGUIDConverter.RegisterPackagesEventHandler                                   :        2 samples, Peak.   658 us (1.7x), Avg.   397 us, Total. 793.2 us (0.0%)
[Performance] InitializeOnLoad EditorDragAndDrop.RegisterEditorClient                                                         :        2 samples, Peak.   245 us (1.2x), Avg.   199 us, Total. 397.4 us (0.0%)
[Performance] InitializeOnLoad EditorEventCallbacks.InitializeFontAssetResourceChangeCallBacks                                :        2 samples, Peak.  1.01 ms (1.1x), Avg.   936 us, Total. 1.873 ms (0.0%)
[Performance] InitializeOnLoad SceneTemplateService.Init                                                                      :        2 samples, Peak.   889 us (1.0x), Avg.   873 us, Total. 1.746 ms (0.0%)
[Performance] InitializeOnLoad DiagnosticSwitchesConsoleMessage.Init                                                          :        2 samples, Peak.  4.59 ms (1.7x), Avg.  2.72 ms, Total. 5.439 ms (0.0%)
[Performance] InitializeOnLoad MemoryProfilerCompilationGuard.InjectCompileGuard                                              :        2 samples, Peak.   145 us (1.3x), Avg.   112 us, Total. 224.7 us (0.0%)
[Performance] InitializeOnLoad SysrootManager.Initialize                                                                      :        2 samples, Peak.  10.4 us (1.1x), Avg.  9.65 us, Total. 19.30 us (0.0%)
[Performance] InitializeOnLoad EditorWindow.Initialize                                                                        :        2 samples, Peak.   188 us (1.0x), Avg.   182 us, Total. 363.7 us (0.0%)
[Performance] InitializeOnLoad SceneVisibilityManager.Initialize                                                              :        2 samples, Peak.  3.91 ms (1.7x), Avg.  2.27 ms, Total. 4.547 ms (0.0%)
[Performance] InitializeOnLoad ScopedRegistryAddedPopup.SubscribeToRegistriesAdded                                            :        2 samples, Peak.   152 us (1.0x), Avg.   147 us, Total. 293.9 us (0.0%)
[Performance] InitializeOnLoad ToolShortcutContext.Init                                                                       :        2 samples, Peak.   132 us (1.1x), Avg.   118 us, Total. 236.3 us (0.0%)
[Performance] InitializeOnLoad PackageManagerWindow.EditorInitializedInSafeMode                                               :        2 samples, Peak.  85.0 us (1.5x), Avg.  56.7 us, Total. 113.4 us (0.0%)
[Performance] InitializeOnLoad AssetPostprocessingInternal.RefreshCustomDependencies                                          :        2 samples, Peak.  2.46 ms (1.4x), Avg.  1.80 ms, Total. 3.608 ms (0.0%)
[Performance] AssemblyReloadEvents.afterAssemblyReload: UnityEditor.PackageManager.TuanjiePathAndNameFix.FixTuanjieNameOrPath :        2 samples, Peak.  3.87 ms (1.2x), Avg.  3.32 ms, Total. 6.640 ms (0.0%)
[Performance] AssemblyReloadEvents.afterAssemblyReload: UnityEditor.SceneTemplate.SceneTemplateService.AfterAssemblyReload    :        2 samples, Peak.  3.41 ms (1.9x), Avg.  1.82 ms, Total. 3.630 ms (0.0%)
[Performance] ProcessService.EditorAfterLoadAllAssemblies                                                                     :        2 samples, Peak.   310 us (1.2x), Avg.   257 us, Total. 513.5 us (0.0%)
[Performance] Application.ReadLicenseInfo                                                                                     :        1 samples, Peak.   225 us (1.0x), Avg.   225 us, Total. 225.2 us (0.0%)
[Performance] Application.InitialRefresh                                                                                      :        1 samples, Peak.  4.87 s (1.0x), Avg.  4.87 s, Total. 4.867 s (25.4%)
[Performance] ShaderImporter.SourceAssetModified                                                                              :      160 samples, Peak.  1.30 us (2.0x), Avg.   652 ns, Total. 104.3 us (0.0%)
[Performance] ShaderIncludeImporter.SourceAssetModified                                                                       :      160 samples, Peak.  10.5 us (11.1x), Avg.   943 ns, Total. 150.8 us (0.0%)
[Performance] Compiling Scripts                                                                                               :        1 samples, Peak.  1.90 s (1.0x), Avg.  1.90 s, Total. 1.899 s (9.9%)
[Performance] AssemblyReloadEvents.beforeAssemblyReload: UnityEditor.SceneTemplate.SceneTemplateService.BeforeAssemblyReload  :        1 samples, Peak.   400 us (1.0x), Avg.   400 us, Total. 400.2 us (0.0%)
[Performance] PresetManagerPostProcessor.OnPreprocessAsset                                                                    :      162 samples, Peak.   853 us (38.1x), Avg.  22.4 us, Total. 3.628 ms (0.0%)
[Performance] CancelSplashScreenOnAssetChange.OnPreprocessAsset                                                               :      162 samples, Peak.   103 us (41.2x), Avg.  2.51 us, Total. 406.3 us (0.0%)
[Performance] ShaderGraphAssetPostProcessor.OnPreprocessAsset                                                                 :      162 samples, Peak.   140 us (41.9x), Avg.  3.35 us, Total. 543.3 us (0.0%)
[Performance] InitializeOnLoad BurstLoader                                                                                    :        1 samples, Peak.   256 ms (1.0x), Avg.   256 ms, Total. 256.3 ms (1.3%)
[Performance] InitializeOnLoad ShadowCasterGroup2DManager                                                                     :        1 samples, Peak.  93.7 us (1.0x), Avg.  93.7 us, Total. 93.70 us (0.0%)
[Performance] InitializeOnLoad ProbeGIBaking                                                                                  :        1 samples, Peak.  3.56 ms (1.0x), Avg.  3.56 ms, Total. 3.560 ms (0.0%)
[Performance] InitializeOnLoad VGWizard                                                                                       :        1 samples, Peak.   940 us (1.0x), Avg.   940 us, Total. 939.9 us (0.0%)
[Performance] InitializeOnLoad RenderingDefineManager                                                                         :        1 samples, Peak.   358 us (1.0x), Avg.   358 us, Total. 357.9 us (0.0%)
[Performance] InitializeOnLoad RealtimeProbeSubdivisionDebug                                                                  :        1 samples, Peak.  2.30 ms (1.0x), Avg.  2.30 ms, Total. 2.304 ms (0.0%)
[Performance] InitializeOnLoad FilterWindow                                                                                   :        1 samples, Peak.  55.1 us (1.0x), Avg.  55.1 us, Total. 55.10 us (0.0%)
[Performance] InitializeOnLoad NodeClassCache                                                                                 :        1 samples, Peak.  5.10 us (1.0x), Avg.  5.10 us, Total. 5.100 us (0.0%)
[Performance] InitializeOnLoad ShaderGraphMaterialsUpdater                                                                    :        2 samples, Peak.   433 us (1.7x), Avg.   255 us, Total. 509.4 us (0.0%)
[Performance] InitializeOnLoad PrefabLayoutRebuilder                                                                          :        1 samples, Peak.   317 us (1.0x), Avg.   317 us, Total. 317.4 us (0.0%)
[Performance] InitializeOnLoad Renderer2DAnalytics                                                                            :        1 samples, Peak.  93.7 us (1.0x), Avg.  93.7 us, Total. 93.70 us (0.0%)
[Performance] InitializeOnLoad MaterialReimporter.RegisterUpgraderReimport                                                    :        2 samples, Peak.  1.95 ms (2.0x), Avg.   987 us, Total. 1.974 ms (0.0%)
[Performance] InitializeOnLoad DebugManagerWindowLifetimeAnalytic.SubscribeToDebugManagerOpenCloseWindows                     :        1 samples, Peak.  1.50 ms (1.0x), Avg.  1.50 ms, Total. 1.499 ms (0.0%)
[Performance] InitializeOnLoad CoreRenderPipelinePreferences.InitPreferenceProviders                                          :        1 samples, Peak.  49.5 ms (1.0x), Avg.  49.5 ms, Total. 49.46 ms (0.3%)
[Performance] InitializeOnLoad VolumeGizmoDrawer.InitVolumeGizmoCallbacks                                                     :        1 samples, Peak.   309 us (1.0x), Avg.   309 us, Total. 308.9 us (0.0%)
[Performance] InitializeOnLoad $BurstDirectCallInitializer.Initialize                                                         :        2 samples, Peak.  8.32 ms (1.3x), Avg.  6.53 ms, Total. 13.06 ms (0.1%)
[Performance] DidReloadScriptsDebugWindow.OnEditorReload                                                                      :        1 samples, Peak.  20.3 ms (1.0x), Avg.  20.3 ms, Total. 20.26 ms (0.1%)
[Performance] DidReloadScriptsLookDev.OnEditorReload                                                                          :        1 samples, Peak.   194 us (1.0x), Avg.   194 us, Total. 193.7 us (0.0%)
[Performance] DidReloadScriptsVolumeComponentEditor.OnEditorReload                                                            :        1 samples, Peak.  26.1 ms (1.0x), Avg.  26.1 ms, Total. 26.11 ms (0.1%)
[Performance] DidReloadScriptsVGWizard.WizardBehaviour                                                                        :        1 samples, Peak.  8.20 us (1.0x), Avg.  8.20 us, Total. 8.200 us (0.0%)
[Performance] DidReloadScriptsAdvancedDropdownWindow.OnScriptReload                                                           :        1 samples, Peak.   309 us (1.0x), Avg.   309 us, Total. 308.6 us (0.0%)
[Performance] AssetDatabase.ImportAssets                                                                                      :      163 samples, Peak.   111 ms (121.7x), Avg.   915 us, Total. 149.2 ms (0.8%)
[Performance] VersionControl.Task.Wait                                                                                        :        1 samples, Peak.  8.90 us (1.0x), Avg.  8.90 us, Total. 8.900 us (0.0%)
[Performance] BuilderAssetPostprocessor.OnPostprocessAllAssets                                                                :      318 samples, Peak.  2.22 ms (57.2x), Avg.  38.9 us, Total. 12.38 ms (0.1%)
[Performance] ArtifactBrowserPostProcessor.OnPostprocessAllAssets                                                             :      318 samples, Peak.   408 us (77.5x), Avg.  5.26 us, Total. 1.674 ms (0.0%)
[Performance] AssetEvents.OnPostprocessAllAssets                                                                              :      636 samples, Peak.   159 us (42.8x), Avg.  3.71 us, Total. 2.362 ms (0.0%)
[Performance] AudioMixerPostprocessor.OnPostprocessAllAssets                                                                  :      318 samples, Peak.   211 us (65.2x), Avg.  3.24 us, Total. 1.029 ms (0.0%)
[Performance] DomainReloadPostprocessor.OnPostprocessAllAssets                                                                :      318 samples, Peak.  1.60 ms (67.7x), Avg.  23.7 us, Total. 7.521 ms (0.0%)
[Performance] StyleCatalogPostProcessor.OnPostprocessAllAssets                                                                :      318 samples, Peak.  26.7 ms (151.7x), Avg.   176 us, Total. 56.01 ms (0.3%)
[Performance] BuildCatalog                                                                                                    :        1 samples, Peak.  25.8 ms (1.0x), Avg.  25.8 ms, Total. 25.76 ms (0.1%)
[Performance] ModelImporterPostProcessor.OnPostprocessAllAssets                                                               :      318 samples, Peak.  17.9 ms (54.9x), Avg.   326 us, Total. 103.6 ms (0.5%)
[Performance] MaterialPostprocessor.OnPostprocessAllAssets                                                                    :      636 samples, Peak.  1.34 ms (38.1x), Avg.  35.3 us, Total. 22.42 ms (0.1%)
[Performance] UniversalRenderPipelineGlobalSettingsPostprocessor.OnPostprocessAllAssets                                       :      318 samples, Peak.   961 us (97.4x), Avg.  9.87 us, Total. 3.137 ms (0.0%)
[Performance] RetainedModeAssetPostprocessor.OnPostprocessAllAssets                                                           :      318 samples, Peak.  2.20 ms (92.6x), Avg.  23.8 us, Total. 7.559 ms (0.0%)
[Performance] AssetChangedListener.OnPostprocessAllAssets                                                                     :      318 samples, Peak.  1.53 ms (44.0x), Avg.  34.7 us, Total. 11.03 ms (0.1%)
[Performance] PostProcessor.OnPostprocessAllAssets                                                                            :      318 samples, Peak.   202 us (21.6x), Avg.  9.36 us, Total. 2.976 ms (0.0%)
[Performance] ShaderFunctionAssetPostProcessor.OnPostprocessAllAssets                                                         :      318 samples, Peak.   493 ms (158.7x), Avg.  3.10 ms, Total. 987.3 ms (5.2%)
[Performance] ShaderGraphAssetPostProcessor.OnPostprocessAllAssets                                                            :      318 samples, Peak.  4.61 ms (48.9x), Avg.  94.2 us, Total. 29.94 ms (0.2%)
[Performance] SpeedTreePostProcessor.OnPostprocessAllAssets                                                                   :      318 samples, Peak.   166 us (26.2x), Avg.  6.33 us, Total. 2.012 ms (0.0%)
[Performance] TextAssetPostProcessor.OnPostprocessAllAssets                                                                   :      318 samples, Peak.  1.08 ms (81.6x), Avg.  13.3 us, Total. 4.214 ms (0.0%)
[Performance] SyncVS.PostprocessSyncProject                                                                                   :      159 samples, Peak.  1.59 ms (49.1x), Avg.  32.4 us, Total. 5.152 ms (0.0%)
[Performance] EditorApplication.projectChanged: UnityEditor.Audio.MixerEffectDefinitionReloader.OnProjectChanged              :      156 samples, Peak.  8.92 ms (21.6x), Avg.   414 us, Total. 64.55 ms (0.3%)
[Performance] EditorApplication.projectChanged: UnityEngine.Rendering.RenderingDefineManager.OnProjectChanged                 :      156 samples, Peak.  2.17 ms (40.8x), Avg.  53.0 us, Total. 8.276 ms (0.0%)
[Performance] Application.ImportPackagesAndSetTemplateWhenCreatingProject                                                     :        1 samples, Peak.  14.9 ms (1.0x), Avg.  14.9 ms, Total. 14.93 ms (0.1%)
[Performance] Application.SyncCurrentColorSpace                                                                               :        1 samples, Peak.   166 ms (1.0x), Avg.   166 ms, Total. 165.8 ms (0.9%)
[Performance] Application.OnUsbDevicesChanged                                                                                 :        1 samples, Peak.  2.92 ms (1.0x), Avg.  2.92 ms, Total. 2.918 ms (0.0%)
[Performance] Application.AssetInstanceCacheUpdate                                                                            :        1 samples, Peak.   500 ns (1.0x), Avg.   500 ns, Total. 500.0 ns (0.0%)
[Performance] Application.UnityExtensions.Initialize                                                                          :        1 samples, Peak.  2.49 ms (1.0x), Avg.  2.49 ms, Total. 2.493 ms (0.0%)
[Performance] CodeEditorProjectSync.SyncEditorProject                                                                         :        1 samples, Peak.   121 us (1.0x), Avg.   121 us, Total. 120.9 us (0.0%)
[Performance] Application.ExecuteStartups                                                                                     :        1 samples, Peak.  48.8 ms (1.0x), Avg.  48.8 ms, Total. 48.85 ms (0.3%)
[Performance] Menu.RegisterMenuInterface                                                                                      :       27 samples, Peak.  1.40 us (7.1x), Avg.   196 ns, Total. 5.300 us (0.0%)
[Performance] Gizmo.RebuildRenderers                                                                                          :        1 samples, Peak.  45.8 ms (1.0x), Avg.  45.8 ms, Total. 45.83 ms (0.2%)
[Performance] Gizmo.AddGizmoRenderers                                                                                         :       50 samples, Peak.  1.38 ms (31.1x), Avg.  44.4 us, Total. 2.218 ms (0.0%)
[Performance] Application.editorInitializingProject                                                                           :        1 samples, Peak.   213 ms (1.0x), Avg.   213 ms, Total. 213.1 ms (1.1%)
[Performance] Application.InitializeMenu                                                                                      :        1 samples, Peak.  45.4 ms (1.0x), Avg.  45.4 ms, Total. 45.36 ms (0.2%)
[Performance] Menu.RebuildAll                                                                                                 :        1 samples, Peak.  45.3 ms (1.0x), Avg.  45.3 ms, Total. 45.33 ms (0.2%)
[Performance] Menu.BuildRegisteredMenuInterfaces                                                                              :        1 samples, Peak.  42.4 ms (1.0x), Avg.  42.4 ms, Total. 42.43 ms (0.2%)
[Performance] Menu.FilterMenuItem                                                                                             :      658 samples, Peak.  15.0 ms (647.7x), Avg.  23.1 us, Total. 15.20 ms (0.1%)
[Performance] UpdateAllMenus                                                                                                  :        1 samples, Peak.   626 us (1.0x), Avg.   626 us, Total. 625.9 us (0.0%)
[Performance] Menu.RebuildOSMainMenu                                                                                          :        2 samples, Peak.  2.06 ms (1.2x), Avg.  1.76 ms, Total. 3.513 ms (0.0%)
[Performance] EditorSceneManager.sceneClosing: UnityEditor.SceneVisibilityManager.EditorSceneManagerOnSceneClosing            :        2 samples, Peak.   250 us (2.0x), Avg.   127 us, Total. 254.6 us (0.0%)
[Performance] EditorSceneManager.activeSceneChangedInEditMode: UnityEditor.Rendering.VGWizard.OnSceneChanged                  :        2 samples, Peak.   274 us (1.7x), Avg.   159 us, Total. 318.8 us (0.0%)
[Performance] GUIView.RepaintAll.PlayerLoopController                                                                         :        1 samples, Peak.  1.30 us (1.0x), Avg.  1.30 us, Total. 1.300 us (0.0%)
[Performance] EditorSceneManager.newSceneCreated: UnityEditor.SceneTemplate.SceneTemplateService.OnNewSceneCreated            :        1 samples, Peak.   219 us (1.0x), Avg.   219 us, Total. 219.0 us (0.0%)
[Performance] EditorSceneManager.newSceneCreated: UnityEditor.SceneVisibilityManager.EditorSceneManagerOnNewSceneCreated      :        1 samples, Peak.   218 us (1.0x), Avg.   218 us, Total. 218.3 us (0.0%)
[Performance] EditorSceneManager.newSceneCreated: UnityEditor.SceneManagement.StageNavigationManager.OnNewSceneCreated        :        1 samples, Peak.  54.1 us (1.0x), Avg.  54.1 us, Total. 54.10 us (0.0%)
[Performance] Application.InvokeFinishedLoadingProject                                                                        :        1 samples, Peak.  5.68 ms (1.0x), Avg.  5.68 ms, Total. 5.683 ms (0.0%)
[Performance] ProcessService.OnProjectLoaded                                                                                  :        1 samples, Peak.  35.9 us (1.0x), Avg.  35.9 us, Total. 35.90 us (0.0%)
[Performance] AssetDatabase.DeleteAssets                                                                                      :       55 samples, Peak.  55.9 ms (2.0x), Avg.  27.5 ms, Total. 1.514 s (7.9%)
[Performance] BuilderAssetModificationProcessor.OnWillDeleteAsset                                                             :       55 samples, Peak.   368 us (25.3x), Avg.  14.5 us, Total. 800.1 us (0.0%)
[Performance] TMP_FontAssetPostProcessor.OnWillDeleteAsset                                                                    :       55 samples, Peak.   144 us (7.9x), Avg.  18.2 us, Total. 999.9 us (0.0%)
[Performance] CancelSplashScreenOnAssetDelete.OnWillDeleteAsset                                                               :       55 samples, Peak.  83.3 us (17.0x), Avg.  4.90 us, Total. 269.4 us (0.0%)
[Performance] AssetWindowModificationProcessor.OnWillDeleteAsset                                                              :       55 samples, Peak.   126 us (16.6x), Avg.  7.59 us, Total. 417.6 us (0.0%)
[Performance] AssetDatabase.Refresh                                                                                           :        1 samples, Peak.   919 ms (1.0x), Avg.   919 ms, Total. 919.4 ms (4.8%)
[Performance] MaterialModificationProcessor.OnWillCreateAsset                                                                 :      304 samples, Peak.   224 us (21.7x), Avg.  10.3 us, Total. 3.145 ms (0.0%)
[Performance] BuilderAssetModificationProcessor.OnWillCreateAsset                                                             :      152 samples, Peak.   215 us (27.7x), Avg.  7.76 us, Total. 1.179 ms (0.0%)
[Performance] TextureImporter.Import                                                                                          :        6 samples, Peak.  4.57 ms (1.3x), Avg.  3.55 ms, Total. 21.27 ms (0.1%)
[Performance] BuilderAssetModificationProcessor.OnWillSaveAssets                                                              :      130 samples, Peak.   186 us (24.3x), Avg.  7.66 us, Total. 995.4 us (0.0%)
[Performance] TerrainModificationProcessor.OnWillSaveAssets                                                                   :      130 samples, Peak.   468 us (89.4x), Avg.  5.24 us, Total. 680.7 us (0.0%)
[Performance] ModelImporter.Import                                                                                            :       69 samples, Peak.  62.4 ms (3.4x), Avg.  18.3 ms, Total. 1.260 s (6.6%)
[Performance] FBXMaterialDescriptionPreprocessor.OnPreprocessMaterialDescription                                              :       64 samples, Peak.  5.11 ms (20.7x), Avg.   246 us, Total. 15.77 ms (0.1%)
[Performance] SketchupMaterialDescriptionPreprocessor.OnPreprocessMaterialDescription                                         :       64 samples, Peak.   370 us (35.4x), Avg.  10.5 us, Total. 669.5 us (0.0%)
[Performance] ThreeDSMaterialDescriptionPreprocessor.OnPreprocessMaterialDescription                                          :       64 samples, Peak.   356 us (42.3x), Avg.  8.41 us, Total. 538.0 us (0.0%)
[Performance] AutodeskInteractiveMaterialImport.OnPreprocessMaterialDescription                                               :       32 samples, Peak.  1.39 ms (30.3x), Avg.  45.7 us, Total. 1.464 ms (0.0%)
[Performance] FBXArnoldSurfaceMaterialDescriptionPreprocessor.OnPreprocessMaterialDescription                                 :       32 samples, Peak.   334 us (22.7x), Avg.  14.7 us, Total. 470.6 us (0.0%)
[Performance] PhysicalMaterial3DsMaxPreprocessor.OnPreprocessMaterialDescription                                              :       32 samples, Peak.   177 us (18.1x), Avg.  9.80 us, Total. 313.5 us (0.0%)
[Performance] ModelPostprocessor.OnPostprocessModel                                                                           :       69 samples, Peak.  3.97 ms (56.9x), Avg.  69.7 us, Total. 4.809 ms (0.0%)
[Performance] TreeAOImporter.OnPostprocessModel                                                                               :       69 samples, Peak.   725 us (42.7x), Avg.  17.0 us, Total. 1.170 ms (0.0%)
[Performance] SceneDataContainer.TransformHierarchyChangedSetParentCallback                                                   :     1263 samples, Peak.  19.8 us (26.6x), Avg.   744 ns, Total. 939.6 us (0.0%)
[Performance] SceneVisibilityState.IsFlagSetInParents                                                                         :     4536 samples, Peak.  13.3 us (45.3x), Avg.   293 ns, Total. 1.331 ms (0.0%)
[Performance] AssetDatabase.ImportAsset                                                                                       :       52 samples, Peak.   102 ms (1.9x), Avg.  52.2 ms, Total. 2.713 s (14.2%)
[Performance] EditorSceneManager.sceneOpening: UnityEditor.SceneVisibilityManager.EditorSceneManagerOnSceneOpening            :        1 samples, Peak.   132 us (1.0x), Avg.   132 us, Total. 132.3 us (0.0%)
[Performance] Inspector.InitOrRebuild                                                                                         :        1 samples, Peak.   471 us (1.0x), Avg.   471 us, Total. 470.6 us (0.0%)
[Performance] EditorSceneManager.sceneOpened: UnityEditor.SceneTemplate.SceneTemplateService.OnSceneOpened                    :        1 samples, Peak.   225 us (1.0x), Avg.   225 us, Total. 225.1 us (0.0%)
[Performance] EditorSceneManager.sceneOpened: UnityEditor.SceneVisibilityManager.EditorSceneManagerOnSceneOpened              :        1 samples, Peak.   108 us (1.0x), Avg.   108 us, Total. 107.5 us (0.0%)
[Performance] EditorSceneManager.sceneOpened: UnityEditor.SceneManagement.StageNavigationManager.OnSceneOpened                :        1 samples, Peak.  41.0 us (1.0x), Avg.  41.0 us, Total. 41.00 us (0.0%)
[Performance] EditorSceneManager.sceneSaving: UnityEditor.Rendering.VGWizard.OnSceneSaving                                    :        1 samples, Peak.   306 us (1.0x), Avg.   306 us, Total. 306.1 us (0.0%)
[Performance] EditorSceneManager.sceneSaving: UnityEditor.SceneTemplate.SceneTemplateService.OnSceneSaving                    :        1 samples, Peak.   136 us (1.0x), Avg.   136 us, Total. 136.2 us (0.0%)
[Performance] EditorSceneManager.sceneSaving: UnityEditor.SceneVisibilityManager.EditorSceneManagerOnSceneSaving              :        1 samples, Peak.  99.3 us (1.0x), Avg.  99.3 us, Total. 99.30 us (0.0%)
[Performance] EditorSceneManager.sceneSaved: UnityEditor.SceneTemplate.SceneTemplateService.OnSceneSaved                      :        1 samples, Peak.  27.6 ms (1.0x), Avg.  27.6 ms, Total. 27.61 ms (0.1%)
[Performance] EditorSceneManager.sceneSaved: UnityEditor.SceneVisibilityManager.EditorSceneManagerOnSceneSaved                :        1 samples, Peak.   102 us (1.0x), Avg.   102 us, Total. 102.0 us (0.0%)
[Performance] Light2DPostProcess.OnPostprocessSprites                                                                         :        4 samples, Peak.   738 us (3.3x), Avg.   221 us, Total. 884.3 us (0.0%)
[Performance] EditorApplication.quitting: Unity.Burst.Editor.BurstLoader.OnEditorApplicationQuitting                          :        1 samples, Peak.  26.5 us (1.0x), Avg.  26.5 us, Total. 26.50 us (0.0%)
[Performance] EditorApplication.quitting: callback in UnityEditor.TextCore.Text.EditorEventCallbacks                          :        1 samples, Peak.  7.06 ms (1.0x), Avg.  7.06 ms, Total. 7.058 ms (0.0%)
[Performance] Application.Shutdown.PauseProfilerSession                                                                       :        1 samples, Peak.  27.7 us (1.0x), Avg.  27.7 us, Total. 27.70 us (0.0%)
[Performance] Application.Shutdown.PauseAssetImportWorkers                                                                    :        1 samples, Peak.   132 us (1.0x), Avg.   132 us, Total. 132.2 us (0.0%)
[Performance] Application.Shutdown.SaveAssets                                                                                 :        1 samples, Peak.  77.2 ms (1.0x), Avg.  77.2 ms, Total. 77.24 ms (0.4%)
[Performance] Application.Shutdown.CleanupRenderPipeline                                                                      :        1 samples, Peak.  5.52 ms (1.0x), Avg.  5.52 ms, Total. 5.518 ms (0.0%)
[Performance] Application.Shutdown.StopPreloadManager                                                                         :        1 samples, Peak.  9.63 ms (1.0x), Avg.  9.63 ms, Total. 9.633 ms (0.1%)
[Performance] Application.Shutdown.DestroyWorld                                                                               :        1 samples, Peak.  1.50 ms (1.0x), Avg.  1.50 ms, Total. 1.502 ms (0.0%)
[Performance] Application.Shutdown.CleanupAfterLoad                                                                           :        1 samples, Peak.  99.5 ms (1.0x), Avg.  99.5 ms, Total. 99.49 ms (0.5%)
[Performance] Application.Shutdown.Progress                                                                                   :        1 samples, Peak.  6.30 us (1.0x), Avg.  6.30 us, Total. 6.300 us (0.0%)
[Performance] Application.Shutdown.GICleanupManagers                                                                          :        1 samples, Peak.  1.02 ms (1.0x), Avg.  1.02 ms, Total. 1.020 ms (0.0%)
[Performance] Application.Shutdown.MenuCleanupClass                                                                           :        1 samples, Peak.   188 us (1.0x), Avg.   188 us, Total. 187.7 us (0.0%)
[Performance] Application.Shutdown.ADBSaveStateBeforeShutdown                                                                 :        1 samples, Peak.  11.0 us (1.0x), Avg.  11.0 us, Total. 11.00 us (0.0%)
[Performance] Application.Shutdown.RemoteShutdown                                                                             :        1 samples, Peak.  1.00 us (1.0x), Avg.  1.00 us, Total. 1.000 us (0.0%)
[Performance] Application.Shutdown.CleanupVCProvider                                                                          :        1 samples, Peak.  11.8 us (1.0x), Avg.  11.8 us, Total. 11.80 us (0.0%)
[Performance] Application.Shutdown.InputShutdown                                                                              :        1 samples, Peak.   400 ns (1.0x), Avg.   400 ns, Total. 400.0 ns (0.0%)
[Performance] Application.Shutdown.GizmoManagerDestroy                                                                        :        1 samples, Peak.   950 us (1.0x), Avg.   950 us, Total. 950.1 us (0.0%)
[Performance] Application.Shutdown.ProfilerSession                                                                            :        1 samples, Peak.   174 us (1.0x), Avg.   174 us, Total. 173.6 us (0.0%)
[Performance] Application.Shutdown.ReleaseGfxWindowOnAllGUIViews                                                              :        1 samples, Peak.   400 ns (1.0x), Avg.   400 ns, Total. 400.0 ns (0.0%)
[Performance] Application.Shutdown.CleanupEngine                                                                              :        1 samples, Peak.   133 ms (1.0x), Avg.   133 ms, Total. 132.5 ms (0.7%)
[Performance] Application.Shutdown.CleanupAssetDatabase                                                                       :        1 samples, Peak.  7.56 ms (1.0x), Avg.  7.56 ms, Total. 7.563 ms (0.0%)
[Performance] Application.Shutdown.ScriptCompilationCleanUp                                                                   :        1 samples, Peak.  16.2 ms (1.0x), Avg.  16.2 ms, Total. 16.24 ms (0.1%)
[Performance] Application.Shutdown.DestroyJobSystem                                                                           :        1 samples, Peak.   118 us (1.0x), Avg.   118 us, Total. 117.8 us (0.0%)
[Performance] Application.Shutdown.CleanupPersistentManager                                                                   :        1 samples, Peak.  1.14 ms (1.0x), Avg.  1.14 ms, Total. 1.139 ms (0.0%)
[Performance] Application.Shutdown.CleanupAsyncReadManager                                                                    :        1 samples, Peak.   941 us (1.0x), Avg.   941 us, Total. 940.8 us (0.0%)
[Performance] Application.Shutdown.CleanupProgressBar                                                                         :        1 samples, Peak.   500 ns (1.0x), Avg.   500 ns, Total. 500.0 ns (0.0%)
[Performance] Application.Shutdown.CleanupMono                                                                                :        1 samples, Peak.  88.0 ms (1.0x), Avg.  88.0 ms, Total. 88.04 ms (0.5%)
[Performance] Application.Shutdown.CleanupStdConverters                                                                       :        1 samples, Peak.  8.30 us (1.0x), Avg.  8.30 us, Total. 8.300 us (0.0%)
[Performance] Application.Shutdown.UnloadAllPlatformSupportModuleNativeDlls                                                   :        1 samples, Peak.   500 ns (1.0x), Avg.   500 ns, Total. 500.0 ns (0.0%)
[Performance] Application.Shutdown.UnloadAllPlatformSupportNativeLibraries                                                    :        1 samples, Peak.   100 ns (1.0x), Avg.   100 ns, Total. 100.0 ns (0.0%)
[Performance] Application.Shutdown.CleanupAutoDocumentation                                                                   :        1 samples, Peak.   389 us (1.0x), Avg.   389 us, Total. 389.0 us (0.0%)
[Performance] Application.Shutdown.ShaderNameManagerDestroy                                                                   :        1 samples, Peak.  51.9 us (1.0x), Avg.  51.9 us, Total. 51.90 us (0.0%)
[Performance] Application.Shutdown.CleanupCacheServer                                                                         :        1 samples, Peak.   100 ns (1.0x), Avg.   100 ns, Total. 100.0 ns (0.0%)
[Performance] Application.Shutdown.Virtualization_Shutdown                                                                    :        1 samples, Peak.   400 ns (1.0x), Avg.   400 ns, Total. 400.0 ns (0.0%)
[Performance] Application.Shutdown.DevConnections                                                                             :        1 samples, Peak.   178 us (1.0x), Avg.   178 us, Total. 177.8 us (0.0%)
Exiting batchmode successfully now!
Exiting without the bug reporter. Application will terminate with return code 0