[Licensing::Module] Trying to connect to existing licensing client channel...
[Licensing::IpcConnector] Successfully connected to the License Client on channel: "LicenseClient-Admin" at "2026-10-06T12:52:11.3829719Z"
[Licensing::Client] Error: Code 1 while verifying Licensing Client signature (process Id: 29440, path: "C:/Program Files/Tuanjie Hub/TuanjieLicensingClient_V1/Tuanjie.Licensing.Client.exe")
[Licensing::Module] Error: LicensingClient has failed validation; ignoring
[Licensing::Client] Successfully send message: {"AuthorizationCheck":"Ewh6pC2rAO3vaA==","messageType":"HandshakeRequest","protocolVersion":"1.12","userAgent":"TuanjieEditor/2022.3.62t16 (Windows; U; Windows NT 10.0; zh)","externalCorrelationId":"4707212289518000623"} at 1791291131
[Licensing::Client] Successfully receive message: {"protocolVersion":"1.12","sessionId":"c235e7d183d04fe29d503589c0bba404","context":{"DeviceName":"DESKTOP-OI8J0E1","DeviceModel":"System Product Name (ASUS)","PhysicalMemoryMB":"16197","SystemLanguageISO":"zh","ProcessorCount":"16","ProcessorType":"12th Gen Intel(R) Core(TM) i5-12600KF","OperatingSystem":"Windows 10  (10.0.26200) 64bit","OperatingSystemNumeric":"1000","Legacy.MachineBinding1":"00326-10000-00000-AA348","Legacy.MachineBinding2":"00000_00_000000_00_04A82B_07_169210_C0.2","Legacy.MachineBinding4":"U3lzdGVtIFNlcmlhbCBOdW1iZXI=","Legacy.MachineBinding5":"08:bf:b8:02:a3:97","EnvironmentUser":"Admin","EnvironmentDomain":"DESKTOP-OI8J0E1","EnvironmentHostname":"DESKTOP-OI8J0E1"},"assemblyProductVersion":"1.14.0+af049b8","machineId":"r8zj1h9rGFu0pvwq0OhXvHgsGl4=","correlationId":"374b94492226de5c81bdac12b16ab30c","responseCode":200,"responseStatus":"Handshake successful","messageType":"HandshakeResponse"} at 1791291131
[Licensing::Client] Handshaking with LicensingClient:
  Version:                 1.14.0+af049b8
  Session Id:              c235e7d183d04fe29d503589c0bba404
  Correlation Id:          374b94492226de5c81bdac12b16ab30c
  External correlation Id: 4707212289518000623
  Machine Id:              r8zj1h9rGFu0pvwq0OhXvHgsGl4=
[Licensing::Module] Successfully connected to LicensingClient on channel: "LicenseClient-Admin" (connect: 0.00s, validation: 0.05s, handshake: 0.01s)
[Licensing::IpcConnector] Successfully connected to the License Notification on channel: "LicenseClient-Admin-notifications" at "2026-10-06T12:52:11.4451199Z"
[Licensing::Module] Error: Access token is unavailable; failed to update
[Licensing::Client] Successfully send message: {"AuthorizationCheck":"1Diumv9XC2j9dQ==","messageType":"UpdateLicenseRequest","AccessToken":"","OrgId":"","ProjectId":"","forceUpdateLicense":true} at 1791291131
[Licensing::Client] Successfully receive message: {"responseCode":200,"responseStatus":"Licenses updated.","messageType":"UpdateLicenseResponse","authorizationCheck":"1Diumv9XC2j9dS7n5rUgI9axoWDK"} at 1791291132
[Licensing::Client] Attempt to check time stamp (startTime: 1791291131, endTime: 1791291132)
[Licensing::Client] Successfully updated license
Built from 'tuanjie/1.10/staging' branch; Version is '2022.3.62t16 (ab17684acf1d) revision 11212648'; Using compiler version '192829333'; Build Type 'Release'
OS: 'Windows 11  (10.0.26200) 64bit Core' Language: 'zh' Physical Memory: 16197 MB
[Licensing::Client] Successfully send message: {"AuthorizationCheck":"Yq4zMFJXQ1T1dw==","messageType":"EntitlementDetailsRequest","entitlementIds":["com.unity.editor.legacy.pro","com.unity.editor.headless"],"packageEntitlementIds":[],"includeCustomData":false} at 1791291132
[Licensing::Client] Successfully receive message: {"entitlementGroups":[{"entitlementGroupId":"F4-NDMC-VS9D-37TA-8N5R-W7KD","entitlementGroupIdHash":"1afdcc1a4787d25df0a97a7f68d97f2d1957c7d6","productName":"Unity Personal","productType":"TuanjieEditor","licenseType":"ULF","expiration":1791553931000,"matchedEntitlements":[{"entitlementId":"com.unity.editor.headless","isPackage":false,"count":1}]}],"responseCode":200,"responseStatus":"Found 1 entitlement groups and 0 free entitlements matching requested entitlement ids","messageType":"EntitlementDetailsResponse","authorizationCheck":"Yq4zMFJXQ1T1d/qrajQayLESjgBL"} at 1791291132
[Licensing::Client] Attempt to check time stamp (startTime: 1791291132, endTime: 1791291132)
[Licensing::Client] Successfully resolved entitlement details
[Licensing::Module] Serial number assigned to: "F4-NDMC-VS9D-37TA-8N5R-XXXX"
BatchMode: 1, IsHumanControllingUs: 0, StartBugReporterOnCrash: 0, Is64bit: 1, IsPro: 0
[Licensing::Client] Successfully send message: {"AuthorizationCheck":"Yq4zMFJXQ1T1dw==","messageType":"EntitlementDetailsRequest","entitlementIds":["com.unity.editor.headless","com.unity.editor.ui"],"packageEntitlementIds":[],"includeCustomData":false} at 1791291132
[Licensing::Client] Successfully receive message: {"entitlementGroups":[{"entitlementGroupId":"F4-NDMC-VS9D-37TA-8N5R-W7KD","entitlementGroupIdHash":"1afdcc1a4787d25df0a97a7f68d97f2d1957c7d6","productName":"Unity Personal","productType":"TuanjieEditor","licenseType":"ULF","expiration":1791553931000,"matchedEntitlements":[{"entitlementId":"com.unity.editor.ui","isPackage":false,"count":1},{"entitlementId":"com.unity.editor.headless","isPackage":false,"count":1}]}],"responseCode":200,"responseStatus":"Found 1 entitlement groups and 0 free entitlements matching requested entitlement ids","messageType":"EntitlementDetailsResponse","authorizationCheck":"Yq4zMFJXQ1T1d/qrajQayLESjgBL"} at 1791291132
[Licensing::Client] Attempt to check time stamp (startTime: 1791291132, endTime: 1791291132)
[Licensing::Client] Successfully resolved entitlement details

COMMAND LINE ARGUMENTS:
C:\Program Files\Tuanjie\Hub\Editor\2022.3.62t16\Editor\Tuanjie.exe
-batchmode
-nographics
-quit
-projectPath
C:\Users\Admin\Documents\Codex\2026-10-06\unity-6-unity-emberward-3d-roguelite\outputs\StoneSignal
-executeMethod
Stage2Validation.Build
-logFile
C:\Users\Admin\Documents\Codex\2026-10-06\unity-6-unity-emberward-3d-roguelite\outputs\StoneSignal/stage2-build.log
Successfully changed project path to: C:\Users\Admin\Documents\Codex\2026-10-06\unity-6-unity-emberward-3d-roguelite\outputs\StoneSignal
C:/Users/Admin/Documents/Codex/2026-10-06/unity-6-unity-emberward-3d-roguelite/outputs/StoneSignal
[Memory] Configuration Parameters - Can be set up in boot.config
    "memorysetup-bucket-allocator-granularity=16"
    "memorysetup-bucket-allocator-bucket-count=8"
    "memorysetup-bucket-allocator-block-size=33554432"
    "memorysetup-bucket-allocator-block-count=8"
    "memorysetup-main-allocator-block-size=16777216"
    "memorysetup-thread-allocator-block-size=16777216"
    "memorysetup-gfx-main-allocator-block-size=16777216"
    "memorysetup-gfx-thread-allocator-block-size=16777216"
    "memorysetup-cache-allocator-block-size=4194304"
    "memorysetup-typetree-allocator-block-size=2097152"
    "memorysetup-profiler-bucket-allocator-granularity=16"
    "memorysetup-profiler-bucket-allocator-bucket-count=8"
    "memorysetup-profiler-bucket-allocator-block-size=33554432"
    "memorysetup-profiler-bucket-allocator-block-count=8"
    "memorysetup-profiler-allocator-block-size=16777216"
    "memorysetup-profiler-editor-allocator-block-size=1048576"
    "memorysetup-temp-allocator-size-main=16777216"
    "memorysetup-job-temp-allocator-block-size=2097152"
    "memorysetup-job-temp-allocator-block-size-background=1048576"
    "memorysetup-job-temp-allocator-reduction-small-platforms=262144"
    "memorysetup-allocator-temp-initial-block-size-main=262144"
    "memorysetup-allocator-temp-initial-block-size-worker=262144"
    "memorysetup-temp-allocator-size-gfx=262144"
    "memorysetup-temp-allocator-size-background-worker=32768"
    "memorysetup-temp-allocator-size-job-worker=262144"
    "memorysetup-temp-allocator-size-preload-manager=33554432"
    "memorysetup-temp-allocator-size-nav-mesh-worker=65536"
    "memorysetup-temp-allocator-size-audio-worker=65536"
    "memorysetup-temp-allocator-size-cloud-worker=32768"
    "memorysetup-temp-allocator-size-gi-baking-worker=262144"
    "memorysetup-temp-allocator-size-gfx=262144"
Player connection [31312]  Target information:

Player connection [31312]  * "[IP] 192.168.1.249 [Port] 55504 [Flags] 2 [Guid] 836535577 [EditorId] 836535577 [Version] 1048832 [Id] WindowsEditor(7,DESKTOP-OI8J0E1) [Debug] 1 [PackageName] WindowsEditor [ProjectName] Editor" 

Player connection [31312]  * "[IP] 169.254.89.148 [Port] 55504 [Flags] 2 [Guid] 836535577 [EditorId] 836535577 [Version] 1048832 [Id] WindowsEditor(7,DESKTOP-OI8J0E1) [Debug] 1 [PackageName] WindowsEditor [ProjectName] Editor" 

Player connection [31312]  * "[IP] 169.254.195.37 [Port] 55504 [Flags] 2 [Guid] 836535577 [EditorId] 836535577 [Version] 1048832 [Id] WindowsEditor(7,DESKTOP-OI8J0E1) [Debug] 1 [PackageName] WindowsEditor [ProjectName] Editor" 

Player connection [31312] Host joined multi-casting on [225.0.0.222:54997]...
Player connection [31312] Host joined alternative multi-casting on [225.0.0.222:34997]...
Input System module state changed to: Initialized.
AS: AutoStreaming module initializing.
[LiveLink] LiveLink library is loaded successfully. Initializing...
Begin write certificate to file.
Write certificate complete, return 1.
InitScreenManager.StartServer, cert is C:/Users/Admin/AppData/Roaming/Tuanjie/33852-rest-certificate.pem
Start HTTP server port 38000, HTTPS server port 38443.
[Package Manager] UpmClient::Connect -- Connected to IPC stream "Upm-33852" after 0.0 seconds.
[Licensing::Client] Successfully send message: {"AuthorizationCheck":"Yq4zMFJXQ1T1dw==","messageType":"EntitlementDetailsRequest","entitlementIds":["com.unity.editor.ui","com.unity.editor.headless","com.unity.editor.dark-skin","com.unity.editor.disable-splash-screen","com.unity.editor.legacy.embedded","com.unity.editor.legacy.pro","com.unity.editor.platforms.android","com.unity.editor.platforms.android.pro","com.unity.editor.platforms.ios","com.unity.editor.platforms.ios.pro","com.unity.editor.platforms.nintendo3ds","com.unity.editor.platforms.ps4","com.unity.editor.platforms.pzazz","com.unity.editor.platforms.uwp","com.unity.editor.platforms.uwp.pro","com.unity.editor.platforms.vita","com.unity.editor.platforms.xboxone","com.unity.editor.watermarks.disable","com.unity.editor.watermarks.edu","com.unity.editor.watermarks.prototyping","com.unity.editor.watermarks.trial","com.unity.editor.time-limited-license","com.unity.editor.internal-developer","com.unity.tiny","cn.tuanjie.hmirp","com.unity.editor.unity.compliant","com.unity.editor.platforms.minigame","com.unity.editor.watermarks.forcedisable","com.unity.editor.guid.encryption","com.unity.editor.open-harmony.analytics.disabled","com.unity.editor.mini-game.analytics.disabled","com.unity.editor.last.activation.date","com.unity.editor.unity.expiration.2d","com.unity.editor.unity.expiration.7d","com.unity.editor.playableads.watermark","com.unity.editor.android.analytics.enable","com.unity.editor.ios.analytics.enable"],"packageEntitlementIds":[],"includeCustomData":false} at 1791291132
[Licensing::Client] Successfully receive message: {"entitlementGroups":[{"entitlementGroupId":"F4-NDMC-VS9D-37TA-8N5R-W7KD","entitlementGroupIdHash":"1afdcc1a4787d25df0a97a7f68d97f2d1957c7d6","productName":"Unity Personal","productType":"TuanjieEditor","licenseType":"ULF","expiration":1791553931000,"matchedEntitlements":[{"entitlementId":"com.unity.editor.platforms.android","isPackage":false,"count":1},{"entitlementId":"com.unity.editor.platforms.uwp","isPackage":false,"count":1},{"entitlementId":"com.unity.editor.platforms.minigame","isPackage":false,"count":1},{"entitlementId":"com.unity.editor.platforms.ios","isPackage":false,"count":1},{"entitlementId":"com.unity.editor.guid.encryption","isPackage":false,"count":1},{"entitlementId":"com.unity.editor.ui","isPackage":false,"count":1},{"entitlementId":"com.unity.editor.headless","isPackage":false,"count":1},{"entitlementId":"com.unity.editor.unity.expiration.2d","isPackage":false,"count":1},{"entitlementId":"com.unity.editor.ios.analytics.enable","isPackage":false,"count":1},{"entitlementId":"com.unity.editor.android.analytics.enable","isPackage":false,"count":1},{"entitlementId":"com.unity.editor.watermarks.forcedisable","isPackage":false,"count":1},{"entitlementId":"com.unity.editor.last.activation.date","isPackage":false,"count":1},{"entitlementId":"com.unity.editor.unity.compliant","isPackage":false,"count":1},{"entitlementId":"com.unity.editor.mini-game.analytics.disabled","isPackage":false,"count":1},{"entitlementId":"com.unity.editor.time-limited-license","isPackage":false,"count":1}]}],"responseCode":200,"responseStatus":"Found 1 entitlement groups and 0 free entitlements matching requested entitlement ids","messageType":"EntitlementDetailsResponse","authorizationCheck":"Yq4zMFJXQ1T1d/qrajQayLESjgBL"} at 1791291132
[Licensing::Client] Attempt to check time stamp (startTime: 1791291132, endTime: 1791291132)
[Licensing::Client] Successfully resolved entitlement details
[Licensing::Client] Successfully send message: {"AuthorizationCheck":"Yq4zMFJXQ1T1dw==","messageType":"EntitlementDetailsRequest","entitlementIds":["com.unity.editor.allow-mix-usage","com.unity.editor.headless"],"packageEntitlementIds":[],"includeCustomData":false} at 1791291132
[Licensing::Client] Successfully receive message: {"entitlementGroups":[{"entitlementGroupId":"F4-NDMC-VS9D-37TA-8N5R-W7KD","entitlementGroupIdHash":"1afdcc1a4787d25df0a97a7f68d97f2d1957c7d6","productName":"Unity Personal","productType":"TuanjieEditor","licenseType":"ULF","expiration":1791553931000,"matchedEntitlements":[{"entitlementId":"com.unity.editor.headless","isPackage":false,"count":1}]}],"responseCode":200,"responseStatus":"Found 1 entitlement groups and 0 free entitlements matching requested entitlement ids","messageType":"EntitlementDetailsResponse","authorizationCheck":"Yq4zMFJXQ1T1d/qrajQayLESjgBL"} at 1791291132
[Licensing::Client] Attempt to check time stamp (startTime: 1791291132, endTime: 1791291132)
[Licensing::Client] Successfully resolved entitlement details
[Package Manager] Restoring resolved packages state from cache
[Licensing::Client] Successfully send message: {"AuthorizationCheck":"Yq4zMFJXQ1T1dw==","messageType":"EntitlementDetailsRequest","entitlementIds":[],"packageEntitlementIds":["com.unity.render-pipelines.universal","com.unity.ugui","com.unity.modules.audio","com.unity.modules.imgui","com.unity.modules.jsonserialize","com.unity.modules.physics","com.unity.modules.particlesystem","com.unity.modules.ui","com.unity.modules.imageconversion","com.unity.modules.screencapture","com.unity.mathematics","com.unity.burst","com.unity.modules.tuanjiegi","com.unity.render-pipelines.core","com.unity.shadergraph","com.unity.render-pipelines.universal-config","com.unity.searcher","com.unity.modules.terrain"],"includeCustomData":false} at 1791291132
[Licensing::Client] Successfully receive message: {"freeEntitlementIds":["com.unity.render-pipelines.universal","com.unity.ugui","com.unity.modules.audio","com.unity.modules.imgui","com.unity.modules.jsonserialize","com.unity.modules.physics","com.unity.modules.particlesystem","com.unity.modules.ui","com.unity.modules.imageconversion","com.unity.modules.screencapture","com.unity.mathematics","com.unity.burst","com.unity.modules.tuanjiegi","com.unity.render-pipelines.core","com.unity.shadergraph","com.unity.render-pipelines.universal-config","com.unity.searcher","com.unity.modules.terrain"],"responseCode":200,"responseStatus":"Found 0 entitlement groups and 18 free entitlements matching requested entitlement ids","messageType":"EntitlementDetailsResponse","authorizationCheck":"Yq4zMFJXQ1T1d/qrajQayLESjgBL"} at 1791291132
[Licensing::Client] Attempt to check time stamp (startTime: 1791291132, endTime: 1791291132)
[Licensing::Client] Successfully resolved entitlement details
[Package Manager] Registered 18 packages:
  Packages from [https://packages.tuanjie.cn]:
    com.unity.mathematics@1.3.2 (location: C:\Users\Admin\Documents\Codex\2026-10-06\unity-6-unity-emberward-3d-roguelite\outputs\StoneSignal\Library\PackageCache\com.unity.mathematics@1.3.2)
    com.unity.burst@1.8.30-t2 (location: C:\Users\Admin\Documents\Codex\2026-10-06\unity-6-unity-emberward-3d-roguelite\outputs\StoneSignal\Library\PackageCache\com.unity.burst@1.8.30-t2)
    com.unity.searcher@4.9.2 (location: C:\Users\Admin\Documents\Codex\2026-10-06\unity-6-unity-emberward-3d-roguelite\outputs\StoneSignal\Library\PackageCache\com.unity.searcher@4.9.2)
  Built-in packages:
    com.unity.render-pipelines.universal@14.2.0-t1 (location: C:\Users\Admin\Documents\Codex\2026-10-06\unity-6-unity-emberward-3d-roguelite\outputs\StoneSignal\Library\PackageCache\com.unity.render-pipelines.universal@14.2.0-t1)
    com.unity.ugui@1.0.0 (location: C:\Users\Admin\Documents\Codex\2026-10-06\unity-6-unity-emberward-3d-roguelite\outputs\StoneSignal\Library\PackageCache\com.unity.ugui@1.0.0)
    com.unity.modules.audio@1.0.0 (location: C:\Users\Admin\Documents\Codex\2026-10-06\unity-6-unity-emberward-3d-roguelite\outputs\StoneSignal\Library\PackageCache\com.unity.modules.audio@1.0.0)
    com.unity.modules.imgui@1.0.0 (location: C:\Users\Admin\Documents\Codex\2026-10-06\unity-6-unity-emberward-3d-roguelite\outputs\StoneSignal\Library\PackageCache\com.unity.modules.imgui@1.0.0)
    com.unity.modules.jsonserialize@1.0.0 (location: C:\Users\Admin\Documents\Codex\2026-10-06\unity-6-unity-emberward-3d-roguelite\outputs\StoneSignal\Library\PackageCache\com.unity.modules.jsonserialize@1.0.0)
    com.unity.modules.physics@1.0.0 (location: C:\Users\Admin\Documents\Codex\2026-10-06\unity-6-unity-emberward-3d-roguelite\outputs\StoneSignal\Library\PackageCache\com.unity.modules.physics@1.0.0)
    com.unity.modules.particlesystem@1.0.0 (location: C:\Users\Admin\Documents\Codex\2026-10-06\unity-6-unity-emberward-3d-roguelite\outputs\StoneSignal\Library\PackageCache\com.unity.modules.particlesystem@1.0.0)
    com.unity.modules.ui@1.0.0 (location: C:\Users\Admin\Documents\Codex\2026-10-06\unity-6-unity-emberward-3d-roguelite\outputs\StoneSignal\Library\PackageCache\com.unity.modules.ui@1.0.0)
    com.unity.modules.imageconversion@1.0.0 (location: C:\Users\Admin\Documents\Codex\2026-10-06\unity-6-unity-emberward-3d-roguelite\outputs\StoneSignal\Library\PackageCache\com.unity.modules.imageconversion@1.0.0)
    com.unity.modules.screencapture@1.0.0 (location: C:\Users\Admin\Documents\Codex\2026-10-06\unity-6-unity-emberward-3d-roguelite\outputs\StoneSignal\Library\PackageCache\com.unity.modules.screencapture@1.0.0)
    com.unity.modules.tuanjiegi@1.0.0 (location: C:\Users\Admin\Documents\Codex\2026-10-06\unity-6-unity-emberward-3d-roguelite\outputs\StoneSignal\Library\PackageCache\com.unity.modules.tuanjiegi@1.0.0)
    com.unity.render-pipelines.core@14.2.0-t1 (location: C:\Users\Admin\Documents\Codex\2026-10-06\unity-6-unity-emberward-3d-roguelite\outputs\StoneSignal\Library\PackageCache\com.unity.render-pipelines.core@14.2.0-t1)
    com.unity.shadergraph@14.2.0-t1 (location: C:\Users\Admin\Documents\Codex\2026-10-06\unity-6-unity-emberward-3d-roguelite\outputs\StoneSignal\Library\PackageCache\com.unity.shadergraph@14.2.0-t1)
    com.unity.render-pipelines.universal-config@14.2.0-t1 (location: C:\Users\Admin\Documents\Codex\2026-10-06\unity-6-unity-emberward-3d-roguelite\outputs\StoneSignal\Library\PackageCache\com.unity.render-pipelines.universal-config@14.2.0-t1)
    com.unity.modules.terrain@1.0.0 (location: C:\Users\Admin\Documents\Codex\2026-10-06\unity-6-unity-emberward-3d-roguelite\outputs\StoneSignal\Library\PackageCache\com.unity.modules.terrain@1.0.0)
[Subsystems] No new subsystems found in resolved package list.
Package Manager log level set to [2]
[Package Manager] Done registering packages in 0.13 seconds
[Package Manager] Done resolving packages in 1.20 seconds
[Package Manager] Registered 18 packages:
  Packages from [https://packages.tuanjie.cn]:
    com.unity.mathematics@1.3.2 (location: C:\Users\Admin\Documents\Codex\2026-10-06\unity-6-unity-emberward-3d-roguelite\outputs\StoneSignal\Library\PackageCache\com.unity.mathematics@1.3.2)
    com.unity.burst@1.8.30-t2 (location: C:\Users\Admin\Documents\Codex\2026-10-06\unity-6-unity-emberward-3d-roguelite\outputs\StoneSignal\Library\PackageCache\com.unity.burst@1.8.30-t2)
    com.unity.searcher@4.9.2 (location: C:\Users\Admin\Documents\Codex\2026-10-06\unity-6-unity-emberward-3d-roguelite\outputs\StoneSignal\Library\PackageCache\com.unity.searcher@4.9.2)
  Built-in packages:
    com.unity.render-pipelines.universal@14.2.0-t1 (location: C:\Users\Admin\Documents\Codex\2026-10-06\unity-6-unity-emberward-3d-roguelite\outputs\StoneSignal\Library\PackageCache\com.unity.render-pipelines.universal@14.2.0-t1)
    com.unity.ugui@1.0.0 (location: C:\Users\Admin\Documents\Codex\2026-10-06\unity-6-unity-emberward-3d-roguelite\outputs\StoneSignal\Library\PackageCache\com.unity.ugui@1.0.0)
    com.unity.modules.audio@1.0.0 (location: C:\Users\Admin\Documents\Codex\2026-10-06\unity-6-unity-emberward-3d-roguelite\outputs\StoneSignal\Library\PackageCache\com.unity.modules.audio@1.0.0)
    com.unity.modules.imgui@1.0.0 (location: C:\Users\Admin\Documents\Codex\2026-10-06\unity-6-unity-emberward-3d-roguelite\outputs\StoneSignal\Library\PackageCache\com.unity.modules.imgui@1.0.0)
    com.unity.modules.jsonserialize@1.0.0 (location: C:\Users\Admin\Documents\Codex\2026-10-06\unity-6-unity-emberward-3d-roguelite\outputs\StoneSignal\Library\PackageCache\com.unity.modules.jsonserialize@1.0.0)
    com.unity.modules.physics@1.0.0 (location: C:\Users\Admin\Documents\Codex\2026-10-06\unity-6-unity-emberward-3d-roguelite\outputs\StoneSignal\Library\PackageCache\com.unity.modules.physics@1.0.0)
    com.unity.modules.particlesystem@1.0.0 (location: C:\Users\Admin\Documents\Codex\2026-10-06\unity-6-unity-emberward-3d-roguelite\outputs\StoneSignal\Library\PackageCache\com.unity.modules.particlesystem@1.0.0)
    com.unity.modules.ui@1.0.0 (location: C:\Users\Admin\Documents\Codex\2026-10-06\unity-6-unity-emberward-3d-roguelite\outputs\StoneSignal\Library\PackageCache\com.unity.modules.ui@1.0.0)
    com.unity.modules.imageconversion@1.0.0 (location: C:\Users\Admin\Documents\Codex\2026-10-06\unity-6-unity-emberward-3d-roguelite\outputs\StoneSignal\Library\PackageCache\com.unity.modules.imageconversion@1.0.0)
    com.unity.modules.screencapture@1.0.0 (location: C:\Users\Admin\Documents\Codex\2026-10-06\unity-6-unity-emberward-3d-roguelite\outputs\StoneSignal\Library\PackageCache\com.unity.modules.screencapture@1.0.0)
    com.unity.modules.tuanjiegi@1.0.0 (location: C:\Users\Admin\Documents\Codex\2026-10-06\unity-6-unity-emberward-3d-roguelite\outputs\StoneSignal\Library\PackageCache\com.unity.modules.tuanjiegi@1.0.0)
    com.unity.render-pipelines.core@14.2.0-t1 (location: C:\Users\Admin\Documents\Codex\2026-10-06\unity-6-unity-emberward-3d-roguelite\outputs\StoneSignal\Library\PackageCache\com.unity.render-pipelines.core@14.2.0-t1)
    com.unity.shadergraph@14.2.0-t1 (location: C:\Users\Admin\Documents\Codex\2026-10-06\unity-6-unity-emberward-3d-roguelite\outputs\StoneSignal\Library\PackageCache\com.unity.shadergraph@14.2.0-t1)
    com.unity.render-pipelines.universal-config@14.2.0-t1 (location: C:\Users\Admin\Documents\Codex\2026-10-06\unity-6-unity-emberward-3d-roguelite\outputs\StoneSignal\Library\PackageCache\com.unity.render-pipelines.universal-config@14.2.0-t1)
    com.unity.modules.terrain@1.0.0 (location: C:\Users\Admin\Documents\Codex\2026-10-06\unity-6-unity-emberward-3d-roguelite\outputs\StoneSignal\Library\PackageCache\com.unity.modules.terrain@1.0.0)
[Subsystems] No new subsystems found in resolved package list.
[Package Manager] Done registering packages in 0.00 seconds
Refreshing native plugins compatible for Editor in 3.43 ms, found 0 plugins.
Preloading 0 native plugins for Editor in 0.00 ms.
Initialize engine version: 2022.3.62t16 (ab17684acf1d)
THR RenderingThread disabled!
[Subsystems] Discovering subsystems at path C:/Program Files/Tuanjie/Hub/Editor/2022.3.62t16/Editor/Data/Resources/UnitySubsystems
[Subsystems] Discovering subsystems at path C:/Users/Admin/Documents/Codex/2026-10-06/unity-6-unity-emberward-3d-roguelite/outputs/StoneSignal/Assets
Forcing GfxDevice: Null
GfxDevice: creating device client; threaded=0; jobified=0
CreateRealGfxDevice: 4NullGfxDevice:
    Version:  NULL 1.0 [1.0]
    Renderer: Null Device
    Vendor:   Unity Technologies
[Licensing::Client] Successfully send message: {"AuthorizationCheck":"Yq4zMFJXQ1T1cQ==","messageType":"EntitlementDetailsRequest","entitlementIds":["com.unity.editor.cluster","com.unity.editor.headless"],"packageEntitlementIds":[],"includeCustomData":false} at 1791291134
[Licensing::Client] Successfully receive message: {"entitlementGroups":[{"entitlementGroupId":"F4-NDMC-VS9D-37TA-8N5R-W7KD","entitlementGroupIdHash":"1afdcc1a4787d25df0a97a7f68d97f2d1957c7d6","productName":"Unity Personal","productType":"TuanjieEditor","licenseType":"ULF","expiration":1791553931000,"matchedEntitlements":[{"entitlementId":"com.unity.editor.headless","isPackage":false,"count":1}]}],"responseCode":200,"responseStatus":"Found 1 entitlement groups and 0 free entitlements matching requested entitlement ids","messageType":"EntitlementDetailsResponse","authorizationCheck":"Yq4zMFJXQ1T1cfqrajQayKtUOjBf"} at 1791291134
[Licensing::Client] Attempt to check time stamp (startTime: 1791291134, endTime: 1791291134)
[Licensing::Client] Successfully resolved entitlement details
Initialize mono
Mono path[0] = 'C:/Program Files/Tuanjie/Hub/Editor/2022.3.62t16/Editor/Data/Managed'
Mono path[1] = 'C:/Program Files/Tuanjie/Hub/Editor/2022.3.62t16/Editor/Data/MonoBleedingEdge/lib/mono/unityjit-win32'
Mono config path = 'C:/Program Files/Tuanjie/Hub/Editor/2022.3.62t16/Editor/Data/MonoBleedingEdge/etc'
Using monoOptions --debugger-agent=transport=dt_socket,embedding=1,server=y,suspend=n,address=0.0.0.0:56852
Using cacheserver namespaces - metadata:defaultmetadata, artifacts:defaultartifacts
Using cacheserver namespaces - metadata:defaultmetadata, artifacts:defaultartifacts
ImportWorker Server TCP listen port: 0
Begin MonoManager ReloadAssembly
Registering precompiled tuanjie dll's ...
Register platform support module: C:/Program Files/Tuanjie/Hub/Editor/2022.3.62t16/Editor/Data/PlaybackEngines/WebGLSupport/UnityEditor.WebGL.Extensions.dll
Register platform support module: C:/Program Files/Tuanjie/Hub/Editor/2022.3.62t16/Editor/Data/PlaybackEngines/WeixinMiniGameSupport/UnityEditor.WeixinMiniGame.Extensions.dll
Register platform support module: C:/Program Files/Tuanjie/Hub/Editor/2022.3.62t16/Editor/Data/PlaybackEngines/WindowsStandaloneSupport/UnityEditor.WindowsStandalone.Extensions.dll
Registered in 0.008630 seconds.
- Loaded All Assemblies, in  0.286 seconds
Native extension for WindowsStandalone target not found
Native extension for WeixinMiniGame target not found
Native extension for WebGL target not found
[Licensing::Client] Successfully send message: {"AuthorizationCheck":"Yq4zMFJXQ1T1cQ==","messageType":"EntitlementDetailsRequest","entitlementIds":["com.unity.editor.minigame.subplatform.wechat","com.unity.editor.headless"],"packageEntitlementIds":[],"includeCustomData":false} at 1791291134
[Licensing::Client] Successfully receive message: {"entitlementGroups":[{"entitlementGroupId":"F4-NDMC-VS9D-37TA-8N5R-W7KD","entitlementGroupIdHash":"1afdcc1a4787d25df0a97a7f68d97f2d1957c7d6","productName":"Unity Personal","productType":"TuanjieEditor","licenseType":"ULF","expiration":1791553931000,"matchedEntitlements":[{"entitlementId":"com.unity.editor.headless","isPackage":false,"count":1},{"entitlementId":"com.unity.editor.minigame.subplatform.wechat","isPackage":false,"count":1}]}],"responseCode":200,"responseStatus":"Found 1 entitlement groups and 0 free entitlements matching requested entitlement ids","messageType":"EntitlementDetailsResponse","authorizationCheck":"Yq4zMFJXQ1T1cfqrajQayKtUOjBf"} at 1791291134
[Licensing::Client] Attempt to check time stamp (startTime: 1791291134, endTime: 1791291134)
[Licensing::Client] Successfully resolved entitlement details
[Licensing::Client] Successfully send message: {"AuthorizationCheck":"Yq4zMFJXQ1T1cQ==","messageType":"EntitlementDetailsRequest","entitlementIds":["com.unity.editor.minigame.subplatform.douyin","com.unity.editor.headless"],"packageEntitlementIds":[],"includeCustomData":false} at 1791291134
[Licensing::Client] Successfully receive message: {"entitlementGroups":[{"entitlementGroupId":"F4-NDMC-VS9D-37TA-8N5R-W7KD","entitlementGroupIdHash":"1afdcc1a4787d25df0a97a7f68d97f2d1957c7d6","productName":"Unity Personal","productType":"TuanjieEditor","licenseType":"ULF","expiration":1791553931000,"matchedEntitlements":[{"entitlementId":"com.unity.editor.headless","isPackage":false,"count":1},{"entitlementId":"com.unity.editor.minigame.subplatform.douyin","isPackage":false,"count":1}]}],"responseCode":200,"responseStatus":"Found 1 entitlement groups and 0 free entitlements matching requested entitlement ids","messageType":"EntitlementDetailsResponse","authorizationCheck":"Yq4zMFJXQ1T1cfqrajQayKtUOjBf"} at 1791291134
[Licensing::Client] Attempt to check time stamp (startTime: 1791291134, endTime: 1791291134)
[Licensing::Client] Successfully resolved entitlement details
[Licensing::Client] Successfully send message: {"AuthorizationCheck":"Yq4zMFJXQ1T1cQ==","messageType":"EntitlementDetailsRequest","entitlementIds":["com.unity.editor.minigame.subplatform.xiaomi","com.unity.editor.headless"],"packageEntitlementIds":[],"includeCustomData":false} at 1791291134
[Licensing::Client] Successfully receive message: {"entitlementGroups":[{"entitlementGroupId":"F4-NDMC-VS9D-37TA-8N5R-W7KD","entitlementGroupIdHash":"1afdcc1a4787d25df0a97a7f68d97f2d1957c7d6","productName":"Unity Personal","productType":"TuanjieEditor","licenseType":"ULF","expiration":1791553931000,"matchedEntitlements":[{"entitlementId":"com.unity.editor.headless","isPackage":false,"count":1},{"entitlementId":"com.unity.editor.minigame.subplatform.xiaomi","isPackage":false,"count":1}]}],"responseCode":200,"responseStatus":"Found 1 entitlement groups and 0 free entitlements matching requested entitlement ids","messageType":"EntitlementDetailsResponse","authorizationCheck":"Yq4zMFJXQ1T1cfqrajQayKtUOjBf"} at 1791291134
[Licensing::Client] Attempt to check time stamp (startTime: 1791291134, endTime: 1791291134)
[Licensing::Client] Successfully resolved entitlement details
[Licensing::Client] Successfully send message: {"AuthorizationCheck":"Yq4zMFJXQ1T1cQ==","messageType":"EntitlementDetailsRequest","entitlementIds":["com.unity.editor.minigame.subplatform.kuaishou","com.unity.editor.headless"],"packageEntitlementIds":[],"includeCustomData":false} at 1791291134
[Licensing::Client] Successfully receive message: {"entitlementGroups":[{"entitlementGroupId":"F4-NDMC-VS9D-37TA-8N5R-W7KD","entitlementGroupIdHash":"1afdcc1a4787d25df0a97a7f68d97f2d1957c7d6","productName":"Unity Personal","productType":"TuanjieEditor","licenseType":"ULF","expiration":1791553931000,"matchedEntitlements":[{"entitlementId":"com.unity.editor.headless","isPackage":false,"count":1},{"entitlementId":"com.unity.editor.minigame.subplatform.kuaishou","isPackage":false,"count":1}]}],"responseCode":200,"responseStatus":"Found 1 entitlement groups and 0 free entitlements matching requested entitlement ids","messageType":"EntitlementDetailsResponse","authorizationCheck":"Yq4zMFJXQ1T1cfqrajQayKtUOjBf"} at 1791291134
[Licensing::Client] Attempt to check time stamp (startTime: 1791291134, endTime: 1791291134)
[Licensing::Client] Successfully resolved entitlement details
[Licensing::Client] Successfully send message: {"AuthorizationCheck":"Yq4zMFJXQ1T1cQ==","messageType":"EntitlementDetailsRequest","entitlementIds":["com.unity.editor.minigame.subplatform.taptap","com.unity.editor.headless"],"packageEntitlementIds":[],"includeCustomData":false} at 1791291134
[Licensing::Client] Successfully receive message: {"entitlementGroups":[{"entitlementGroupId":"F4-NDMC-VS9D-37TA-8N5R-W7KD","entitlementGroupIdHash":"1afdcc1a4787d25df0a97a7f68d97f2d1957c7d6","productName":"Unity Personal","productType":"TuanjieEditor","licenseType":"ULF","expiration":1791553931000,"matchedEntitlements":[{"entitlementId":"com.unity.editor.headless","isPackage":false,"count":1},{"entitlementId":"com.unity.editor.minigame.subplatform.taptap","isPackage":false,"count":1}]}],"responseCode":200,"responseStatus":"Found 1 entitlement groups and 0 free entitlements matching requested entitlement ids","messageType":"EntitlementDetailsResponse","authorizationCheck":"Yq4zMFJXQ1T1cfqrajQayKtUOjBf"} at 1791291134
[Licensing::Client] Attempt to check time stamp (startTime: 1791291134, endTime: 1791291134)
[Licensing::Client] Successfully resolved entitlement details
[Licensing::Client] Successfully send message: {"AuthorizationCheck":"Yq4zMFJXQ1T1cQ==","messageType":"EntitlementDetailsRequest","entitlementIds":["com.unity.editor.minigame.subplatform.metaapp233","com.unity.editor.headless"],"packageEntitlementIds":[],"includeCustomData":false} at 1791291134
[Licensing::Client] Successfully receive message: {"entitlementGroups":[{"entitlementGroupId":"F4-NDMC-VS9D-37TA-8N5R-W7KD","entitlementGroupIdHash":"1afdcc1a4787d25df0a97a7f68d97f2d1957c7d6","productName":"Unity Personal","productType":"TuanjieEditor","licenseType":"ULF","expiration":1791553931000,"matchedEntitlements":[{"entitlementId":"com.unity.editor.headless","isPackage":false,"count":1},{"entitlementId":"com.unity.editor.minigame.subplatform.metaapp233","isPackage":false,"count":1}]}],"responseCode":200,"responseStatus":"Found 1 entitlement groups and 0 free entitlements matching requested entitlement ids","messageType":"EntitlementDetailsResponse","authorizationCheck":"Yq4zMFJXQ1T1cfqrajQayKtUOjBf"} at 1791291134
[Licensing::Client] Attempt to check time stamp (startTime: 1791291134, endTime: 1791291134)
[Licensing::Client] Successfully resolved entitlement details
[Licensing::Client] Successfully send message: {"AuthorizationCheck":"Yq4zMFJXQ1T1cQ==","messageType":"EntitlementDetailsRequest","entitlementIds":["com.unity.editor.minigame.subplatform.minihost","com.unity.editor.headless"],"packageEntitlementIds":[],"includeCustomData":false} at 1791291134
[Licensing::Client] Successfully receive message: {"entitlementGroups":[{"entitlementGroupId":"F4-NDMC-VS9D-37TA-8N5R-W7KD","entitlementGroupIdHash":"1afdcc1a4787d25df0a97a7f68d97f2d1957c7d6","productName":"Unity Personal","productType":"TuanjieEditor","licenseType":"ULF","expiration":1791553931000,"matchedEntitlements":[{"entitlementId":"com.unity.editor.headless","isPackage":false,"count":1},{"entitlementId":"com.unity.editor.minigame.subplatform.minihost","isPackage":false,"count":1}]}],"responseCode":200,"responseStatus":"Found 1 entitlement groups and 0 free entitlements matching requested entitlement ids","messageType":"EntitlementDetailsResponse","authorizationCheck":"Yq4zMFJXQ1T1cfqrajQayKtUOjBf"} at 1791291134
[Licensing::Client] Attempt to check time stamp (startTime: 1791291134, endTime: 1791291134)
[Licensing::Client] Successfully resolved entitlement details
Mono: successfully reloaded assembly
- Finished resetting the current domain, in  0.385 seconds
Domain Reload Profiling: 669ms
	BeginReloadAssembly (84ms)
		ExecutionOrderSort (0ms)
		DisableScriptedObjects (0ms)
		BackupInstance (0ms)
		ReleaseScriptingObjects (0ms)
		CreateAndSetChildDomain (1ms)
	RebuildCommonClasses (26ms)
	RebuildNativeTypeToScriptingClass (9ms)
	initialDomainReloadingComplete (50ms)
	LoadAllAssembliesAndSetupDomain (115ms)
		LoadAssemblies (83ms)
		RebuildTransferFunctionScriptingTraits (0ms)
		AnalyzeDomain (113ms)
			TypeCache.Refresh (111ms)
				TypeCache.ScanAssembly (100ms)
			ScanForSourceGeneratedMonoScriptInfo (0ms)
			ResolveRequiredComponents (0ms)
	FinalizeReload (385ms)
		ReleaseScriptCaches (0ms)
		RebuildScriptCaches (0ms)
		SetupLoadedEditorAssemblies (345ms)
			LogAssemblyErrors (0ms)
			InitializePlatformSupportModulesInManaged (12ms)
			SetLoadedEditorAssemblies (4ms)
			RefreshPlugins (0ms)
			BeforeProcessingInitializeOnLoad (2ms)
			ProcessInitializeOnLoadAttributes (310ms)
			ProcessInitializeOnLoadMethodAttributes (17ms)
			AfterProcessingInitializeOnLoad (0ms)
			EditorAssembliesLoaded (0ms)
		ExecutionOrderSort2 (0ms)
		AwakeInstancesAfterBackupRestoration (0ms)
Application.AssetDatabase Initial Refresh Start
[ScriptCompilation] Requested script compilation because: Assetdatabase observed changes in script compilation related files
Starting: C:\Program Files\Tuanjie\Hub\Editor\2022.3.62t16\Editor\Data\bee_backend.exe --dont-print-to-structured-log --ipc --defer-dag-verification --dagfile="Library/Bee/1900b0aE.dag" --continue-on-failure --profile="Library/Bee/backend1.traceevents" ScriptAssemblies
WorkingDir: C:/Users/Admin/Documents/Codex/2026-10-06/unity-6-unity-emberward-3d-roguelite/outputs/StoneSignal
DisplayProgressbar: Compiling Scripts
ExitCode: 0 Duration: 1s528ms
[226/366    0s] WriteResponseFile Library/Bee/artifacts/rsp/4747638433968585886.rsp
[294/366    0s] ILPP-Configuration Library/ilpp-configuration.nevergeneratedoutput
[358/366    1s] Csc Library/Bee/artifacts/1900b0aE.dag/Assembly-CSharp.dll (+2 others)
[359/366    0s] Csc Library/Bee/artifacts/1900b0aE.dag/Assembly-CSharp-Editor.dll (+2 others)
[360/366    0s] ILPostProcess Library/Bee/artifacts/1900b0aE.dag/post-processed/Assembly-CSharp.dll (+pdb)
Processing assembly Library/Bee/artifacts/1900b0aE.dag/Assembly-CSharp.dll, with 141 defines and 207 references

processors: zzzUnity.Burst.CodeGen.BurstILPostProcessor

running zzzUnity.Burst.CodeGen.BurstILPostProcessor
[361/366    0s] ILPostProcess Library/Bee/artifacts/1900b0aE.dag/post-processed/Assembly-CSharp-Editor.dll (+pdb)
Processing assembly Library/Bee/artifacts/1900b0aE.dag/Assembly-CSharp-Editor.dll, with 139 defines and 245 references

processors: zzzUnity.Burst.CodeGen.BurstILPostProcessor

running zzzUnity.Burst.CodeGen.BurstILPostProcessor
[362/366    0s] CopyFiles Library/ScriptAssemblies/Assembly-CSharp.pdb
[363/366    0s] CopyFiles Library/ScriptAssemblies/Assembly-CSharp-Editor.pdb
[364/366    0s] CopyFiles Library/ScriptAssemblies/Assembly-CSharp.dll
[365/366    0s] CopyFiles Library/ScriptAssemblies/Assembly-CSharp-Editor.dll
*** Tundra build success (1.50 seconds), 10 items updated, 366 evaluated
AssetDatabase: script compilation time: 1.988238s
Begin MonoManager ReloadAssembly
- Loaded All Assemblies, in  0.585 seconds
Refreshing native plugins compatible for Editor in 2.70 ms, found 0 plugins.
Preloading 0 native plugins for Editor in 0.00 ms.
Start importing Assets/Game/Scripts/UI/GameUI.cs using Guid(16981c47d0dc89f4dacff15d31862688) Importer(Primary)  -> (artifact id: 'b017b61e94473f7336a071b6e0e4c654') in 0.006412 seconds
Start importing Assets/Game/Scripts/Diagnostics/PrototypeSmokeTest.cs using Guid(f9556b087522f3241aa35ca742837920) Importer(Primary)  -> (artifact id: '627b64b9fcc638508d4c114539b80ee8') in 0.001369 seconds
Start importing Assets/Game/Editor/Stage2Validation.cs using Guid(8d720cb7b12385443a98091135f73b35) Importer(Primary)  -> (artifact id: '2e4d0ac37e9744172f66d74c706b2b4d') in 0.001249 seconds
Refreshing native plugins compatible for Editor in 1.93 ms, found 0 plugins.
Native extension for WindowsStandalone target not found
Native extension for WeixinMiniGame target not found
Native extension for WebGL target not found
Mono: successfully reloaded assembly
- Finished resetting the current domain, in  1.632 seconds
Domain Reload Profiling: 2216ms
	BeginReloadAssembly (113ms)
		ExecutionOrderSort (0ms)
		DisableScriptedObjects (4ms)
		BackupInstance (0ms)
		ReleaseScriptingObjects (0ms)
		CreateAndSetChildDomain (20ms)
	RebuildCommonClasses (26ms)
	RebuildNativeTypeToScriptingClass (9ms)
	initialDomainReloadingComplete (22ms)
	LoadAllAssembliesAndSetupDomain (412ms)
		LoadAssemblies (421ms)
		RebuildTransferFunctionScriptingTraits (0ms)
		AnalyzeDomain (55ms)
			TypeCache.Refresh (40ms)
				TypeCache.ScanAssembly (35ms)
			ScanForSourceGeneratedMonoScriptInfo (8ms)
			ResolveRequiredComponents (6ms)
	FinalizeReload (1633ms)
		ReleaseScriptCaches (0ms)
		RebuildScriptCaches (0ms)
		SetupLoadedEditorAssemblies (1479ms)
			LogAssemblyErrors (0ms)
			InitializePlatformSupportModulesInManaged (6ms)
			SetLoadedEditorAssemblies (2ms)
			RefreshPlugins (0ms)
			BeforeProcessingInitializeOnLoad (41ms)
			ProcessInitializeOnLoadAttributes (1329ms)
			ProcessInitializeOnLoadMethodAttributes (96ms)
			AfterProcessingInitializeOnLoad (6ms)
			EditorAssembliesLoaded (0ms)
		ExecutionOrderSort2 (0ms)
		AwakeInstancesAfterBackupRestoration (13ms)
Start importing Assets/Game/ScriptableObjects/Rewards/AddBlock.asset using Guid(50786a3f786343f88050c1c55456829a) Importer(Primary)  -> (artifact id: 'f5827d426a9c158e8947cdbeb652a381') in 0.003770 seconds
Start importing Assets/Game/ScriptableObjects/Rewards/WaveHeal.asset using Guid(e2dea71c5afb47e286d0839ebf85dbf7) Importer(Primary)  -> (artifact id: '58ea14a51933c2d3c185430d71683720') in 0.001811 seconds
Start importing Assets/Game/ScriptableObjects/Rewards/BonusSlot.asset using Guid(13b7f9c384864fc596ad0f9fcca1edef) Importer(Primary)  -> (artifact id: '0c8c8662a9c2f79d51e44ccc236122f3') in 0.001824 seconds
Start importing Assets/Game/ScriptableObjects/Rewards/WaveGold.asset using Guid(15276d6992d54e8383f8737c8dc8001c) Importer(Primary)  -> (artifact id: '1f8cf9df4b0539e63511ce9fa9322521') in 0.001776 seconds
Start importing Assets/Game/ScriptableObjects/Rewards/KillGold.asset using Guid(c623a463fcb347af920398f15cf27d22) Importer(Primary)  -> (artifact id: '69ed8f388e6fc024e480e89304e91b90') in 0.001827 seconds
Start importing Assets/Game/ScriptableObjects/Rewards/AllRange.asset using Guid(77105523e08948b1854ed9e49d1109e5) Importer(Primary)  -> (artifact id: 'ddcb9d19533f679aad6555aeba9cbd6e') in 0.001896 seconds
Start importing Assets/Game/ScriptableObjects/Rewards/PathSlow.asset using Guid(db4044db2343456c8c49872453a3c5bd) Importer(Primary)  -> (artifact id: 'b3eb1792dc82f9936b4f6dcc65ce5ee9') in 0.001662 seconds
Start importing Assets/Game/ScriptableObjects/Rewards/TowerDiscount.asset using Guid(7c9c7497f0ed4c5f92093575d2e78c96) Importer(Primary)  -> (artifact id: 'ba8e41790993449fd954757fd4f90d8a') in 0.002237 seconds
Start importing Assets/Game/ScriptableObjects/Rewards/NextDraw.asset using Guid(8d080461776c4a85aea57f47838434ed) Importer(Primary)  -> (artifact id: '160fb227bf0f1d29a3400d9868490d0b') in 0.001934 seconds
Refreshing native plugins compatible for Editor in 2.71 ms, found 0 plugins.
Preloading 0 native plugins for Editor in 0.00 ms.
Asset Pipeline Refresh (id=d5c09705cc8d8f146bd3d4f35968cca5): Total: 5.341 seconds - Initiated by InitialRefreshV2(ForceSynchronousImport)
	Summary:
		Imports: total=7 (actual=3, local cache=4, cache server=0)
		Asset DB Process Time: managed=2 ms, native=536 ms
		Asset DB Callback time: managed=520 ms, native=8 ms
		Scripting: domain reloads=1, domain reload time=2255 ms, compile time=1995 ms, other=21 ms
		Project Asset Count: scripts=2815, non-scripts=1239
		Asset File Changes: new=0, changed=12, moved=0, deleted=1
		Scan Filter Count: 0
		OnDemandAssets Count:0
	InvokeBeforeRefreshCallbacks: 0.578ms
	ApplyChangesToAssetFolders: 0.023ms
	Scan: 41.393ms
	OnSourceAssetsModified: 2.111ms
	UnregisterDeletedAssets: 0.004ms
	GetAllGuidsForCategorization: 0.479ms
	CategorizeAssets: 66.834ms
	ImportOutOfDateAssets: 1687.513ms (-352.487ms without children)
		ImportManagerImport: 34.366ms (3.268ms without children)
			ImportInProcess: 31.066ms
			UpdateCategorizedAssets: 0.032ms
		CompileScripts: 1994.912ms
		ReloadNativeAssets: 0.023ms
		UnloadImportedAssets: 8.316ms
		ReloadImportedAssets: 0.649ms
		EnsureUptoDateAssetsAreRegisteredWithGuidPM: 1.096ms
		InitializingProgressBar: 0.011ms
		PostProcessAllAssetNotificationsAddChangedAssets: 0.001ms
		OnDemandSchedulerStart: 0.625ms
	PostProcessAllAssets: 521.090ms
	Hotreload: 5.985ms
	GatherAllCurrentPrimaryArtifactRevisions: 0.001ms
	UnloadStreamsBegin: 0.190ms
	PersistCurrentRevisions: 0.278ms
	UnloadStreamsEnd: 0.017ms
	GenerateScriptTypeHashes: 7.426ms
	Untracked: 3014.413ms
Application.AssetDatabase Initial Refresh End
Shader Hidden/ProbeVolume/VoxelizeScene is not supported: GPU does not support conservative rasterization
Shader Hidden/ProbeVolume/VoxelizeScene is not supported: GPU does not support conservative rasterization
Scanning for USB devices : 2.339ms
Initializing Tuanjie extensions:
Start importing Library/Resources using Guid(d4967169c0f299e44a365e92df0d9541) Importer(Primary)  -> (artifact id: '0f603a5f5c6cc29ab98f66a867323cb4') in 0.000698 seconds
Refreshing native plugins compatible for Editor in 2.02 ms, found 0 plugins.
Preloading 0 native plugins for Editor in 0.00 ms.
Asset Pipeline Refresh (id=e4b4a1b33640e05469ed669e343bc173): Total: 0.036 seconds - Initiated by StopAssetImportingV2(NoUpdateAssetOptions)
[Licensing::Client] Successfully send message: {"AuthorizationCheck":"Enep5DpYnlgSnQ==","messageType":"ProductNameRequest","Value":"com.Independent-Prototype.StoneSignal"} at 1791291140
[Licensing::Client] Successfully receive message: {"responseCode":200,"messageType":"ProductNameResponse"} at 1791291140
[Licensing::Client] Error: ProductNameResponse could not be deserialized
[MODES] ModeService[none].Initialize
[MODES] ModeService[none].LoadModes
[MODES] Loading mode Default (0) for mode-current-id-StoneSignal
Unloading 2 Unused Serialized files (Serialized files now loaded: 0)
Unloading 956 unused Assets / (10.6 MB). Loaded Objects now: 2860.
Memory consumption went from 130.8 MB to 120.2 MB.
Total: 6.200400 ms (FindLiveObjects: 0.165900 ms CreateObjectMapping: 0.094700 ms MarkObjects: 2.870800 ms  DeleteObjects: 3.066000 ms)

Opening scene 'Assets/Game/Scenes/Game.unity'
Unloading 49 Unused Serialized files (Serialized files now loaded: 0)
Loaded scene 'Assets/Game/Scenes/Game.unity'
	Deserialize:            2.287 ms
	Integration:            104.132 ms
	Integration of assets:  0.002 ms
	Thread Wait Time:       0.012 ms
	Total Operation Time:   106.432 ms
Unloading 1 unused Assets / (0.5 KB). Loaded Objects now: 2923.
Memory consumption went from 116.1 MB to 116.1 MB.
Total: 3.123900 ms (FindLiveObjects: 0.123900 ms CreateObjectMapping: 0.075500 ms MarkObjects: 2.878400 ms  DeleteObjects: 0.044500 ms)

MILESTONE 1 PASS: grid coordinates, endpoints, A*, disconnected route, detour
UnityEngine.StackTraceUtility:ExtractStackTrace ()
UnityEngine.DebugLogHandler:LogFormat (UnityEngine.LogType,UnityEngine.Object,string,object[])
UnityEngine.Logger:Log (UnityEngine.LogType,object)
UnityEngine.Debug:Log (object)
PrototypeChecks:GridChecks () (at Assets/Game/Editor/PrototypeChecks.cs:174)
PrototypeChecks:ShapeChecks () (at Assets/Game/Editor/PrototypeChecks.cs:145)
PrototypeChecks:PlacementChecks () (at Assets/Game/Editor/PrototypeChecks.cs:121)
PrototypeChecks:EnemyChecks () (at Assets/Game/Editor/PrototypeChecks.cs:93)
PrototypeChecks:CombatChecks () (at Assets/Game/Editor/PrototypeChecks.cs:70)
PrototypeChecks:EconomyChecks () (at Assets/Game/Editor/PrototypeChecks.cs:41)
PrototypeChecks:RewardChecks () (at Assets/Game/Editor/PrototypeChecks.cs:10)
PrototypeBuild:Checks () (at Assets/Game/Editor/PrototypeBuild.cs:115)
Stage2Validation:Run () (at Assets/Game/Editor/Stage2Validation.cs:32)
Stage2Validation:Build () (at Assets/Game/Editor/Stage2Validation.cs:67)

(Filename: Assets/Game/Editor/PrototypeChecks.cs Line: 174)

MILESTONE 2 PASS: normalized rotation, four turns, immutable shape cells
UnityEngine.StackTraceUtility:ExtractStackTrace ()
UnityEngine.DebugLogHandler:LogFormat (UnityEngine.LogType,UnityEngine.Object,string,object[])
UnityEngine.Logger:Log (UnityEngine.LogType,object)
UnityEngine.Debug:Log (object)
PrototypeChecks:ShapeChecks () (at Assets/Game/Editor/PrototypeChecks.cs:155)
PrototypeChecks:PlacementChecks () (at Assets/Game/Editor/PrototypeChecks.cs:121)
PrototypeChecks:EnemyChecks () (at Assets/Game/Editor/PrototypeChecks.cs:93)
PrototypeChecks:CombatChecks () (at Assets/Game/Editor/PrototypeChecks.cs:70)
PrototypeChecks:EconomyChecks () (at Assets/Game/Editor/PrototypeChecks.cs:41)
PrototypeChecks:RewardChecks () (at Assets/Game/Editor/PrototypeChecks.cs:10)
PrototypeBuild:Checks () (at Assets/Game/Editor/PrototypeBuild.cs:115)
Stage2Validation:Run () (at Assets/Game/Editor/Stage2Validation.cs:32)
Stage2Validation:Build () (at Assets/Game/Editor/Stage2Validation.cs:67)

(Filename: Assets/Game/Editor/PrototypeChecks.cs Line: 155)

MILESTONE 3 PASS: last gap protected, no live mutation, tower validation, route updates
UnityEngine.StackTraceUtility:ExtractStackTrace ()
UnityEngine.DebugLogHandler:LogFormat (UnityEngine.LogType,UnityEngine.Object,string,object[])
UnityEngine.Logger:Log (UnityEngine.LogType,object)
UnityEngine.Debug:Log (object)
PrototypeChecks:PlacementChecks () (at Assets/Game/Editor/PrototypeChecks.cs:139)
PrototypeChecks:EnemyChecks () (at Assets/Game/Editor/PrototypeChecks.cs:93)
PrototypeChecks:CombatChecks () (at Assets/Game/Editor/PrototypeChecks.cs:70)
PrototypeChecks:EconomyChecks () (at Assets/Game/Editor/PrototypeChecks.cs:41)
PrototypeChecks:RewardChecks () (at Assets/Game/Editor/PrototypeChecks.cs:10)
PrototypeBuild:Checks () (at Assets/Game/Editor/PrototypeBuild.cs:115)
Stage2Validation:Run () (at Assets/Game/Editor/Stage2Validation.cs:32)
Stage2Validation:Build () (at Assets/Game/Editor/Stage2Validation.cs:67)

(Filename: Assets/Game/Editor/PrototypeChecks.cs Line: 139)

MILESTONE 4 PASS: continuous dynamic repath, occupied edge protection, goal resolution
UnityEngine.StackTraceUtility:ExtractStackTrace ()
UnityEngine.DebugLogHandler:LogFormat (UnityEngine.LogType,UnityEngine.Object,string,object[])
UnityEngine.Logger:Log (UnityEngine.LogType,object)
UnityEngine.Debug:Log (object)
PrototypeChecks:EnemyChecks () (at Assets/Game/Editor/PrototypeChecks.cs:115)
PrototypeChecks:CombatChecks () (at Assets/Game/Editor/PrototypeChecks.cs:70)
PrototypeChecks:EconomyChecks () (at Assets/Game/Editor/PrototypeChecks.cs:41)
PrototypeChecks:RewardChecks () (at Assets/Game/Editor/PrototypeChecks.cs:10)
PrototypeBuild:Checks () (at Assets/Game/Editor/PrototypeBuild.cs:115)
Stage2Validation:Run () (at Assets/Game/Editor/Stage2Validation.cs:32)
Stage2Validation:Build () (at Assets/Game/Editor/Stage2Validation.cs:67)

(Filename: Assets/Game/Editor/PrototypeChecks.cs Line: 115)

MILESTONE 5 PASS: frontmost target, single target damage, AOE and registry removal
UnityEngine.StackTraceUtility:ExtractStackTrace ()
UnityEngine.DebugLogHandler:LogFormat (UnityEngine.LogType,UnityEngine.Object,string,object[])
UnityEngine.Logger:Log (UnityEngine.LogType,object)
UnityEngine.Debug:Log (object)
PrototypeChecks:CombatChecks () (at Assets/Game/Editor/PrototypeChecks.cs:87)
PrototypeChecks:EconomyChecks () (at Assets/Game/Editor/PrototypeChecks.cs:41)
PrototypeChecks:RewardChecks () (at Assets/Game/Editor/PrototypeChecks.cs:10)
PrototypeBuild:Checks () (at Assets/Game/Editor/PrototypeBuild.cs:115)
Stage2Validation:Run () (at Assets/Game/Editor/Stage2Validation.cs:32)
Stage2Validation:Build () (at Assets/Game/Editor/Stage2Validation.cs:67)

(Filename: Assets/Game/Editor/PrototypeChecks.cs Line: 87)

MILESTONE 6 PASS: gold, base HP, atomic spend, state cycle, GameOver; live waves verified in final smoke test
UnityEngine.StackTraceUtility:ExtractStackTrace ()
UnityEngine.DebugLogHandler:LogFormat (UnityEngine.LogType,UnityEngine.Object,string,object[])
UnityEngine.Logger:Log (UnityEngine.LogType,object)
UnityEngine.Debug:Log (object)
PrototypeChecks:EconomyChecks () (at Assets/Game/Editor/PrototypeChecks.cs:64)
PrototypeChecks:RewardChecks () (at Assets/Game/Editor/PrototypeChecks.cs:10)
PrototypeBuild:Checks () (at Assets/Game/Editor/PrototypeBuild.cs:115)
Stage2Validation:Run () (at Assets/Game/Editor/Stage2Validation.cs:32)
Stage2Validation:Build () (at Assets/Game/Editor/Stage2Validation.cs:67)

(Filename: Assets/Game/Editor/PrototypeChecks.cs Line: 64)

MILESTONE 7 PASS: all six reward effects, single-wave gold bonus; choice gating verified in smoke test
UnityEngine.StackTraceUtility:ExtractStackTrace ()
UnityEngine.DebugLogHandler:LogFormat (UnityEngine.LogType,UnityEngine.Object,string,object[])
UnityEngine.Logger:Log (UnityEngine.LogType,object)
UnityEngine.Debug:Log (object)
PrototypeChecks:RewardChecks () (at Assets/Game/Editor/PrototypeChecks.cs:35)
PrototypeBuild:Checks () (at Assets/Game/Editor/PrototypeBuild.cs:115)
Stage2Validation:Run () (at Assets/Game/Editor/Stage2Validation.cs:32)
Stage2Validation:Build () (at Assets/Game/Editor/Stage2Validation.cs:67)

(Filename: Assets/Game/Editor/PrototypeChecks.cs Line: 35)

SCENE REFERENCES PASS
UnityEngine.StackTraceUtility:ExtractStackTrace ()
UnityEngine.DebugLogHandler:LogFormat (UnityEngine.LogType,UnityEngine.Object,string,object[])
UnityEngine.Logger:Log (UnityEngine.LogType,object)
UnityEngine.Debug:Log (object)
PrototypeBuild:ValidateScene () (at Assets/Game/Editor/PrototypeBuild.cs:129)
PrototypeBuild:Checks () (at Assets/Game/Editor/PrototypeBuild.cs:115)
Stage2Validation:Run () (at Assets/Game/Editor/Stage2Validation.cs:32)
Stage2Validation:Build () (at Assets/Game/Editor/Stage2Validation.cs:67)

(Filename: Assets/Game/Editor/PrototypeBuild.cs Line: 129)

Destroy may not be called from edit mode! Use DestroyImmediate instead.
Destroying an object in edit mode destroys it permanently.
UnityEngine.StackTraceUtility:ExtractStackTrace ()
UnityEngine.Object:Destroy (UnityEngine.Object)
StoneSignal.BlockPlacementManager:RebuildGhost () (at Assets/Game/Scripts/Blocks/BlockPlacementManager.cs:111)
StoneSignal.BlockPlacementManager:SelectCard (int) (at Assets/Game/Scripts/Blocks/BlockPlacementManager.cs:40)
Stage2Validation:CheckGameplay (StoneSignal.GameConfig) (at Assets/Game/Editor/Stage2Validation.cs:55)
Stage2Validation:Run () (at Assets/Game/Editor/Stage2Validation.cs:33)
Stage2Validation:Build () (at Assets/Game/Editor/Stage2Validation.cs:67)

[Assets/Game/Scripts/Blocks/BlockPlacementManager.cs line 111]

Destroy may not be called from edit mode! Use DestroyImmediate instead.
Destroying an object in edit mode destroys it permanently.
UnityEngine.StackTraceUtility:ExtractStackTrace ()
UnityEngine.Object:Destroy (UnityEngine.Object)
StoneSignal.BlockPlacementManager:RebuildGhost () (at Assets/Game/Scripts/Blocks/BlockPlacementManager.cs:111)
StoneSignal.BlockPlacementManager:SelectCard (int) (at Assets/Game/Scripts/Blocks/BlockPlacementManager.cs:40)
Stage2Validation:CheckGameplay (StoneSignal.GameConfig) (at Assets/Game/Editor/Stage2Validation.cs:55)
Stage2Validation:Run () (at Assets/Game/Editor/Stage2Validation.cs:33)
Stage2Validation:Build () (at Assets/Game/Editor/Stage2Validation.cs:67)

[Assets/Game/Scripts/Blocks/BlockPlacementManager.cs line 111]

Destroy may not be called from edit mode! Use DestroyImmediate instead.
Destroying an object in edit mode destroys it permanently.
UnityEngine.StackTraceUtility:ExtractStackTrace ()
UnityEngine.Object:Destroy (UnityEngine.Object)
StoneSignal.BlockPlacementManager:RebuildGhost () (at Assets/Game/Scripts/Blocks/BlockPlacementManager.cs:111)
StoneSignal.BlockPlacementManager:SelectCard (int) (at Assets/Game/Scripts/Blocks/BlockPlacementManager.cs:40)
Stage2Validation:CheckGameplay (StoneSignal.GameConfig) (at Assets/Game/Editor/Stage2Validation.cs:55)
Stage2Validation:Run () (at Assets/Game/Editor/Stage2Validation.cs:33)
Stage2Validation:Build () (at Assets/Game/Editor/Stage2Validation.cs:67)

[Assets/Game/Scripts/Blocks/BlockPlacementManager.cs line 111]

Destroy may not be called from edit mode! Use DestroyImmediate instead.
Destroying an object in edit mode destroys it permanently.
UnityEngine.StackTraceUtility:ExtractStackTrace ()
UnityEngine.Object:Destroy (UnityEngine.Object)
StoneSignal.BlockPlacementManager:RebuildGhost () (at Assets/Game/Scripts/Blocks/BlockPlacementManager.cs:111)
StoneSignal.BlockPlacementManager:SelectCard (int) (at Assets/Game/Scripts/Blocks/BlockPlacementManager.cs:40)
Stage2Validation:CheckGameplay (StoneSignal.GameConfig) (at Assets/Game/Editor/Stage2Validation.cs:55)
Stage2Validation:Run () (at Assets/Game/Editor/Stage2Validation.cs:33)
Stage2Validation:Build () (at Assets/Game/Editor/Stage2Validation.cs:67)

[Assets/Game/Scripts/Blocks/BlockPlacementManager.cs line 111]

Destroy may not be called from edit mode! Use DestroyImmediate instead.
Destroying an object in edit mode destroys it permanently.
UnityEngine.StackTraceUtility:ExtractStackTrace ()
UnityEngine.Object:Destroy (UnityEngine.Object)
StoneSignal.BlockPlacementManager:RebuildGhost () (at Assets/Game/Scripts/Blocks/BlockPlacementManager.cs:111)
StoneSignal.BlockPlacementManager:CommitPlacement (UnityEngine.Vector2Int) (at Assets/Game/Scripts/Blocks/BlockPlacementManager.cs:79)
Stage2Validation:CheckGameplay (StoneSignal.GameConfig) (at Assets/Game/Editor/Stage2Validation.cs:57)
Stage2Validation:Run () (at Assets/Game/Editor/Stage2Validation.cs:33)
Stage2Validation:Build () (at Assets/Game/Editor/Stage2Validation.cs:67)

[Assets/Game/Editor/Stage2Validation.cs line 57]

Destroy may not be called from edit mode! Use DestroyImmediate instead.
Destroying an object in edit mode destroys it permanently.
UnityEngine.StackTraceUtility:ExtractStackTrace ()
UnityEngine.Object:Destroy (UnityEngine.Object)
StoneSignal.BlockPlacementManager:RebuildGhost () (at Assets/Game/Scripts/Blocks/BlockPlacementManager.cs:111)
StoneSignal.BlockPlacementManager:CommitPlacement (UnityEngine.Vector2Int) (at Assets/Game/Scripts/Blocks/BlockPlacementManager.cs:79)
Stage2Validation:CheckGameplay (StoneSignal.GameConfig) (at Assets/Game/Editor/Stage2Validation.cs:57)
Stage2Validation:Run () (at Assets/Game/Editor/Stage2Validation.cs:33)
Stage2Validation:Build () (at Assets/Game/Editor/Stage2Validation.cs:67)

[Assets/Game/Editor/Stage2Validation.cs line 57]

Destroy may not be called from edit mode! Use DestroyImmediate instead.
Destroying an object in edit mode destroys it permanently.
UnityEngine.StackTraceUtility:ExtractStackTrace ()
UnityEngine.Object:Destroy (UnityEngine.Object)
StoneSignal.BlockPlacementManager:RebuildGhost () (at Assets/Game/Scripts/Blocks/BlockPlacementManager.cs:111)
StoneSignal.BlockPlacementManager:CommitPlacement (UnityEngine.Vector2Int) (at Assets/Game/Scripts/Blocks/BlockPlacementManager.cs:79)
Stage2Validation:CheckGameplay (StoneSignal.GameConfig) (at Assets/Game/Editor/Stage2Validation.cs:57)
Stage2Validation:Run () (at Assets/Game/Editor/Stage2Validation.cs:33)
Stage2Validation:Build () (at Assets/Game/Editor/Stage2Validation.cs:67)

[Assets/Game/Editor/Stage2Validation.cs line 57]

Destroy may not be called from edit mode! Use DestroyImmediate instead.
Destroying an object in edit mode destroys it permanently.
UnityEngine.StackTraceUtility:ExtractStackTrace ()
UnityEngine.Object:Destroy (UnityEngine.Object)
StoneSignal.BlockPlacementManager:RebuildGhost () (at Assets/Game/Scripts/Blocks/BlockPlacementManager.cs:111)
StoneSignal.BlockPlacementManager:CommitPlacement (UnityEngine.Vector2Int) (at Assets/Game/Scripts/Blocks/BlockPlacementManager.cs:79)
Stage2Validation:CheckGameplay (StoneSignal.GameConfig) (at Assets/Game/Editor/Stage2Validation.cs:57)
Stage2Validation:Run () (at Assets/Game/Editor/Stage2Validation.cs:33)
Stage2Validation:Build () (at Assets/Game/Editor/Stage2Validation.cs:67)

[Assets/Game/Editor/Stage2Validation.cs line 57]

STAGE 2 CHECKS PASS
UnityEngine.StackTraceUtility:ExtractStackTrace ()
UnityEngine.DebugLogHandler:LogFormat (UnityEngine.LogType,UnityEngine.Object,string,object[])
UnityEngine.Logger:Log (UnityEngine.LogType,object)
UnityEngine.Debug:Log (object)
Stage2Validation:Run () (at Assets/Game/Editor/Stage2Validation.cs:34)
Stage2Validation:Build () (at Assets/Game/Editor/Stage2Validation.cs:67)

(Filename: Assets/Game/Editor/Stage2Validation.cs Line: 34)

Asset Pipeline Refresh (id=54f7eab61442cba4da35dcea75907859): Total: 0.029 seconds - Initiated by RefreshV2(NoUpdateAssetOptions)
Opening scene 'Assets/Game/Scenes/Game.unity'
Unloading 0 Unused Serialized files (Serialized files now loaded: 0)
Loaded scene 'Assets/Game/Scenes/Game.unity'
	Deserialize:            0.934 ms
	Integration:            89.708 ms
	Integration of assets:  0.004 ms
	Thread Wait Time:       0.014 ms
	Total Operation Time:   90.659 ms
Unloading 1 unused Assets / (7.5 KB). Loaded Objects now: 2927.
Memory consumption went from 116.3 MB to 116.3 MB.
Total: 3.309600 ms (FindLiveObjects: 0.130700 ms CreateObjectMapping: 0.064700 ms MarkObjects: 3.049300 ms  DeleteObjects: 0.062600 ms)

Start importing ProjectSettings/QualitySettings.asset using Guid(00000000000000009000000000000000) Importer(Primary)  -> (artifact id: '5bf9072d6454910615d161db76b9a38b') in 0.001618 seconds
Start importing ProjectSettings/GraphicsSettings.asset using Guid(00000000000000006100000000000000) Importer(Primary)  -> (artifact id: 'e5bfbeb9eb0f59b1f675ef0fe2d4c2e2') in 0.001533 seconds
Refreshing native plugins compatible for Editor in 2.55 ms, found 0 plugins.
Preloading 0 native plugins for Editor in 0.00 ms.
Asset Pipeline Refresh (id=d53c2460adb78f248a07a9a9ca6b2603): Total: 0.021 seconds - Initiated by StopAssetImportingV2(NoUpdateAssetOptions)
Opening scene 'Assets/Game/Scenes/Game.unity'
Unloading 14 Unused Serialized files (Serialized files now loaded: 0)
Loaded scene 'Assets/Game/Scenes/Game.unity'
	Deserialize:            0.888 ms
	Integration:            91.753 ms
	Integration of assets:  0.002 ms
	Thread Wait Time:       0.010 ms
	Total Operation Time:   92.653 ms
Unloading 15 unused Assets / (7.7 KB). Loaded Objects now: 2927.
Memory consumption went from 116.4 MB to 116.4 MB.
Total: 2.994300 ms (FindLiveObjects: 0.126400 ms CreateObjectMapping: 0.062100 ms MarkObjects: 2.743400 ms  DeleteObjects: 0.060600 ms)

SCENE REFERENCES PASS
UnityEngine.StackTraceUtility:ExtractStackTrace ()
UnityEngine.DebugLogHandler:LogFormat (UnityEngine.LogType,UnityEngine.Object,string,object[])
UnityEngine.Logger:Log (UnityEngine.LogType,object)
UnityEngine.Debug:Log (object)
PrototypeBuild:ValidateScene () (at Assets/Game/Editor/PrototypeBuild.cs:129)
PrototypeBuild:Create () (at Assets/Game/Editor/PrototypeBuild.cs:111)
PrototypeBuild:Build () (at Assets/Game/Editor/PrototypeBuild.cs:133)
Stage2Validation:Build () (at Assets/Game/Editor/Stage2Validation.cs:67)

(Filename: Assets/Game/Editor/PrototypeBuild.cs Line: 129)

SCENE READY: Assets/Game/Scenes/Game.unity; URP StoneSignalURP
UnityEngine.StackTraceUtility:ExtractStackTrace ()
UnityEngine.DebugLogHandler:LogFormat (UnityEngine.LogType,UnityEngine.Object,string,object[])
UnityEngine.Logger:Log (UnityEngine.LogType,object)
UnityEngine.Debug:Log (object)
PrototypeBuild:Create () (at Assets/Game/Editor/PrototypeBuild.cs:112)
PrototypeBuild:Build () (at Assets/Game/Editor/PrototypeBuild.cs:133)
Stage2Validation:Build () (at Assets/Game/Editor/Stage2Validation.cs:67)

(Filename: Assets/Game/Editor/PrototypeBuild.cs Line: 112)

MILESTONE 1 PASS: grid coordinates, endpoints, A*, disconnected route, detour
UnityEngine.StackTraceUtility:ExtractStackTrace ()
UnityEngine.DebugLogHandler:LogFormat (UnityEngine.LogType,UnityEngine.Object,string,object[])
UnityEngine.Logger:Log (UnityEngine.LogType,object)
UnityEngine.Debug:Log (object)
PrototypeChecks:GridChecks () (at Assets/Game/Editor/PrototypeChecks.cs:174)
PrototypeChecks:ShapeChecks () (at Assets/Game/Editor/PrototypeChecks.cs:145)
PrototypeChecks:PlacementChecks () (at Assets/Game/Editor/PrototypeChecks.cs:121)
PrototypeChecks:EnemyChecks () (at Assets/Game/Editor/PrototypeChecks.cs:93)
PrototypeChecks:CombatChecks () (at Assets/Game/Editor/PrototypeChecks.cs:70)
PrototypeChecks:EconomyChecks () (at Assets/Game/Editor/PrototypeChecks.cs:41)
PrototypeChecks:RewardChecks () (at Assets/Game/Editor/PrototypeChecks.cs:10)
PrototypeBuild:Checks () (at Assets/Game/Editor/PrototypeBuild.cs:115)
PrototypeBuild:Build () (at Assets/Game/Editor/PrototypeBuild.cs:133)
Stage2Validation:Build () (at Assets/Game/Editor/Stage2Validation.cs:67)

(Filename: Assets/Game/Editor/PrototypeChecks.cs Line: 174)

MILESTONE 2 PASS: normalized rotation, four turns, immutable shape cells
UnityEngine.StackTraceUtility:ExtractStackTrace ()
UnityEngine.DebugLogHandler:LogFormat (UnityEngine.LogType,UnityEngine.Object,string,object[])
UnityEngine.Logger:Log (UnityEngine.LogType,object)
UnityEngine.Debug:Log (object)
PrototypeChecks:ShapeChecks () (at Assets/Game/Editor/PrototypeChecks.cs:155)
PrototypeChecks:PlacementChecks () (at Assets/Game/Editor/PrototypeChecks.cs:121)
PrototypeChecks:EnemyChecks () (at Assets/Game/Editor/PrototypeChecks.cs:93)
PrototypeChecks:CombatChecks () (at Assets/Game/Editor/PrototypeChecks.cs:70)
PrototypeChecks:EconomyChecks () (at Assets/Game/Editor/PrototypeChecks.cs:41)
PrototypeChecks:RewardChecks () (at Assets/Game/Editor/PrototypeChecks.cs:10)
PrototypeBuild:Checks () (at Assets/Game/Editor/PrototypeBuild.cs:115)
PrototypeBuild:Build () (at Assets/Game/Editor/PrototypeBuild.cs:133)
Stage2Validation:Build () (at Assets/Game/Editor/Stage2Validation.cs:67)

(Filename: Assets/Game/Editor/PrototypeChecks.cs Line: 155)

MILESTONE 3 PASS: last gap protected, no live mutation, tower validation, route updates
UnityEngine.StackTraceUtility:ExtractStackTrace ()
UnityEngine.DebugLogHandler:LogFormat (UnityEngine.LogType,UnityEngine.Object,string,object[])
UnityEngine.Logger:Log (UnityEngine.LogType,object)
UnityEngine.Debug:Log (object)
PrototypeChecks:PlacementChecks () (at Assets/Game/Editor/PrototypeChecks.cs:139)
PrototypeChecks:EnemyChecks () (at Assets/Game/Editor/PrototypeChecks.cs:93)
PrototypeChecks:CombatChecks () (at Assets/Game/Editor/PrototypeChecks.cs:70)
PrototypeChecks:EconomyChecks () (at Assets/Game/Editor/PrototypeChecks.cs:41)
PrototypeChecks:RewardChecks () (at Assets/Game/Editor/PrototypeChecks.cs:10)
PrototypeBuild:Checks () (at Assets/Game/Editor/PrototypeBuild.cs:115)
PrototypeBuild:Build () (at Assets/Game/Editor/PrototypeBuild.cs:133)
Stage2Validation:Build () (at Assets/Game/Editor/Stage2Validation.cs:67)

(Filename: Assets/Game/Editor/PrototypeChecks.cs Line: 139)

MILESTONE 4 PASS: continuous dynamic repath, occupied edge protection, goal resolution
UnityEngine.StackTraceUtility:ExtractStackTrace ()
UnityEngine.DebugLogHandler:LogFormat (UnityEngine.LogType,UnityEngine.Object,string,object[])
UnityEngine.Logger:Log (UnityEngine.LogType,object)
UnityEngine.Debug:Log (object)
PrototypeChecks:EnemyChecks () (at Assets/Game/Editor/PrototypeChecks.cs:115)
PrototypeChecks:CombatChecks () (at Assets/Game/Editor/PrototypeChecks.cs:70)
PrototypeChecks:EconomyChecks () (at Assets/Game/Editor/PrototypeChecks.cs:41)
PrototypeChecks:RewardChecks () (at Assets/Game/Editor/PrototypeChecks.cs:10)
PrototypeBuild:Checks () (at Assets/Game/Editor/PrototypeBuild.cs:115)
PrototypeBuild:Build () (at Assets/Game/Editor/PrototypeBuild.cs:133)
Stage2Validation:Build () (at Assets/Game/Editor/Stage2Validation.cs:67)

(Filename: Assets/Game/Editor/PrototypeChecks.cs Line: 115)

MILESTONE 5 PASS: frontmost target, single target damage, AOE and registry removal
UnityEngine.StackTraceUtility:ExtractStackTrace ()
UnityEngine.DebugLogHandler:LogFormat (UnityEngine.LogType,UnityEngine.Object,string,object[])
UnityEngine.Logger:Log (UnityEngine.LogType,object)
UnityEngine.Debug:Log (object)
PrototypeChecks:CombatChecks () (at Assets/Game/Editor/PrototypeChecks.cs:87)
PrototypeChecks:EconomyChecks () (at Assets/Game/Editor/PrototypeChecks.cs:41)
PrototypeChecks:RewardChecks () (at Assets/Game/Editor/PrototypeChecks.cs:10)
PrototypeBuild:Checks () (at Assets/Game/Editor/PrototypeBuild.cs:115)
PrototypeBuild:Build () (at Assets/Game/Editor/PrototypeBuild.cs:133)
Stage2Validation:Build () (at Assets/Game/Editor/Stage2Validation.cs:67)

(Filename: Assets/Game/Editor/PrototypeChecks.cs Line: 87)

MILESTONE 6 PASS: gold, base HP, atomic spend, state cycle, GameOver; live waves verified in final smoke test
UnityEngine.StackTraceUtility:ExtractStackTrace ()
UnityEngine.DebugLogHandler:LogFormat (UnityEngine.LogType,UnityEngine.Object,string,object[])
UnityEngine.Logger:Log (UnityEngine.LogType,object)
UnityEngine.Debug:Log (object)
PrototypeChecks:EconomyChecks () (at Assets/Game/Editor/PrototypeChecks.cs:64)
PrototypeChecks:RewardChecks () (at Assets/Game/Editor/PrototypeChecks.cs:10)
PrototypeBuild:Checks () (at Assets/Game/Editor/PrototypeBuild.cs:115)
PrototypeBuild:Build () (at Assets/Game/Editor/PrototypeBuild.cs:133)
Stage2Validation:Build () (at Assets/Game/Editor/Stage2Validation.cs:67)

(Filename: Assets/Game/Editor/PrototypeChecks.cs Line: 64)

MILESTONE 7 PASS: all six reward effects, single-wave gold bonus; choice gating verified in smoke test
UnityEngine.StackTraceUtility:ExtractStackTrace ()
UnityEngine.DebugLogHandler:LogFormat (UnityEngine.LogType,UnityEngine.Object,string,object[])
UnityEngine.Logger:Log (UnityEngine.LogType,object)
UnityEngine.Debug:Log (object)
PrototypeChecks:RewardChecks () (at Assets/Game/Editor/PrototypeChecks.cs:35)
PrototypeBuild:Checks () (at Assets/Game/Editor/PrototypeBuild.cs:115)
PrototypeBuild:Build () (at Assets/Game/Editor/PrototypeBuild.cs:133)
Stage2Validation:Build () (at Assets/Game/Editor/Stage2Validation.cs:67)

(Filename: Assets/Game/Editor/PrototypeChecks.cs Line: 35)

SCENE REFERENCES PASS
UnityEngine.StackTraceUtility:ExtractStackTrace ()
UnityEngine.DebugLogHandler:LogFormat (UnityEngine.LogType,UnityEngine.Object,string,object[])
UnityEngine.Logger:Log (UnityEngine.LogType,object)
UnityEngine.Debug:Log (object)
PrototypeBuild:ValidateScene () (at Assets/Game/Editor/PrototypeBuild.cs:129)
PrototypeBuild:Checks () (at Assets/Game/Editor/PrototypeBuild.cs:115)
PrototypeBuild:Build () (at Assets/Game/Editor/PrototypeBuild.cs:133)
Stage2Validation:Build () (at Assets/Game/Editor/Stage2Validation.cs:67)

(Filename: Assets/Game/Editor/PrototypeBuild.cs Line: 129)

[Licensing::Client] Successfully send message: {"AuthorizationCheck":"Yq4zMFJXQ1TydA==","messageType":"EntitlementDetailsRequest","entitlementIds":["com.unity.editor","com.unity.editor.headless"],"packageEntitlementIds":[],"includeCustomData":false} at 1791291141
[Licensing::Client] Successfully receive message: {"entitlementGroups":[{"entitlementGroupId":"F4-NDMC-VS9D-37TA-8N5R-W7KD","entitlementGroupIdHash":"1afdcc1a4787d25df0a97a7f68d97f2d1957c7d6","productName":"Unity Personal","productType":"TuanjieEditor","licenseType":"ULF","expiration":1791553931000,"matchedEntitlements":[{"entitlementId":"com.unity.editor","isPackage":false,"count":1},{"entitlementId":"com.unity.editor.headless","isPackage":false,"count":1}]}],"responseCode":200,"responseStatus":"Found 1 entitlement groups and 0 free entitlements matching requested entitlement ids","messageType":"EntitlementDetailsResponse","authorizationCheck":"Yq4zMFJXQ1TydPqrajQayD06Kmpa"} at 1791291141
[Licensing::Client] Attempt to check time stamp (startTime: 1791291141, endTime: 1791291141)
[Licensing::Client] Successfully resolved entitlement details
Start importing Assets/Game/Settings/StoneSignalURP.asset using Guid(42c7dbe9c702ecc4b985ea4995c78e07) Importer(Primary)  -> (artifact id: '8284a549c874cb057b6f2d659699d749') in 0.001799 seconds
Refreshing native plugins compatible for Editor in 2.19 ms, found 0 plugins.
Preloading 0 native plugins for Editor in 0.00 ms.
Asset Pipeline Refresh (id=9ad93fc8e8e21ef4885fab04b3b156cb): Total: 0.018 seconds - Initiated by StopAssetImportingV2(NoUpdateAssetOptions)
[Licensing::Client] Successfully send message: {"AuthorizationCheck":"Yq4zMFJXQ1TydA==","messageType":"EntitlementDetailsRequest","entitlementIds":["com.unity.editor","com.unity.editor.headless"],"packageEntitlementIds":[],"includeCustomData":false} at 1791291141
[Licensing::Client] Successfully receive message: {"entitlementGroups":[{"entitlementGroupId":"F4-NDMC-VS9D-37TA-8N5R-W7KD","entitlementGroupIdHash":"1afdcc1a4787d25df0a97a7f68d97f2d1957c7d6","productName":"Unity Personal","productType":"TuanjieEditor","licenseType":"ULF","expiration":1791553931000,"matchedEntitlements":[{"entitlementId":"com.unity.editor","isPackage":false,"count":1},{"entitlementId":"com.unity.editor.headless","isPackage":false,"count":1}]}],"responseCode":200,"responseStatus":"Found 1 entitlement groups and 0 free entitlements matching requested entitlement ids","messageType":"EntitlementDetailsResponse","authorizationCheck":"Yq4zMFJXQ1TydPqrajQayD06Kmpa"} at 1791291141
[Licensing::Client] Attempt to check time stamp (startTime: 1791291141, endTime: 1791291141)
[Licensing::Client] Successfully resolved entitlement details
Launched and connected shader compiler TuanjieShaderCompiler.exe after 0.06 seconds
Starting: C:\Program Files\Tuanjie\Hub\Editor\2022.3.62t16\Editor\Data\bee_backend.exe --dont-print-to-structured-log --ipc --defer-dag-verification --dagfile="Library/Bee/1900b0aESkipCompile.dag" --continue-on-failure --profile="Library/Bee/backend1.traceevents" ScriptAssembliesAndTypeDB
WorkingDir: C:/Users/Admin/Documents/Codex/2026-10-06/unity-6-unity-emberward-3d-roguelite/outputs/StoneSignal
ExitCode: 0 Duration: 0s482ms
[2/3        0s] BuildPlayerDataGenerator Library/BuildPlayerData/Editor/TypeDb-All.json
*** Tundra build success (0.44 seconds), 1 items updated, 3 evaluated
Asset Pipeline Refresh (id=edb38e7f698b4f445b0237af2de836f7): Total: 0.005 seconds - Initiated by RefreshV2(NoUpdateAssetOptions)
[ScriptCompilation] Requested script compilation because: Recompiling scripts for player build.
BuildPlayer: start building target 19
Starting: C:\Program Files\Tuanjie\Hub\Editor\2022.3.62t16\Editor\Data\bee_backend.exe --dont-print-to-structured-log --ipc --defer-dag-verification --dagfile="Library/Bee/1900b0aPDevDbg.dag" --continue-on-failure --profile="Library/Bee/backend1.traceevents" ScriptAssembliesAndTypeDB
WorkingDir: C:/Users/Admin/Documents/Codex/2026-10-06/unity-6-unity-emberward-3d-roguelite/outputs/StoneSignal
ExitCode: 0 Duration: 2s386ms
[232/316    0s] WriteResponseFile Library/Bee/artifacts/rsp/4747638433968585886.rsp
[276/316    0s] ILPP-Configuration Library/ilpp-configuration.nevergeneratedoutput
[288/316    0s] CopyFiles Library/Bee/PlayerScriptAssemblies/Unity.RenderPipelines.ShaderGraph.ShaderGraphLibrary.pdb
[289/316    0s] CopyFiles Library/Bee/PlayerScriptAssemblies/Unity.RenderPipelines.ShaderGraph.ShaderGraphLibrary.dll
[290/316    0s] CopyFiles Library/Bee/PlayerScriptAssemblies/Unity.RenderPipelines.Universal.Runtime.pdb
[291/316    0s] CopyFiles Library/Bee/PlayerScriptAssemblies/Unity.RenderPipelines.Universal.Runtime.dll
[292/316    0s] CopyFiles Library/Bee/PlayerScriptAssemblies/Unity.Burst.dll
[293/316    0s] CopyFiles Library/Bee/PlayerScriptAssemblies/Unity.RenderPipeline.Universal.ShaderLibrary.dll
[294/316    0s] CopyFiles Library/Bee/PlayerScriptAssemblies/Unity.Burst.pdb
[295/316    0s] CopyFiles Library/Bee/PlayerScriptAssemblies/UnityEngine.UI.dll
[296/316    0s] CopyFiles Library/Bee/PlayerScriptAssemblies/Unity.RenderPipelines.Core.ShaderLibrary.dll
[297/316    0s] CopyFiles Library/Bee/PlayerScriptAssemblies/Unity.RenderPipelines.Core.Runtime.dll
[298/316    0s] CopyFiles Library/Bee/PlayerScriptAssemblies/UnityEngine.UI.pdb
[299/316    0s] CopyFiles Library/Bee/PlayerScriptAssemblies/Unity.RenderPipelines.Universal.Shaders.dll
[300/316    0s] CopyFiles Library/Bee/PlayerScriptAssemblies/Unity.RenderPipelines.Universal.2D.Internal.dll
[301/316    0s] CopyFiles Library/Bee/PlayerScriptAssemblies/Unity.RenderPipelines.Universal.Config.Runtime.dll
[302/316    0s] CopyFiles Library/Bee/PlayerScriptAssemblies/Unity.Mathematics.dll
[303/316    0s] CopyFiles Library/Bee/PlayerScriptAssemblies/Unity.RenderPipelines.Universal.2D.Internal.pdb
[304/316    0s] CopyFiles Library/Bee/PlayerScriptAssemblies/Unity.RenderPipelines.Universal.Config.Runtime.pdb
[305/316    0s] CopyFiles Library/Bee/PlayerScriptAssemblies/Unity.RenderPipelines.Core.ShaderLibrary.pdb
[306/316    0s] CopyFiles Library/Bee/PlayerScriptAssemblies/Unity.RenderPipelines.Universal.Shaders.pdb
[307/316    0s] CopyFiles Library/Bee/PlayerScriptAssemblies/Unity.RenderPipelines.Core.Runtime.pdb
[308/316    0s] CopyFiles Library/Bee/PlayerScriptAssemblies/Unity.RenderPipeline.Universal.ShaderLibrary.pdb
[309/316    0s] CopyFiles Library/Bee/PlayerScriptAssemblies/Unity.Mathematics.pdb
[310/316    0s] Csc Library/Bee/artifacts/1900b0aPDevDbg.dag/Assembly-CSharp.dll (+2 others)
[311/316    0s] ILPostProcess Library/Bee/artifacts/1900b0aPDevDbg.dag/post-processed/Assembly-CSharp.dll (+pdb)
Processing assembly Library/Bee/artifacts/1900b0aPDevDbg.dag/Assembly-CSharp.dll, with 134 defines and 181 references

processors: zzzUnity.Burst.CodeGen.BurstILPostProcessor

running zzzUnity.Burst.CodeGen.BurstILPostProcessor
[312/316    0s] CopyFiles Library/Bee/PlayerScriptAssemblies/Assembly-CSharp.pdb
[313/316    0s] CopyFiles Library/Bee/PlayerScriptAssemblies/Assembly-CSharp.dll
[315/316    0s] BuildPlayerDataGenerator Library/BuildPlayerData/Player/RuntimeInitializeOnLoads.json (+1 other)
*** Tundra build success (2.36 seconds), 29 items updated, 316 evaluated
Rebuilding Data files because Assets/Game/ScriptableObjects/Rewards/AddBlock.asset is dirty (hash)
Asset Pipeline Refresh (id=7c258195d23b3d341b667429e082ceaf): Total: 0.029 seconds - Initiated by RefreshV2(NoUpdateAssetOptions)
Opening scene 'Assets/Game/Scenes/Game.unity'
Unloading 2 Unused Serialized files (Serialized files now loaded: 0)
Loaded scene 'Assets/Game/Scenes/Game.unity'
	Deserialize:            0.977 ms
	Integration:            96.262 ms
	Integration of assets:  0.002 ms
	Thread Wait Time:       0.010 ms
	Total Operation Time:   97.252 ms
Unloading 35 unused Assets / (0.8 MB). Loaded Objects now: 2967.
Memory consumption went from 118.9 MB to 118.0 MB.
Total: 3.540600 ms (FindLiveObjects: 0.173300 ms CreateObjectMapping: 0.079900 ms MarkObjects: 2.931900 ms  DeleteObjects: 0.353900 ms)

Created GICache directory at C:/Users/Admin/AppData/LocalLow/Tuanjie/Caches/GiCache. Took: 0.013s, timestamps: [13.580 - 13.593]
GfxDevice renderer is null. Unity cannot update the Ambient Probe and Reflection Probes that the SkyManager generates. Run the Editor without the -nographics argument or generate lighting for your scene.
UnityEngine.StackTraceUtility:ExtractStackTrace ()
UnityEditor.BuildPipeline:BuildPlayerInternalNoCheck (string[],string,string,UnityEditor.BuildTargetGroup,UnityEditor.BuildTarget,int,UnityEditor.BuildOptions,string[],bool)
UnityEditor.BuildPipeline:BuildPlayerInternal (string[],string,string,UnityEditor.BuildTargetGroup,UnityEditor.BuildTarget,int,UnityEditor.BuildOptions,string[])
UnityEditor.BuildPipeline:BuildPlayer (string[],string,string,UnityEditor.BuildTargetGroup,UnityEditor.BuildTarget,int,UnityEditor.BuildOptions,string[])
UnityEditor.BuildPipeline:BuildPlayer (UnityEditor.BuildPlayerOptions)
PrototypeBuild:Build () (at Assets/Game/Editor/PrototypeBuild.cs:135)
Stage2Validation:Build () (at Assets/Game/Editor/Stage2Validation.cs:67)

[Assets/Game/Editor/PrototypeBuild.cs line 135]



Mono dependencies included in the build
Dependency assembly - netstandard.dll
Dependency assembly - System.IO.Compression.dll
Dependency assembly - System.IO.Compression.FileSystem.dll
Dependency assembly - Unity.RenderPipelines.Universal.Shaders.dll
Dependency assembly - System.Transactions.dll
Dependency assembly - System.dll
Dependency assembly - System.Data.DataSetExtensions.dll
Dependency assembly - System.Net.Http.dll
Dependency assembly - System.Core.dll
Dependency assembly - Unity.RenderPipelines.Core.Runtime.dll
Dependency assembly - Unity.RenderPipelines.ShaderGraph.ShaderGraphLibrary.dll
Dependency assembly - Unity.Mathematics.dll
Dependency assembly - System.ServiceModel.Internals.dll
Dependency assembly - System.Runtime.dll
Dependency assembly - System.Numerics.dll
Dependency assembly - Assembly-CSharp.dll
Dependency assembly - Unity.RenderPipelines.Universal.2D.Internal.dll
Dependency assembly - System.ComponentModel.Composition.dll
Dependency assembly - System.Drawing.dll
Dependency assembly - Unity.Burst.dll
Dependency assembly - Unity.Burst.Unsafe.dll
Dependency assembly - Mono.Security.dll
Dependency assembly - Unity.RenderPipelines.Universal.Config.Runtime.dll
Dependency assembly - System.Xml.Linq.dll
Dependency assembly - System.Xml.dll
Dependency assembly - Unity.RenderPipelines.Core.ShaderLibrary.dll
Dependency assembly - System.Runtime.Serialization.dll
Dependency assembly - UnityEngine.UI.dll
Dependency assembly - System.Configuration.dll
Dependency assembly - Unity.RenderPipelines.Universal.Runtime.dll
Dependency assembly - System.Security.dll
Dependency assembly - mscorlib.dll
Dependency assembly - Unity.RenderPipeline.Universal.ShaderLibrary.dll
Dependency assembly - System.EnterpriseServices.dll
Dependency assembly - System.Data.dll

Unloading 52 Unused Serialized files (Serialized files now loaded: 0)
Unloading 1473 unused Assets / (1.2 MB). Loaded Objects now: 2912.
Memory consumption went from 121.9 MB to 120.7 MB.
Total: 5.238000 ms (FindLiveObjects: 0.205400 ms CreateObjectMapping: 0.122500 ms MarkObjects: 3.702400 ms  DeleteObjects: 1.204600 ms)

Unloading 0 Unused Serialized files (Serialized files now loaded: 0)
Unloading 0 unused Assets / (0 B). Loaded Objects now: 2912.
Memory consumption went from 120.7 MB to 120.7 MB.
Total: 3.564600 ms (FindLiveObjects: 0.142900 ms CreateObjectMapping: 0.067900 ms MarkObjects: 3.313100 ms  DeleteObjects: 0.038400 ms)

Unloading 51 Unused Serialized files (Serialized files now loaded: 0)
Unloading 173 unused Assets / (132.4 MB). Loaded Objects now: 2912.
Memory consumption went from 252.8 MB to 120.4 MB.
Total: 15.170500 ms (FindLiveObjects: 0.137100 ms CreateObjectMapping: 0.066300 ms MarkObjects: 3.129000 ms  DeleteObjects: 11.834900 ms)

Compiling shader "Hidden/Universal Render Pipeline/Sampling" pass "BoxDownsample" (vp)
    Full variant space:         1
    After settings filtering:   1
    After built-in stripping:   1
    After scriptable stripping: 1
    Processed in 0.29 seconds
    starting compilation...
    finished in 0.01 seconds. Local cache hits 1 (0.01s CPU time), remote cache hits 0 (0.00s CPU time), compiled 0 variants (0.00s CPU time), skipped 0 variants
    Prepared data for serialisation in 0.00s
Compiling shader "Hidden/Universal Render Pipeline/Sampling" pass "BoxDownsample" (fp)
    Full variant space:         1
    After settings filtering:   1
    After built-in stripping:   1
    After scriptable stripping: 1
    Processed in 0.00 seconds
    starting compilation...
    finished in 0.00 seconds. Local cache hits 1 (0.00s CPU time), remote cache hits 0 (0.00s CPU time), compiled 0 variants (0.00s CPU time), skipped 0 variants
    Prepared data for serialisation in 0.00s
Serialized binary data for shader Hidden/Universal Render Pipeline/Sampling in 0.00s
    d3d11 (total internal programs: 2, unique: 2)
Compiling shader "Hidden/TerrainEngine/Details/UniversalPipeline/BillboardWavingDoublePass" pass "" (vp)
    Full variant space:         3072
    After settings filtering:   256
    After built-in stripping:   2
    After scriptable stripping: 2
    Processed in 0.00 seconds
    starting compilation...
    finished in 0.00 seconds. Local cache hits 2 (0.00s CPU time), remote cache hits 0 (0.00s CPU time), compiled 0 variants (0.00s CPU time), skipped 0 variants
    Prepared data for serialisation in 0.00s
Compiling shader "Hidden/TerrainEngine/Details/UniversalPipeline/BillboardWavingDoublePass" pass "" (fp)
    Full variant space:         61440
    After settings filtering:   256
    After built-in stripping:   2
    After scriptable stripping: 2
    Processed in 0.00 seconds
    starting compilation...
    finished in 0.00 seconds. Local cache hits 2 (0.00s CPU time), remote cache hits 0 (0.00s CPU time), compiled 0 variants (0.00s CPU time), skipped 0 variants
    Prepared data for serialisation in 0.00s
Compiling shader "Hidden/TerrainEngine/Details/UniversalPipeline/BillboardWavingDoublePass" pass "DepthOnly" (vp)
    Full variant space:         2
    After settings filtering:   2
    After built-in stripping:   1
    After scriptable stripping: 1
    Processed in 0.00 seconds
    starting compilation...
    finished in 0.00 seconds. Local cache hits 1 (0.00s CPU time), remote cache hits 0 (0.00s CPU time), compiled 0 variants (0.00s CPU time), skipped 0 variants
    Prepared data for serialisation in 0.00s
Compiling shader "Hidden/TerrainEngine/Details/UniversalPipeline/BillboardWavingDoublePass" pass "DepthOnly" (fp)
    Full variant space:         2
    After settings filtering:   2
    After built-in stripping:   1
    After scriptable stripping: 1
    Processed in 0.00 seconds
    starting compilation...
    finished in 0.00 seconds. Local cache hits 1 (0.00s CPU time), remote cache hits 0 (0.00s CPU time), compiled 0 variants (0.00s CPU time), skipped 0 variants
    Prepared data for serialisation in 0.00s
Compiling shader "Hidden/TerrainEngine/Details/UniversalPipeline/BillboardWavingDoublePass" pass "DepthNormals" (vp)
    Full variant space:         2
    After settings filtering:   2
    After built-in stripping:   1
    After scriptable stripping: 1
    Processed in 0.00 seconds
    starting compilation...
    finished in 0.00 seconds. Local cache hits 1 (0.00s CPU time), remote cache hits 0 (0.00s CPU time), compiled 0 variants (0.00s CPU time), skipped 0 variants
    Prepared data for serialisation in 0.00s
Compiling shader "Hidden/TerrainEngine/Details/UniversalPipeline/BillboardWavingDoublePass" pass "DepthNormals" (fp)
    Full variant space:         2
    After settings filtering:   2
    After built-in stripping:   1
    After scriptable stripping: 1
    Processed in 0.00 seconds
    starting compilation...
    finished in 0.00 seconds. Local cache hits 1 (0.00s CPU time), remote cache hits 0 (0.00s CPU time), compiled 0 variants (0.00s CPU time), skipped 0 variants
    Prepared data for serialisation in 0.00s
Serialized binary data for shader Hidden/TerrainEngine/Details/UniversalPipeline/BillboardWavingDoublePass in 0.00s
    d3d11 (total internal programs: 8, unique: 8)
Compiling shader "Hidden/HDRP/DebugVisibility" pass "DebugClusterID" (vp)
    Full variant space:         2
    After settings filtering:   2
    After built-in stripping:   1
    After scriptable stripping: 1
    Processed in 0.00 seconds
    starting compilation...
    finished in 0.00 seconds. Local cache hits 1 (0.00s CPU time), remote cache hits 0 (0.00s CPU time), compiled 0 variants (0.00s CPU time), skipped 0 variants
    Prepared data for serialisation in 0.00s
Compiling shader "Hidden/HDRP/DebugVisibility" pass "DebugClusterID" (fp)
    Full variant space:         2
    After settings filtering:   2
    After built-in stripping:   1
    After scriptable stripping: 1
    Processed in 0.00 seconds
    starting compilation...
    finished in 0.00 seconds. Local cache hits 1 (0.00s CPU time), remote cache hits 0 (0.00s CPU time), compiled 0 variants (0.00s CPU time), skipped 0 variants
    Prepared data for serialisation in 0.00s
Compiling shader "Hidden/HDRP/DebugVisibility" pass "DebugTriangleID" (vp)
    Full variant space:         2
    After settings filtering:   2
    After built-in stripping:   1
    After scriptable stripping: 1
    Processed in 0.00 seconds
    starting compilation...
    finished in 0.00 seconds. Local cache hits 1 (0.00s CPU time), remote cache hits 0 (0.00s CPU time), compiled 0 variants (0.00s CPU time), skipped 0 variants
    Prepared data for serialisation in 0.00s
Compiling shader "Hidden/HDRP/DebugVisibility" pass "DebugTriangleID" (fp)
    Full variant space:         2
    After settings filtering:   2
    After built-in stripping:   1
    After scriptable stripping: 1
    Processed in 0.00 seconds
    starting compilation...
    finished in 0.00 seconds. Local cache hits 1 (0.00s CPU time), remote cache hits 0 (0.00s CPU time), compiled 0 variants (0.00s CPU time), skipped 0 variants
    Prepared data for serialisation in 0.00s
Compiling shader "Hidden/HDRP/DebugVisibility" pass "DebugInstanceID" (vp)
    Full variant space:         2
    After settings filtering:   2
    After built-in stripping:   1
    After scriptable stripping: 1
    Processed in 0.00 seconds
    starting compilation...
    finished in 0.00 seconds. Local cache hits 1 (0.00s CPU time), remote cache hits 0 (0.00s CPU time), compiled 0 variants (0.00s CPU time), skipped 0 variants
    Prepared data for serialisation in 0.00s
Compiling shader "Hidden/HDRP/DebugVisibility" pass "DebugInstanceID" (fp)
    Full variant space:         2
    After settings filtering:   2
    After built-in stripping:   1
    After scriptable stripping: 1
    Processed in 0.00 seconds
    starting compilation...
    finished in 0.00 seconds. Local cache hits 1 (0.00s CPU time), remote cache hits 0 (0.00s CPU time), compiled 0 variants (0.00s CPU time), skipped 0 variants
    Prepared data for serialisation in 0.00s
Compiling shader "Hidden/HDRP/DebugVisibility" pass "DebugClusterHLOD" (vp)
    Full variant space:         2
    After settings filtering:   2
    After built-in stripping:   1
    After scriptable stripping: 1
    Processed in 0.00 seconds
    starting compilation...
    finished in 0.00 seconds. Local cache hits 1 (0.00s CPU time), remote cache hits 0 (0.00s CPU time), compiled 0 variants (0.00s CPU time), skipped 0 variants
    Prepared data for serialisation in 0.00s
Compiling shader "Hidden/HDRP/DebugVisibility" pass "DebugClusterHLOD" (fp)
    Full variant space:         2
    After settings filtering:   2
    After built-in stripping:   1
    After scriptable stripping: 1
    Processed in 0.00 seconds
    starting compilation...
    finished in 0.00 seconds. Local cache hits 1 (0.00s CPU time), remote cache hits 0 (0.00s CPU time), compiled 0 variants (0.00s CPU time), skipped 0 variants
    Prepared data for serialisation in 0.00s
Serialized binary data for shader Hidden/HDRP/DebugVisibility in 0.00s
    d3d11 (total internal programs: 8, unique: 5)
Compiling shader "Hidden/Core/FallbackError" pass "" (vp)
    Full variant space:         4
    After settings filtering:   4
    After built-in stripping:   1
    After scriptable stripping: 1
    Processed in 0.00 seconds
    starting compilation...
    finished in 0.00 seconds. Local cache hits 1 (0.00s CPU time), remote cache hits 0 (0.00s CPU time), compiled 0 variants (0.00s CPU time), skipped 0 variants
    Prepared data for serialisation in 0.00s
Compiling shader "Hidden/Core/FallbackError" pass "" (fp)
    Full variant space:         4
    After settings filtering:   4
    After built-in stripping:   1
    After scriptable stripping: 1
    Processed in 0.00 seconds
    starting compilation...
    finished in 0.00 seconds. Local cache hits 1 (0.00s CPU time), remote cache hits 0 (0.00s CPU time), compiled 0 variants (0.00s CPU time), skipped 0 variants
    Prepared data for serialisation in 0.00s
Serialized binary data for shader Hidden/Core/FallbackError in 0.00s
    d3d11 (total internal programs: 2, unique: 2)
Compiling shader "Hidden/Universal Render Pipeline/StencilSplat" pass "Gpu Driven Stencil Splat" (vp)
    Full variant space:         2
    After settings filtering:   2
    After built-in stripping:   1
    After scriptable stripping: 1
    Processed in 0.00 seconds
    starting compilation...
    finished in 0.00 seconds. Local cache hits 1 (0.00s CPU time), remote cache hits 0 (0.00s CPU time), compiled 0 variants (0.00s CPU time), skipped 0 variants
    Prepared data for serialisation in 0.00s
Compiling shader "Hidden/Universal Render Pipeline/StencilSplat" pass "Gpu Driven Stencil Splat" (fp)
    Full variant space:         2
    After settings filtering:   2
    After built-in stripping:   1
    After scriptable stripping: 1
    Processed in 0.00 seconds
    starting compilation...
    finished in 0.00 seconds. Local cache hits 1 (0.00s CPU time), remote cache hits 0 (0.00s CPU time), compiled 0 variants (0.00s CPU time), skipped 0 variants
    Prepared data for serialisation in 0.00s
Serialized binary data for shader Hidden/Universal Render Pipeline/StencilSplat in 0.00s
    d3d11 (total internal programs: 2, unique: 2)
Compiling shader "Hidden/GDRP/VisibilityBuffer" pass "" (vp)
    Full variant space:         12
    After settings filtering:   12
    After built-in stripping:   4
    After scriptable stripping: 0
    Processed in 0.00 seconds
    Prepared data for serialisation in 0.00s
Compiling shader "Hidden/GDRP/VisibilityBuffer" pass "VGShadowMapSingleView" (vp)
    Full variant space:         24
    After settings filtering:   24
    After built-in stripping:   8
    After scriptable stripping: 0
    Processed in 0.00 seconds
    Prepared data for serialisation in 0.00s
Compiling shader "Hidden/GDRP/VisibilityBuffer" pass "VGShadowMapMultiView" (vp)
    Full variant space:         24
    After settings filtering:   24
    After built-in stripping:   8
    After scriptable stripping: 0
    Processed in 0.00 seconds
    Prepared data for serialisation in 0.00s
Compiling shader "Hidden/GDRP/VisibilityBuffer" pass "VGPicking" (vp)
    Full variant space:         6
    After settings filtering:   6
    After built-in stripping:   2
    After scriptable stripping: 0
    Processed in 0.00 seconds
    Prepared data for serialisation in 0.00s
Compiling shader "Hidden/GDRP/VisibilityBuffer" pass "VBuffer" (vp)
    Full variant space:         6
    After settings filtering:   6
    After built-in stripping:   2
    After scriptable stripping: 0
    Processed in 0.00 seconds
    Prepared data for serialisation in 0.00s
Compiling shader "Hidden/GDRP/VisibilityBuffer" pass "VBufferMultiView" (vp)
    Full variant space:         6
    After settings filtering:   6
    After built-in stripping:   2
    After scriptable stripping: 0
    Processed in 0.00 seconds
    Prepared data for serialisation in 0.00s
Serialized binary data for shader Hidden/GDRP/VisibilityBuffer in 0.00s
    d3d11 (total internal programs: 0, unique: 0)
Compiling shader "Hidden/HDRP/MaterialError" pass "DebugMaterialID" (vp)
    Full variant space:         2
    After settings filtering:   2
    After built-in stripping:   1
    After scriptable stripping: 1
    Processed in 0.00 seconds
    starting compilation...
    finished in 0.00 seconds. Local cache hits 1 (0.00s CPU time), remote cache hits 0 (0.00s CPU time), compiled 0 variants (0.00s CPU time), skipped 0 variants
    Prepared data for serialisation in 0.00s
Compiling shader "Hidden/HDRP/MaterialError" pass "DebugMaterialID" (fp)
    Full variant space:         2
    After settings filtering:   2
    After built-in stripping:   1
    After scriptable stripping: 1
    Processed in 0.00 seconds
    starting compilation...
    finished in 0.00 seconds. Local cache hits 1 (0.00s CPU time), remote cache hits 0 (0.00s CPU time), compiled 0 variants (0.00s CPU time), skipped 0 variants
    Prepared data for serialisation in 0.00s
Compiling shader "Hidden/HDRP/MaterialError" pass "DebugMaterialRange" (vp)
    Full variant space:         2
    After settings filtering:   2
    After built-in stripping:   1
    After scriptable stripping: 1
    Processed in 0.00 seconds
    starting compilation...
    finished in 0.00 seconds. Local cache hits 1 (0.00s CPU time), remote cache hits 0 (0.00s CPU time), compiled 0 variants (0.00s CPU time), skipped 0 variants
    Prepared data for serialisation in 0.00s
Compiling shader "Hidden/HDRP/MaterialError" pass "DebugMaterialRange" (fp)
    Full variant space:         2
    After settings filtering:   2
    After built-in stripping:   1
    After scriptable stripping: 1
    Processed in 0.00 seconds
    starting compilation...
    finished in 0.00 seconds. Local cache hits 1 (0.00s CPU time), remote cache hits 0 (0.00s CPU time), compiled 0 variants (0.00s CPU time), skipped 0 variants
    Prepared data for serialisation in 0.00s
Serialized binary data for shader Hidden/HDRP/MaterialError in 0.00s
    d3d11 (total internal programs: 4, unique: 3)
Compiling shader "Hidden/GDRP/GpuMotionVectors" pass "VGMotionVectors" (vp)
    Full variant space:         16
    After settings filtering:   16
    After built-in stripping:   2
    After scriptable stripping: 1
    Processed in 0.00 seconds
    starting compilation...
    finished in 0.00 seconds. Local cache hits 1 (0.00s CPU time), remote cache hits 0 (0.00s CPU time), compiled 0 variants (0.00s CPU time), skipped 0 variants
    Prepared data for serialisation in 0.00s
Compiling shader "Hidden/GDRP/GpuMotionVectors" pass "VGMotionVectors" (fp)
    Full variant space:         32
    After settings filtering:   32
    After built-in stripping:   4
    After scriptable stripping: 1
    Processed in 0.00 seconds
    starting compilation...
    finished in 0.00 seconds. Local cache hits 1 (0.00s CPU time), remote cache hits 0 (0.00s CPU time), compiled 0 variants (0.00s CPU time), skipped 0 variants
    Prepared data for serialisation in 0.00s
Serialized binary data for shader Hidden/GDRP/GpuMotionVectors in 0.00s
    d3d11 (total internal programs: 2, unique: 2)
Compiling shader "Hidden/Universal/HDRDebugView" pass "" (vp)
    Full variant space:         1
    After settings filtering:   1
    After built-in stripping:   1
    After scriptable stripping: 1
    Processed in 0.00 seconds
    starting compilation...
    finished in 0.00 seconds. Local cache hits 1 (0.00s CPU time), remote cache hits 0 (0.00s CPU time), compiled 0 variants (0.00s CPU time), skipped 0 variants
    Prepared data for serialisation in 0.00s
Compiling shader "Hidden/Universal/HDRDebugView" pass "" (fp)
    Full variant space:         4
    After settings filtering:   1
    After built-in stripping:   1
    After scriptable stripping: 1
    Processed in 0.00 seconds
    starting compilation...
    finished in 0.00 seconds. Local cache hits 1 (0.00s CPU time), remote cache hits 0 (0.00s CPU time), compiled 0 variants (0.00s CPU time), skipped 0 variants
    Prepared data for serialisation in 0.00s
Compiling shader "Hidden/Universal/HDRDebugView" pass "" (vp)
    Full variant space:         1
    After settings filtering:   1
    After built-in stripping:   1
    After scriptable stripping: 1
    Processed in 0.00 seconds
    starting compilation...
    finished in 0.00 seconds. Local cache hits 1 (0.00s CPU time), remote cache hits 0 (0.00s CPU time), compiled 0 variants (0.00s CPU time), skipped 0 variants
    Prepared data for serialisation in 0.00s
Compiling shader "Hidden/Universal/HDRDebugView" pass "" (fp)
    Full variant space:         4
    After settings filtering:   1
    After built-in stripping:   1
    After scriptable stripping: 1
    Processed in 0.00 seconds
    starting compilation...
    finished in 0.00 seconds. Local cache hits 1 (0.00s CPU time), remote cache hits 0 (0.00s CPU time), compiled 0 variants (0.00s CPU time), skipped 0 variants
    Prepared data for serialisation in 0.00s
Serialized binary data for shader Hidden/Universal/HDRDebugView in 0.00s
    d3d11 (total internal programs: 4, unique: 3)
Compiling shader "Hidden/Universal Render Pipeline/MaterialError" pass "" (vp)
    Full variant space:         12
    After settings filtering:   12
    After built-in stripping:   2
    After scriptable stripping: 2
    Processed in 0.00 seconds
    starting compilation...
    finished in 0.00 seconds. Local cache hits 2 (0.00s CPU time), remote cache hits 0 (0.00s CPU time), compiled 0 variants (0.00s CPU time), skipped 0 variants
    Prepared data for serialisation in 0.00s
Compiling shader "Hidden/Universal Render Pipeline/MaterialError" pass "" (fp)
    Full variant space:         12
    After settings filtering:   12
    After built-in stripping:   2
    After scriptable stripping: 2
    Processed in 0.00 seconds
    starting compilation...
    finished in 0.00 seconds. Local cache hits 2 (0.00s CPU time), remote cache hits 0 (0.00s CPU time), compiled 0 variants (0.00s CPU time), skipped 0 variants
    Prepared data for serialisation in 0.00s
Serialized binary data for shader Hidden/Universal Render Pipeline/MaterialError in 0.00s
    d3d11 (total internal programs: 4, unique: 4)
Compiling shader "Hidden/Universal Render Pipeline/LensFlareDataDriven" pass "LensFlareAdditive" (vp)
    Full variant space:         4
    After settings filtering:   4
    After built-in stripping:   4
    After scriptable stripping: 4
    Processed in 0.00 seconds
    starting compilation...
    finished in 0.00 seconds. Local cache hits 4 (0.00s CPU time), remote cache hits 0 (0.00s CPU time), compiled 0 variants (0.00s CPU time), skipped 0 variants
    Prepared data for serialisation in 0.00s
Compiling shader "Hidden/Universal Render Pipeline/LensFlareDataDriven" pass "LensFlareAdditive" (fp)
    Full variant space:         12
    After settings filtering:   12
    After built-in stripping:   12
    After scriptable stripping: 12
    Processed in 0.00 seconds
    starting compilation...
    finished in 0.00 seconds. Local cache hits 12 (0.00s CPU time), remote cache hits 0 (0.00s CPU time), compiled 0 variants (0.00s CPU time), skipped 0 variants
    Prepared data for serialisation in 0.00s
Compiling shader "Hidden/Universal Render Pipeline/LensFlareDataDriven" pass "LensFlareScreen" (vp)
    Full variant space:         4
    After settings filtering:   4
    After built-in stripping:   4
    After scriptable stripping: 4
    Processed in 0.00 seconds
    starting compilation...
    finished in 0.00 seconds. Local cache hits 4 (0.00s CPU time), remote cache hits 0 (0.00s CPU time), compiled 0 variants (0.00s CPU time), skipped 0 variants
    Prepared data for serialisation in 0.00s
Compiling shader "Hidden/Universal Render Pipeline/LensFlareDataDriven" pass "LensFlareScreen" (fp)
    Full variant space:         12
    After settings filtering:   12
    After built-in stripping:   12
    After scriptable stripping: 12
    Processed in 0.00 seconds
    starting compilation...
    finished in 0.00 seconds. Local cache hits 12 (0.00s CPU time), remote cache hits 0 (0.00s CPU time), compiled 0 variants (0.00s CPU time), skipped 0 variants
    Prepared data for serialisation in 0.00s
Compiling shader "Hidden/Universal Render Pipeline/LensFlareDataDriven" pass "LensFlarePremultiply" (vp)
    Full variant space:         4
    After settings filtering:   4
    After built-in stripping:   4
    After scriptable stripping: 4
    Processed in 0.00 seconds
    starting compilation...
    finished in 0.00 seconds. Local cache hits 4 (0.00s CPU time), remote cache hits 0 (0.00s CPU time), compiled 0 variants (0.00s CPU time), skipped 0 variants
    Prepared data for serialisation in 0.00s
Compiling shader "Hidden/Universal Render Pipeline/LensFlareDataDriven" pass "LensFlarePremultiply" (fp)
    Full variant space:         12
    After settings filtering:   12
    After built-in stripping:   12
    After scriptable stripping: 12
    Processed in 0.00 seconds
    starting compilation...
    finished in 0.00 seconds. Local cache hits 12 (0.00s CPU time), remote cache hits 0 (0.00s CPU time), compiled 0 variants (0.00s CPU time), skipped 0 variants
    Prepared data for serialisation in 0.00s
Compiling shader "Hidden/Universal Render Pipeline/LensFlareDataDriven" pass "LensFlareLerp" (vp)
    Full variant space:         4
    After settings filtering:   4
    After built-in stripping:   4
    After scriptable stripping: 4
    Processed in 0.00 seconds
    starting compilation...
    finished in 0.00 seconds. Local cache hits 4 (0.00s CPU time), remote cache hits 0 (0.00s CPU time), compiled 0 variants (0.00s CPU time), skipped 0 variants
    Prepared data for serialisation in 0.00s
Compiling shader "Hidden/Universal Render Pipeline/LensFlareDataDriven" pass "LensFlareLerp" (fp)
    Full variant space:         12
    After settings filtering:   12
    After built-in stripping:   12
    After scriptable stripping: 12
    Processed in 0.00 seconds
    starting compilation...
    finished in 0.00 seconds. Local cache hits 12 (0.00s CPU time), remote cache hits 0 (0.00s CPU time), compiled 0 variants (0.00s CPU time), skipped 0 variants
    Prepared data for serialisation in 0.00s
Compiling shader "Hidden/Universal Render Pipeline/LensFlareDataDriven" pass "LensFlareOcclusion" (vp)
    Full variant space:         1
    After settings filtering:   1
    After built-in stripping:   1
    After scriptable stripping: 1
    Processed in 0.00 seconds
    starting compilation...
    finished in 0.00 seconds. Local cache hits 1 (0.00s CPU time), remote cache hits 0 (0.00s CPU time), compiled 0 variants (0.00s CPU time), skipped 0 variants
    Prepared data for serialisation in 0.00s
Compiling shader "Hidden/Universal Render Pipeline/LensFlareDataDriven" pass "LensFlareOcclusion" (fp)
    Full variant space:         1
    After settings filtering:   1
    After built-in stripping:   1
    After scriptable stripping: 1
    Processed in 0.00 seconds
    starting compilation...
    finished in 0.00 seconds. Local cache hits 1 (0.00s CPU time), remote cache hits 0 (0.00s CPU time), compiled 0 variants (0.00s CPU time), skipped 0 variants
    Prepared data for serialisation in 0.00s
Serialized binary data for shader Hidden/Universal Render Pipeline/LensFlareDataDriven in 0.00s
    d3d11 (total internal programs: 66, unique: 18)
Compiling shader "Hidden/VRS/ConvertSRI_R32ToR8" pass "ConvertSRI_R32ToR8" (vp)
    Full variant space:         1
    After settings filtering:   1
    After built-in stripping:   1
    After scriptable stripping: 1
    Processed in 0.00 seconds
    starting compilation...
    finished in 0.00 seconds. Local cache hits 1 (0.00s CPU time), remote cache hits 0 (0.00s CPU time), compiled 0 variants (0.00s CPU time), skipped 0 variants
    Prepared data for serialisation in 0.00s
Compiling shader "Hidden/VRS/ConvertSRI_R32ToR8" pass "ConvertSRI_R32ToR8" (fp)
    Full variant space:         1
    After settings filtering:   1
    After built-in stripping:   1
    After scriptable stripping: 1
    Processed in 0.00 seconds
    starting compilation...
    finished in 0.00 seconds. Local cache hits 1 (0.00s CPU time), remote cache hits 0 (0.00s CPU time), compiled 0 variants (0.00s CPU time), skipped 0 variants
    Prepared data for serialisation in 0.00s
Serialized binary data for shader Hidden/VRS/ConvertSRI_R32ToR8 in 0.00s
    d3d11 (total internal programs: 2, unique: 2)
Compiling shader "Hidden/Universal Render Pipeline/ObjectMotionVectors" pass "Object Motion Vectors" (vp)
    Full variant space:         4
    After settings filtering:   4
    After built-in stripping:   1
    After scriptable stripping: 1
    Processed in 0.00 seconds
    starting compilation...
    finished in 0.00 seconds. Local cache hits 1 (0.00s CPU time), remote cache hits 0 (0.00s CPU time), compiled 0 variants (0.00s CPU time), skipped 0 variants
    Prepared data for serialisation in 0.00s
Compiling shader "Hidden/Universal Render Pipeline/ObjectMotionVectors" pass "Object Motion Vectors" (fp)
    Full variant space:         4
    After settings filtering:   4
    After built-in stripping:   1
    After scriptable stripping: 1
    Processed in 0.00 seconds
    starting compilation...
    finished in 0.00 seconds. Local cache hits 1 (0.00s CPU time), remote cache hits 0 (0.00s CPU time), compiled 0 variants (0.00s CPU time), skipped 0 variants
    Prepared data for serialisation in 0.00s
Serialized binary data for shader Hidden/Universal Render Pipeline/ObjectMotionVectors in 0.00s
    d3d11 (total internal programs: 2, unique: 2)
Compiling shader "Hidden/Universal Render Pipeline/FallbackLoading" pass "" (vp)
    Full variant space:         12
    After settings filtering:   6
    After built-in stripping:   1
    After scriptable stripping: 1
    Processed in 0.00 seconds
    starting compilation...
    finished in 0.00 seconds. Local cache hits 1 (0.00s CPU time), remote cache hits 0 (0.00s CPU time), compiled 0 variants (0.00s CPU time), skipped 0 variants
    Prepared data for serialisation in 0.00s
Compiling shader "Hidden/Universal Render Pipeline/FallbackLoading" pass "" (fp)
    Full variant space:         12
    After settings filtering:   6
    After built-in stripping:   1
    After scriptable stripping: 1
    Processed in 0.00 seconds
    starting compilation...
    finished in 0.00 seconds. Local cache hits 1 (0.00s CPU time), remote cache hits 0 (0.00s CPU time), compiled 0 variants (0.00s CPU time), skipped 0 variants
    Prepared data for serialisation in 0.00s
Serialized binary data for shader Hidden/Universal Render Pipeline/FallbackLoading in 0.00s
    d3d11 (total internal programs: 2, unique: 2)
Compiling shader "Hidden/Universal Render Pipeline/GIMotionVectors" pass "GI Camera Motion Vectors" (vp)
    Full variant space:         1
    After settings filtering:   1
    After built-in stripping:   1
    After scriptable stripping: 0
    Processed in 0.00 seconds
    Prepared data for serialisation in 0.00s
Compiling shader "Hidden/Universal Render Pipeline/GIMotionVectors" pass "GI Object Motion Vectors" (vp)
    Full variant space:         2
    After settings filtering:   2
    After built-in stripping:   1
    After scriptable stripping: 0
    Processed in 0.00 seconds
    Prepared data for serialisation in 0.00s
Serialized binary data for shader Hidden/Universal Render Pipeline/GIMotionVectors in 0.00s
    d3d11 (total internal programs: 0, unique: 0)
Compiling shader "Hidden/Universal/CoreBlit" pass "" (vp)
    Full variant space:         4
    After settings filtering:   2
    After built-in stripping:   2
    After scriptable stripping: 2
    Processed in 0.00 seconds
    starting compilation...
    finished in 0.00 seconds. Local cache hits 2 (0.00s CPU time), remote cache hits 0 (0.00s CPU time), compiled 0 variants (0.00s CPU time), skipped 0 variants
    Prepared data for serialisation in 0.00s
Compiling shader "Hidden/Universal/CoreBlit" pass "" (fp)
    Full variant space:         4
    After settings filtering:   2
    After built-in stripping:   2
    After scriptable stripping: 2
    Processed in 0.00 seconds
    starting compilation...
    finished in 0.00 seconds. Local cache hits 2 (0.00s CPU time), remote cache hits 0 (0.00s CPU time), compiled 0 variants (0.00s CPU time), skipped 0 variants
    Prepared data for serialisation in 0.00s
Compiling shader "Hidden/Universal/CoreBlit" pass "" (vp)
    Full variant space:         4
    After settings filtering:   2
    After built-in stripping:   2
    After scriptable stripping: 2
    Processed in 0.00 seconds
    starting compilation...
    finished in 0.00 seconds. Local cache hits 2 (0.00s CPU time), remote cache hits 0 (0.00s CPU time), compiled 0 variants (0.00s CPU time), skipped 0 variants
    Prepared data for serialisation in 0.00s
Compiling shader "Hidden/Universal/CoreBlit" pass "" (fp)
    Full variant space:         4
    After settings filtering:   2
    After built-in stripping:   2
    After scriptable stripping: 2
    Processed in 0.00 seconds
    starting compilation...
    finished in 0.00 seconds. Local cache hits 2 (0.00s CPU time), remote cache hits 0 (0.00s CPU time), compiled 0 variants (0.00s CPU time), skipped 0 variants
    Prepared data for serialisation in 0.00s
Compiling shader "Hidden/Universal/CoreBlit" pass "" (vp)
    Full variant space:         4
    After settings filtering:   2
    After built-in stripping:   2
    After scriptable stripping: 2
    Processed in 0.00 seconds
    starting compilation...
    finished in 0.00 seconds. Local cache hits 2 (0.00s CPU time), remote cache hits 0 (0.00s CPU time), compiled 0 variants (0.00s CPU time), skipped 0 variants
    Prepared data for serialisation in 0.00s
Compiling shader "Hidden/Universal/CoreBlit" pass "" (fp)
    Full variant space:         4
    After settings filtering:   2
    After built-in stripping:   2
    After scriptable stripping: 2
    Processed in 0.00 seconds
    starting compilation...
    finished in 0.00 seconds. Local cache hits 2 (0.00s CPU time), remote cache hits 0 (0.00s CPU time), compiled 0 variants (0.00s CPU time), skipped 0 variants
    Prepared data for serialisation in 0.00s
Compiling shader "Hidden/Universal/CoreBlit" pass "" (vp)
    Full variant space:         4
    After settings filtering:   2
    After built-in stripping:   2
    After scriptable stripping: 2
    Processed in 0.00 seconds
    starting compilation...
    finished in 0.00 seconds. Local cache hits 2 (0.00s CPU time), remote cache hits 0 (0.00s CPU time), compiled 0 variants (0.00s CPU time), skipped 0 variants
    Prepared data for serialisation in 0.00s
Compiling shader "Hidden/Universal/CoreBlit" pass "" (fp)
    Full variant space:         4
    After settings filtering:   2
    After built-in stripping:   2
    After scriptable stripping: 2
    Processed in 0.00 seconds
    starting compilation...
    finished in 0.00 seconds. Local cache hits 2 (0.00s CPU time), remote cache hits 0 (0.00s CPU time), compiled 0 variants (0.00s CPU time), skipped 0 variants
    Prepared data for serialisation in 0.00s
Compiling shader "Hidden/Universal/CoreBlit" pass "" (vp)
    Full variant space:         4
    After settings filtering:   2
    After built-in stripping:   2
    After scriptable stripping: 2
    Processed in 0.00 seconds
    starting compilation...
    finished in 0.00 seconds. Local cache hits 2 (0.00s CPU time), remote cache hits 0 (0.00s CPU time), compiled 0 variants (0.00s CPU time), skipped 0 variants
    Prepared data for serialisation in 0.00s
Compiling shader "Hidden/Universal/CoreBlit" pass "" (fp)
    Full variant space:         4
    After settings filtering:   2
    After built-in stripping:   2
    After scriptable stripping: 2
    Processed in 0.00 seconds
    starting compilation...
    finished in 0.00 seconds. Local cache hits 2 (0.00s CPU time), remote cache hits 0 (0.00s CPU time), compiled 0 variants (0.00s CPU time), skipped 0 variants
    Prepared data for serialisation in 0.00s
Compiling shader "Hidden/Universal/CoreBlit" pass "" (vp)
    Full variant space:         4
    After settings filtering:   2
    After built-in stripping:   2
    After scriptable stripping: 2
    Processed in 0.00 seconds
    starting compilation...
    finished in 0.00 seconds. Local cache hits 2 (0.00s CPU time), remote cache hits 0 (0.00s CPU time), compiled 0 variants (0.00s CPU time), skipped 0 variants
    Prepared data for serialisation in 0.00s
Compiling shader "Hidden/Universal/CoreBlit" pass "" (fp)
    Full variant space:         4
    After settings filtering:   2
    After built-in stripping:   2
    After scriptable stripping: 2
    Processed in 0.00 seconds
    starting compilation...
    finished in 0.00 seconds. Local cache hits 2 (0.00s CPU time), remote cache hits 0 (0.00s CPU time), compiled 0 variants (0.00s CPU time), skipped 0 variants
    Prepared data for serialisation in 0.00s
Compiling shader "Hidden/Universal/CoreBlit" pass "" (vp)
    Full variant space:         4
    After settings filtering:   2
    After built-in stripping:   2
    After scriptable stripping: 2
    Processed in 0.00 seconds
    starting compilation...
    finished in 0.00 seconds. Local cache hits 2 (0.00s CPU time), remote cache hits 0 (0.00s CPU time), compiled 0 variants (0.00s CPU time), skipped 0 variants
    Prepared data for serialisation in 0.00s
Compiling shader "Hidden/Universal/CoreBlit" pass "" (fp)
    Full variant space:         4
    After settings filtering:   2
    After built-in stripping:   2
    After scriptable stripping: 2
    Processed in 0.00 seconds
    starting compilation...
    finished in 0.00 seconds. Local cache hits 2 (0.00s CPU time), remote cache hits 0 (0.00s CPU time), compiled 0 variants (0.00s CPU time), skipped 0 variants
    Prepared data for serialisation in 0.00s
Compiling shader "Hidden/Universal/CoreBlit" pass "" (vp)
    Full variant space:         4
    After settings filtering:   2
    After built-in stripping:   2
    After scriptable stripping: 2
    Processed in 0.00 seconds
    starting compilation...
    finished in 0.00 seconds. Local cache hits 2 (0.00s CPU time), remote cache hits 0 (0.00s CPU time), compiled 0 variants (0.00s CPU time), skipped 0 variants
    Prepared data for serialisation in 0.00s
Compiling shader "Hidden/Universal/CoreBlit" pass "" (fp)
    Full variant space:         4
    After settings filtering:   2
    After built-in stripping:   2
    After scriptable stripping: 2
    Processed in 0.00 seconds
    starting compilation...
    finished in 0.00 seconds. Local cache hits 2 (0.00s CPU time), remote cache hits 0 (0.00s CPU time), compiled 0 variants (0.00s CPU time), skipped 0 variants
    Prepared data for serialisation in 0.00s
Compiling shader "Hidden/Universal/CoreBlit" pass "" (vp)
    Full variant space:         4
    After settings filtering:   2
    After built-in stripping:   2
    After scriptable stripping: 2
    Processed in 0.00 seconds
    starting compilation...
    finished in 0.00 seconds. Local cache hits 2 (0.00s CPU time), remote cache hits 0 (0.00s CPU time), compiled 0 variants (0.00s CPU time), skipped 0 variants
    Prepared data for serialisation in 0.00s
Compiling shader "Hidden/Universal/CoreBlit" pass "" (fp)
    Full variant space:         4
    After settings filtering:   2
    After built-in stripping:   2
    After scriptable stripping: 2
    Processed in 0.00 seconds
    starting compilation...
    finished in 0.00 seconds. Local cache hits 2 (0.00s CPU time), remote cache hits 0 (0.00s CPU time), compiled 0 variants (0.00s CPU time), skipped 0 variants
    Prepared data for serialisation in 0.00s
Compiling shader "Hidden/Universal/CoreBlit" pass "" (vp)
    Full variant space:         4
    After settings filtering:   2
    After built-in stripping:   2
    After scriptable stripping: 2
    Processed in 0.00 seconds
    starting compilation...
    finished in 0.00 seconds. Local cache hits 2 (0.00s CPU time), remote cache hits 0 (0.00s CPU time), compiled 0 variants (0.00s CPU time), skipped 0 variants
    Prepared data for serialisation in 0.00s
Compiling shader "Hidden/Universal/CoreBlit" pass "" (fp)
    Full variant space:         4
    After settings filtering:   2
    After built-in stripping:   2
    After scriptable stripping: 2
    Processed in 0.00 seconds
    starting compilation...
    finished in 0.00 seconds. Local cache hits 2 (0.00s CPU time), remote cache hits 0 (0.00s CPU time), compiled 0 variants (0.00s CPU time), skipped 0 variants
    Prepared data for serialisation in 0.00s
Compiling shader "Hidden/Universal/CoreBlit" pass "" (vp)
    Full variant space:         4
    After settings filtering:   2
    After built-in stripping:   2
    After scriptable stripping: 2
    Processed in 0.00 seconds
    starting compilation...
    finished in 0.00 seconds. Local cache hits 2 (0.00s CPU time), remote cache hits 0 (0.00s CPU time), compiled 0 variants (0.00s CPU time), skipped 0 variants
    Prepared data for serialisation in 0.00s
Compiling shader "Hidden/Universal/CoreBlit" pass "" (fp)
    Full variant space:         4
    After settings filtering:   2
    After built-in stripping:   2
    After scriptable stripping: 2
    Processed in 0.00 seconds
    starting compilation...
    finished in 0.00 seconds. Local cache hits 2 (0.00s CPU time), remote cache hits 0 (0.00s CPU time), compiled 0 variants (0.00s CPU time), skipped 0 variants
    Prepared data for serialisation in 0.00s
Compiling shader "Hidden/Universal/CoreBlit" pass "" (vp)
    Full variant space:         4
    After settings filtering:   2
    After built-in stripping:   2
    After scriptable stripping: 2
    Processed in 0.00 seconds
    starting compilation...
    finished in 0.00 seconds. Local cache hits 2 (0.00s CPU time), remote cache hits 0 (0.00s CPU time), compiled 0 variants (0.00s CPU time), skipped 0 variants
    Prepared data for serialisation in 0.00s
Compiling shader "Hidden/Universal/CoreBlit" pass "" (fp)
    Full variant space:         4
    After settings filtering:   2
    After built-in stripping:   2
    After scriptable stripping: 2
    Processed in 0.00 seconds
    starting compilation...
    finished in 0.00 seconds. Local cache hits 2 (0.00s CPU time), remote cache hits 0 (0.00s CPU time), compiled 0 variants (0.00s CPU time), skipped 0 variants
    Prepared data for serialisation in 0.00s
Compiling shader "Hidden/Universal/CoreBlit" pass "" (vp)
    Full variant space:         4
    After settings filtering:   2
    After built-in stripping:   2
    After scriptable stripping: 2
    Processed in 0.00 seconds
    starting compilation...
    finished in 0.00 seconds. Local cache hits 2 (0.00s CPU time), remote cache hits 0 (0.00s CPU time), compiled 0 variants (0.00s CPU time), skipped 0 variants
    Prepared data for serialisation in 0.00s
Compiling shader "Hidden/Universal/CoreBlit" pass "" (fp)
    Full variant space:         4
    After settings filtering:   2
    After built-in stripping:   2
    After scriptable stripping: 2
    Processed in 0.00 seconds
    starting compilation...
    finished in 0.00 seconds. Local cache hits 2 (0.00s CPU time), remote cache hits 0 (0.00s CPU time), compiled 0 variants (0.00s CPU time), skipped 0 variants
    Prepared data for serialisation in 0.00s
Compiling shader "Hidden/Universal/CoreBlit" pass "" (vp)
    Full variant space:         4
    After settings filtering:   2
    After built-in stripping:   2
    After scriptable stripping: 2
    Processed in 0.00 seconds
    starting compilation...
    finished in 0.00 seconds. Local cache hits 2 (0.00s CPU time), remote cache hits 0 (0.00s CPU time), compiled 0 variants (0.00s CPU time), skipped 0 variants
    Prepared data for serialisation in 0.00s
Compiling shader "Hidden/Universal/CoreBlit" pass "" (fp)
    Full variant space:         4
    After settings filtering:   2
    After built-in stripping:   2
    After scriptable stripping: 2
    Processed in 0.00 seconds
    starting compilation...
    finished in 0.00 seconds. Local cache hits 2 (0.00s CPU time), remote cache hits 0 (0.00s CPU time), compiled 0 variants (0.00s CPU time), skipped 0 variants
    Prepared data for serialisation in 0.00s
Compiling shader "Hidden/Universal/CoreBlit" pass "" (vp)
    Full variant space:         4
    After settings filtering:   2
    After built-in stripping:   2
    After scriptable stripping: 2
    Processed in 0.00 seconds
    starting compilation...
    finished in 0.00 seconds. Local cache hits 2 (0.00s CPU time), remote cache hits 0 (0.00s CPU time), compiled 0 variants (0.00s CPU time), skipped 0 variants
    Prepared data for serialisation in 0.00s
Compiling shader "Hidden/Universal/CoreBlit" pass "" (fp)
    Full variant space:         4
    After settings filtering:   2
    After built-in stripping:   2
    After scriptable stripping: 2
    Processed in 0.00 seconds
    starting compilation...
    finished in 0.00 seconds. Local cache hits 2 (0.00s CPU time), remote cache hits 0 (0.00s CPU time), compiled 0 variants (0.00s CPU time), skipped 0 variants
    Prepared data for serialisation in 0.00s
Compiling shader "Hidden/Universal/CoreBlit" pass "" (vp)
    Full variant space:         4
    After settings filtering:   2
    After built-in stripping:   2
    After scriptable stripping: 2
    Processed in 0.00 seconds
    starting compilation...
    finished in 0.00 seconds. Local cache hits 2 (0.00s CPU time), remote cache hits 0 (0.00s CPU time), compiled 0 variants (0.00s CPU time), skipped 0 variants
    Prepared data for serialisation in 0.00s
Compiling shader "Hidden/Universal/CoreBlit" pass "" (fp)
    Full variant space:         4
    After settings filtering:   2
    After built-in stripping:   2
    After scriptable stripping: 2
    Processed in 0.00 seconds
    starting compilation...
    finished in 0.00 seconds. Local cache hits 2 (0.00s CPU time), remote cache hits 0 (0.00s CPU time), compiled 0 variants (0.00s CPU time), skipped 0 variants
    Prepared data for serialisation in 0.00s
Compiling shader "Hidden/Universal/CoreBlit" pass "" (vp)
    Full variant space:         4
    After settings filtering:   2
    After built-in stripping:   2
    After scriptable stripping: 2
    Processed in 0.00 seconds
    starting compilation...
    finished in 0.00 seconds. Local cache hits 2 (0.00s CPU time), remote cache hits 0 (0.00s CPU time), compiled 0 variants (0.00s CPU time), skipped 0 variants
    Prepared data for serialisation in 0.00s
Compiling shader "Hidden/Universal/CoreBlit" pass "" (fp)
    Full variant space:         4
    After settings filtering:   2
    After built-in stripping:   2
    After scriptable stripping: 2
    Processed in 0.00 seconds
    starting compilation...
    finished in 0.00 seconds. Local cache hits 2 (0.00s CPU time), remote cache hits 0 (0.00s CPU time), compiled 0 variants (0.00s CPU time), skipped 0 variants
    Prepared data for serialisation in 0.00s
Compiling shader "Hidden/Universal/CoreBlit" pass "" (vp)
    Full variant space:         4
    After settings filtering:   2
    After built-in stripping:   2
    After scriptable stripping: 2
    Processed in 0.00 seconds
    starting compilation...
    finished in 0.00 seconds. Local cache hits 2 (0.00s CPU time), remote cache hits 0 (0.00s CPU time), compiled 0 variants (0.00s CPU time), skipped 0 variants
    Prepared data for serialisation in 0.00s
Compiling shader "Hidden/Universal/CoreBlit" pass "" (fp)
    Full variant space:         4
    After settings filtering:   2
    After built-in stripping:   2
    After scriptable stripping: 2
    Processed in 0.00 seconds
    starting compilation...
    finished in 0.00 seconds. Local cache hits 2 (0.00s CPU time), remote cache hits 0 (0.00s CPU time), compiled 0 variants (0.00s CPU time), skipped 0 variants
    Prepared data for serialisation in 0.00s
Compiling shader "Hidden/Universal/CoreBlit" pass "" (vp)
    Full variant space:         4
    After settings filtering:   2
    After built-in stripping:   2
    After scriptable stripping: 2
    Processed in 0.00 seconds
    starting compilation...
    finished in 0.00 seconds. Local cache hits 2 (0.00s CPU time), remote cache hits 0 (0.00s CPU time), compiled 0 variants (0.00s CPU time), skipped 0 variants
    Prepared data for serialisation in 0.00s
Compiling shader "Hidden/Universal/CoreBlit" pass "" (fp)
    Full variant space:         4
    After settings filtering:   2
    After built-in stripping:   2
    After scriptable stripping: 2
    Processed in 0.00 seconds
    starting compilation...
    finished in 0.00 seconds. Local cache hits 2 (0.00s CPU time), remote cache hits 0 (0.00s CPU time), compiled 0 variants (0.00s CPU time), skipped 0 variants
    Prepared data for serialisation in 0.00s
Compiling shader "Hidden/Universal/CoreBlit" pass "" (vp)
    Full variant space:         4
    After settings filtering:   2
    After built-in stripping:   2
    After scriptable stripping: 2
    Processed in 0.00 seconds
    starting compilation...
    finished in 0.00 seconds. Local cache hits 2 (0.00s CPU time), remote cache hits 0 (0.00s CPU time), compiled 0 variants (0.00s CPU time), skipped 0 variants
    Prepared data for serialisation in 0.00s
Compiling shader "Hidden/Universal/CoreBlit" pass "" (fp)
    Full variant space:         4
    After settings filtering:   2
    After built-in stripping:   2
    After scriptable stripping: 2
    Processed in 0.00 seconds
    starting compilation...
    finished in 0.00 seconds. Local cache hits 2 (0.00s CPU time), remote cache hits 0 (0.00s CPU time), compiled 0 variants (0.00s CPU time), skipped 0 variants
    Prepared data for serialisation in 0.00s
Compiling shader "Hidden/Universal/CoreBlit" pass "" (vp)
    Full variant space:         4
    After settings filtering:   2
    After built-in stripping:   2
    After scriptable stripping: 2
    Processed in 0.00 seconds
    starting compilation...
    finished in 0.00 seconds. Local cache hits 2 (0.00s CPU time), remote cache hits 0 (0.00s CPU time), compiled 0 variants (0.00s CPU time), skipped 0 variants
    Prepared data for serialisation in 0.00s
Compiling shader "Hidden/Universal/CoreBlit" pass "" (fp)
    Full variant space:         4
    After settings filtering:   2
    After built-in stripping:   2
    After scriptable stripping: 2
    Processed in 0.00 seconds
    starting compilation...
    finished in 0.00 seconds. Local cache hits 2 (0.00s CPU time), remote cache hits 0 (0.00s CPU time), compiled 0 variants (0.00s CPU time), skipped 0 variants
    Prepared data for serialisation in 0.00s
Compiling shader "Hidden/Universal/CoreBlit" pass "" (vp)
    Full variant space:         8
    After settings filtering:   4
    After built-in stripping:   4
    After scriptable stripping: 4
    Processed in 0.00 seconds
    starting compilation...
    finished in 0.00 seconds. Local cache hits 4 (0.00s CPU time), remote cache hits 0 (0.00s CPU time), compiled 0 variants (0.00s CPU time), skipped 0 variants
    Prepared data for serialisation in 0.00s
Compiling shader "Hidden/Universal/CoreBlit" pass "" (fp)
    Full variant space:         8
    After settings filtering:   4
    After built-in stripping:   4
    After scriptable stripping: 4
    Processed in 0.00 seconds
    starting compilation...
    finished in 0.00 seconds. Local cache hits 4 (0.00s CPU time), remote cache hits 0 (0.00s CPU time), compiled 0 variants (0.00s CPU time), skipped 0 variants
    Prepared data for serialisation in 0.00s
Compiling shader "Hidden/Universal/CoreBlit" pass "" (vp)
    Full variant space:         8
    After settings filtering:   4
    After built-in stripping:   4
    After scriptable stripping: 4
    Processed in 0.00 seconds
    starting compilation...
    finished in 0.00 seconds. Local cache hits 4 (0.00s CPU time), remote cache hits 0 (0.00s CPU time), compiled 0 variants (0.00s CPU time), skipped 0 variants
    Prepared data for serialisation in 0.00s
Compiling shader "Hidden/Universal/CoreBlit" pass "" (fp)
    Full variant space:         8
    After settings filtering:   4
    After built-in stripping:   4
    After scriptable stripping: 4
    Processed in 0.00 seconds
    starting compilation...
    finished in 0.00 seconds. Local cache hits 4 (0.00s CPU time), remote cache hits 0 (0.00s CPU time), compiled 0 variants (0.00s CPU time), skipped 0 variants
    Prepared data for serialisation in 0.00s
Compiling shader "Hidden/Universal/CoreBlit" pass "BilinearDebugDraw" (vp)
    Full variant space:         4
    After settings filtering:   2
    After built-in stripping:   2
    After scriptable stripping: 2
    Processed in 0.00 seconds
    starting compilation...
    finished in 0.00 seconds. Local cache hits 2 (0.00s CPU time), remote cache hits 0 (0.00s CPU time), compiled 0 variants (0.00s CPU time), skipped 0 variants
    Prepared data for serialisation in 0.00s
Compiling shader "Hidden/Universal/CoreBlit" pass "BilinearDebugDraw" (fp)
    Full variant space:         16
    After settings filtering:   4
    After built-in stripping:   4
    After scriptable stripping: 4
    Processed in 0.00 seconds
    starting compilation...
    finished in 0.00 seconds. Local cache hits 4 (0.00s CPU time), remote cache hits 0 (0.00s CPU time), compiled 0 variants (0.00s CPU time), skipped 0 variants
    Prepared data for serialisation in 0.00s
Compiling shader "Hidden/Universal/CoreBlit" pass "NearestDebugDraw" (vp)
    Full variant space:         4
    After settings filtering:   2
    After built-in stripping:   2
    After scriptable stripping: 2
    Processed in 0.00 seconds
    starting compilation...
    finished in 0.00 seconds. Local cache hits 2 (0.00s CPU time), remote cache hits 0 (0.00s CPU time), compiled 0 variants (0.00s CPU time), skipped 0 variants
    Prepared data for serialisation in 0.00s
Compiling shader "Hidden/Universal/CoreBlit" pass "NearestDebugDraw" (fp)
    Full variant space:         16
    After settings filtering:   4
    After built-in stripping:   4
    After scriptable stripping: 4
    Processed in 0.00 seconds
    starting compilation...
    finished in 0.00 seconds. Local cache hits 4 (0.00s CPU time), remote cache hits 0 (0.00s CPU time), compiled 0 variants (0.00s CPU time), skipped 0 variants
    Prepared data for serialisation in 0.00s
Serialized binary data for shader Hidden/Universal/CoreBlit in 0.00s
    d3d11 (total internal programs: 112, unique: 32)
Compiling shader "Hidden/Universal/BlitHDROverlay" pass "BilinearDebugDraw" (vp)
    Full variant space:         4
    After settings filtering:   2
    After built-in stripping:   2
    After scriptable stripping: 0
    Processed in 0.00 seconds
    Prepared data for serialisation in 0.00s
Compiling shader "Hidden/Universal/BlitHDROverlay" pass "NearestDebugDraw" (vp)
    Full variant space:         4
    After settings filtering:   2
    After built-in stripping:   2
    After scriptable stripping: 0
    Processed in 0.00 seconds
    Prepared data for serialisation in 0.00s
Serialized binary data for shader Hidden/Universal/BlitHDROverlay in 0.00s
    d3d11 (total internal programs: 0, unique: 0)
Compiling shader "Hidden/Universal Render Pipeline/Deferred+ Shading" pass "Deferred Plus Lights (Lit)" (vp)
    Full variant space:         1
    After settings filtering:   1
    After built-in stripping:   1
    After scriptable stripping: 0
    Processed in 0.00 seconds
    Prepared data for serialisation in 0.00s
Compiling shader "Hidden/Universal Render Pipeline/Deferred+ Shading" pass "Deferred Plus Lights (SimpleLit)" (vp)
    Full variant space:         1
    After settings filtering:   1
    After built-in stripping:   1
    After scriptable stripping: 0
    Processed in 0.00 seconds
    Prepared data for serialisation in 0.00s
Serialized binary data for shader Hidden/Universal Render Pipeline/Deferred+ Shading in 0.00s
    d3d11 (total internal programs: 0, unique: 0)
Compiling shader "Hidden/Universal Render Pipeline/Blit" pass "Blit" (vp)
    Full variant space:         1
    After settings filtering:   1
    After built-in stripping:   1
    After scriptable stripping: 1
    Processed in 0.00 seconds
    starting compilation...
    finished in 0.00 seconds. Local cache hits 1 (0.00s CPU time), remote cache hits 0 (0.00s CPU time), compiled 0 variants (0.00s CPU time), skipped 0 variants
    Prepared data for serialisation in 0.00s
Compiling shader "Hidden/Universal Render Pipeline/Blit" pass "Blit" (fp)
    Full variant space:         4
    After settings filtering:   2
    After built-in stripping:   2
    After scriptable stripping: 2
    Processed in 0.00 seconds
    starting compilation...
    finished in 0.00 seconds. Local cache hits 2 (0.00s CPU time), remote cache hits 0 (0.00s CPU time), compiled 0 variants (0.00s CPU time), skipped 0 variants
    Prepared data for serialisation in 0.00s
Serialized binary data for shader Hidden/Universal Render Pipeline/Blit in 0.00s
    d3d11 (total internal programs: 3, unique: 3)
Compiling shader "Hidden/Universal Render Pipeline/CameraMotionVectors" pass "Camera Motion Vectors" (vp)
    Full variant space:         1
    After settings filtering:   1
    After built-in stripping:   1
    After scriptable stripping: 1
    Processed in 0.00 seconds
    starting compilation...
    finished in 0.00 seconds. Local cache hits 1 (0.00s CPU time), remote cache hits 0 (0.00s CPU time), compiled 0 variants (0.00s CPU time), skipped 0 variants
    Prepared data for serialisation in 0.00s
Compiling shader "Hidden/Universal Render Pipeline/CameraMotionVectors" pass "Camera Motion Vectors" (fp)
    Full variant space:         1
    After settings filtering:   1
    After built-in stripping:   1
    After scriptable stripping: 1
    Processed in 0.00 seconds
    starting compilation...
    finished in 0.00 seconds. Local cache hits 1 (0.00s CPU time), remote cache hits 0 (0.00s CPU time), compiled 0 variants (0.00s CPU time), skipped 0 variants
    Prepared data for serialisation in 0.00s
Serialized binary data for shader Hidden/Universal Render Pipeline/CameraMotionVectors in 0.00s
    d3d11 (total internal programs: 2, unique: 2)
Compiling shader "Hidden/GDRP/DecalBufferEmit" pass "DBuffer Emit" (vp)
    Full variant space:         2
    After settings filtering:   2
    After built-in stripping:   1
    After scriptable stripping: 1
    Processed in 0.00 seconds
    starting compilation...
    finished in 0.00 seconds. Local cache hits 1 (0.00s CPU time), remote cache hits 0 (0.00s CPU time), compiled 0 variants (0.00s CPU time), skipped 0 variants
    Prepared data for serialisation in 0.00s
Compiling shader "Hidden/GDRP/DecalBufferEmit" pass "DBuffer Emit" (fp)
    Full variant space:         2
    After settings filtering:   2
    After built-in stripping:   1
    After scriptable stripping: 1
    Processed in 0.00 seconds
    starting compilation...
    finished in 0.00 seconds. Local cache hits 1 (0.00s CPU time), remote cache hits 0 (0.00s CPU time), compiled 0 variants (0.00s CPU time), skipped 0 variants
    Prepared data for serialisation in 0.00s
Serialized binary data for shader Hidden/GDRP/DecalBufferEmit in 0.00s
    d3d11 (total internal programs: 2, unique: 2)
Compiling shader "Hidden/Universal Render Pipeline/Debug/DebugReplacement" pass "Vertex Attributes" (vp)
    Full variant space:         4
    After settings filtering:   2
    After built-in stripping:   1
    After scriptable stripping: 1
    Processed in 0.00 seconds
    starting compilation...
    finished in 0.00 seconds. Local cache hits 1 (0.00s CPU time), remote cache hits 0 (0.00s CPU time), compiled 0 variants (0.00s CPU time), skipped 0 variants
    Prepared data for serialisation in 0.00s
Compiling shader "Hidden/Universal Render Pipeline/Debug/DebugReplacement" pass "Vertex Attributes" (fp)
    Full variant space:         4
    After settings filtering:   2
    After built-in stripping:   1
    After scriptable stripping: 1
    Processed in 0.00 seconds
    starting compilation...
    finished in 0.00 seconds. Local cache hits 1 (0.00s CPU time), remote cache hits 0 (0.00s CPU time), compiled 0 variants (0.00s CPU time), skipped 0 variants
    Prepared data for serialisation in 0.00s
Serialized binary data for shader Hidden/Universal Render Pipeline/Debug/DebugReplacement in 0.00s
    d3d11 (total internal programs: 2, unique: 2)
Compiling shader "Hidden/Universal/CoreBlitColorAndDepth" pass "" (vp)
    Full variant space:         4
    After settings filtering:   2
    After built-in stripping:   2
    After scriptable stripping: 2
    Processed in 0.00 seconds
    starting compilation...
    finished in 0.00 seconds. Local cache hits 2 (0.00s CPU time), remote cache hits 0 (0.00s CPU time), compiled 0 variants (0.00s CPU time), skipped 0 variants
    Prepared data for serialisation in 0.00s
Compiling shader "Hidden/Universal/CoreBlitColorAndDepth" pass "" (fp)
    Full variant space:         4
    After settings filtering:   2
    After built-in stripping:   2
    After scriptable stripping: 2
    Processed in 0.00 seconds
    starting compilation...
    finished in 0.00 seconds. Local cache hits 2 (0.00s CPU time), remote cache hits 0 (0.00s CPU time), compiled 0 variants (0.00s CPU time), skipped 0 variants
    Prepared data for serialisation in 0.00s
Compiling shader "Hidden/Universal/CoreBlitColorAndDepth" pass "" (vp)
    Full variant space:         4
    After settings filtering:   2
    After built-in stripping:   2
    After scriptable stripping: 2
    Processed in 0.00 seconds
    starting compilation...
    finished in 0.00 seconds. Local cache hits 2 (0.00s CPU time), remote cache hits 0 (0.00s CPU time), compiled 0 variants (0.00s CPU time), skipped 0 variants
    Prepared data for serialisation in 0.00s
Compiling shader "Hidden/Universal/CoreBlitColorAndDepth" pass "" (fp)
    Full variant space:         4
    After settings filtering:   2
    After built-in stripping:   2
    After scriptable stripping: 2
    Processed in 0.00 seconds
    starting compilation...
    finished in 0.00 seconds. Local cache hits 2 (0.00s CPU time), remote cache hits 0 (0.00s CPU time), compiled 0 variants (0.00s CPU time), skipped 0 variants
    Prepared data for serialisation in 0.00s
Serialized binary data for shader Hidden/Universal/CoreBlitColorAndDepth in 0.00s
    d3d11 (total internal programs: 8, unique: 6)
Compiling shader "Hidden/Universal Render Pipeline/CopyDepth" pass "CopyDepth" (vp)
    Full variant space:         8
    After settings filtering:   8
    After built-in stripping:   8
    After scriptable stripping: 8
    Processed in 0.00 seconds
    starting compilation...
    finished in 0.00 seconds. Local cache hits 8 (0.00s CPU time), remote cache hits 0 (0.00s CPU time), compiled 0 variants (0.00s CPU time), skipped 0 variants
    Prepared data for serialisation in 0.00s
Compiling shader "Hidden/Universal Render Pipeline/CopyDepth" pass "CopyDepth" (fp)
    Full variant space:         8
    After settings filtering:   8
    After built-in stripping:   8
    After scriptable stripping: 8
    Processed in 0.00 seconds
    starting compilation...
    finished in 0.00 seconds. Local cache hits 8 (0.00s CPU time), remote cache hits 0 (0.00s CPU time), compiled 0 variants (0.00s CPU time), skipped 0 variants
    Prepared data for serialisation in 0.00s
Serialized binary data for shader Hidden/Universal Render Pipeline/CopyDepth in 0.00s
    d3d11 (total internal programs: 16, unique: 16)
Compiling shader "Hidden/GDRP/MaterialDepth" pass "" (vp)
    Full variant space:         2
    After settings filtering:   2
    After built-in stripping:   1
    After scriptable stripping: 1
    Processed in 0.00 seconds
    starting compilation...
    finished in 0.00 seconds. Local cache hits 1 (0.00s CPU time), remote cache hits 0 (0.00s CPU time), compiled 0 variants (0.00s CPU time), skipped 0 variants
    Prepared data for serialisation in 0.00s
Compiling shader "Hidden/GDRP/MaterialDepth" pass "" (fp)
    Full variant space:         2
    After settings filtering:   2
    After built-in stripping:   1
    After scriptable stripping: 1
    Processed in 0.00 seconds
    starting compilation...
    finished in 0.00 seconds. Local cache hits 1 (0.00s CPU time), remote cache hits 0 (0.00s CPU time), compiled 0 variants (0.00s CPU time), skipped 0 variants
    Prepared data for serialisation in 0.00s
Serialized binary data for shader Hidden/GDRP/MaterialDepth in 0.00s
    d3d11 (total internal programs: 2, unique: 2)
Compiling shader "Hidden/TerrainEngine/Details/UniversalPipeline/WavingDoublePass" pass "" (vp)
    Full variant space:         18432
    After settings filtering:   768
    After built-in stripping:   6
    After scriptable stripping: 2
    Processed in 0.00 seconds
    starting compilation...
    finished in 0.00 seconds. Local cache hits 2 (0.00s CPU time), remote cache hits 0 (0.00s CPU time), compiled 0 variants (0.00s CPU time), skipped 0 variants
    Prepared data for serialisation in 0.00s
Compiling shader "Hidden/TerrainEngine/Details/UniversalPipeline/WavingDoublePass" pass "" (fp)
    Full variant space:         589824
    After settings filtering:   1536
    After built-in stripping:   12
    After scriptable stripping: 4
    Processed in 0.00 seconds
    starting compilation...
    finished in 0.00 seconds. Local cache hits 4 (0.00s CPU time), remote cache hits 0 (0.00s CPU time), compiled 0 variants (0.00s CPU time), skipped 0 variants
    Prepared data for serialisation in 0.00s
Compiling shader "Hidden/TerrainEngine/Details/UniversalPipeline/WavingDoublePass" pass "DepthOnly" (vp)
    Full variant space:         2
    After settings filtering:   2
    After built-in stripping:   1
    After scriptable stripping: 1
    Processed in 0.00 seconds
    starting compilation...
    finished in 0.00 seconds. Local cache hits 1 (0.00s CPU time), remote cache hits 0 (0.00s CPU time), compiled 0 variants (0.00s CPU time), skipped 0 variants
    Prepared data for serialisation in 0.00s
Compiling shader "Hidden/TerrainEngine/Details/UniversalPipeline/WavingDoublePass" pass "DepthOnly" (fp)
    Full variant space:         2
    After settings filtering:   2
    After built-in stripping:   1
    After scriptable stripping: 1
    Processed in 0.00 seconds
    starting compilation...
    finished in 0.00 seconds. Local cache hits 1 (0.00s CPU time), remote cache hits 0 (0.00s CPU time), compiled 0 variants (0.00s CPU time), skipped 0 variants
    Prepared data for serialisation in 0.00s
Compiling shader "Hidden/TerrainEngine/Details/UniversalPipeline/WavingDoublePass" pass "DepthNormalsOnly" (vp)
    Full variant space:         2
    After settings filtering:   2
    After built-in stripping:   1
    After scriptable stripping: 1
    Processed in 0.00 seconds
    starting compilation...
    finished in 0.00 seconds. Local cache hits 1 (0.00s CPU time), remote cache hits 0 (0.00s CPU time), compiled 0 variants (0.00s CPU time), skipped 0 variants
    Prepared data for serialisation in 0.00s
Compiling shader "Hidden/TerrainEngine/Details/UniversalPipeline/WavingDoublePass" pass "DepthNormalsOnly" (fp)
    Full variant space:         4
    After settings filtering:   2
    After built-in stripping:   1
    After scriptable stripping: 1
    Processed in 0.00 seconds
    starting compilation...
    finished in 0.00 seconds. Local cache hits 1 (0.00s CPU time), remote cache hits 0 (0.00s CPU time), compiled 0 variants (0.00s CPU time), skipped 0 variants
    Prepared data for serialisation in 0.00s
Serialized binary data for shader Hidden/TerrainEngine/Details/UniversalPipeline/WavingDoublePass in 0.00s
    d3d11 (total internal programs: 10, unique: 10)
Compiling shader "Hidden/Universal Render Pipeline/FallbackError" pass "" (vp)
    Full variant space:         12
    After settings filtering:   6
    After built-in stripping:   1
    After scriptable stripping: 1
    Processed in 0.00 seconds
    starting compilation...
    finished in 0.00 seconds. Local cache hits 1 (0.00s CPU time), remote cache hits 0 (0.00s CPU time), compiled 0 variants (0.00s CPU time), skipped 0 variants
    Prepared data for serialisation in 0.00s
Compiling shader "Hidden/Universal Render Pipeline/FallbackError" pass "" (fp)
    Full variant space:         12
    After settings filtering:   6
    After built-in stripping:   1
    After scriptable stripping: 1
    Processed in 0.00 seconds
    starting compilation...
    finished in 0.00 seconds. Local cache hits 1 (0.00s CPU time), remote cache hits 0 (0.00s CPU time), compiled 0 variants (0.00s CPU time), skipped 0 variants
    Prepared data for serialisation in 0.00s
Serialized binary data for shader Hidden/Universal Render Pipeline/FallbackError in 0.00s
    d3d11 (total internal programs: 2, unique: 2)
Compiling shader "Hidden/Universal Render Pipeline/StencilDeferred" pass "Stencil Volume" (vp)
    Full variant space:         2
    After settings filtering:   2
    After built-in stripping:   2
    After scriptable stripping: 0
    Processed in 0.00 seconds
    Prepared data for serialisation in 0.00s
Compiling shader "Hidden/Universal Render Pipeline/StencilDeferred" pass "Deferred Punctual Light (Lit)" (vp)
    Full variant space:         2
    After settings filtering:   2
    After built-in stripping:   2
    After scriptable stripping: 0
    Processed in 0.00 seconds
    Prepared data for serialisation in 0.00s
Compiling shader "Hidden/Universal Render Pipeline/StencilDeferred" pass "Deferred Punctual Light (SimpleLit)" (vp)
    Full variant space:         2
    After settings filtering:   2
    After built-in stripping:   2
    After scriptable stripping: 0
    Processed in 0.00 seconds
    Prepared data for serialisation in 0.00s
Compiling shader "Hidden/Universal Render Pipeline/StencilDeferred" pass "Deferred Directional Light (Lit)" (vp)
    Full variant space:         1
    After settings filtering:   1
    After built-in stripping:   1
    After scriptable stripping: 0
    Processed in 0.00 seconds
    Prepared data for serialisation in 0.00s
Compiling shader "Hidden/Universal Render Pipeline/StencilDeferred" pass "Deferred Directional Light (SimpleLit)" (vp)
    Full variant space:         1
    After settings filtering:   1
    After built-in stripping:   1
    After scriptable stripping: 0
    Processed in 0.00 seconds
    Prepared data for serialisation in 0.00s
Compiling shader "Hidden/Universal Render Pipeline/StencilDeferred" pass "Fog" (vp)
    Full variant space:         3
    After settings filtering:   3
    After built-in stripping:   0
    After scriptable stripping: 0
    Processed in 0.00 seconds
    Prepared data for serialisation in 0.00s
Compiling shader "Hidden/Universal Render Pipeline/StencilDeferred" pass "ClearStencilPartial" (vp)
    Full variant space:         1
    After settings filtering:   1
    After built-in stripping:   1
    After scriptable stripping: 0
    Processed in 0.00 seconds
    Prepared data for serialisation in 0.00s
Compiling shader "Hidden/Universal Render Pipeline/StencilDeferred" pass "SSAOOnly" (vp)
    Full variant space:         2
    After settings filtering:   1
    After built-in stripping:   1
    After scriptable stripping: 0
    Processed in 0.00 seconds
    Prepared data for serialisation in 0.00s
Compiling shader "Hidden/Universal Render Pipeline/StencilDeferred" pass "GI" (vp)
    Full variant space:         2
    After settings filtering:   2
    After built-in stripping:   2
    After scriptable stripping: 0
    Processed in 0.00 seconds
    Prepared data for serialisation in 0.00s
Serialized binary data for shader Hidden/Universal Render Pipeline/StencilDeferred in 0.00s
    d3d11 (total internal programs: 0, unique: 0)
Compiling shader "Hidden/Universal Render Pipeline/ShadingRate" pass "Shading Rate" (vp)
    Full variant space:         1
    After settings filtering:   1
    After built-in stripping:   1
    After scriptable stripping: 1
    Processed in 0.00 seconds
    starting compilation...
    finished in 0.00 seconds. Local cache hits 1 (0.00s CPU time), remote cache hits 0 (0.00s CPU time), compiled 0 variants (0.00s CPU time), skipped 0 variants
    Prepared data for serialisation in 0.00s
Compiling shader "Hidden/Universal Render Pipeline/ShadingRate" pass "Shading Rate" (fp)
    Full variant space:         1
    After settings filtering:   1
    After built-in stripping:   1
    After scriptable stripping: 1
    Processed in 0.00 seconds
    starting compilation...
    finished in 0.00 seconds. Local cache hits 1 (0.00s CPU time), remote cache hits 0 (0.00s CPU time), compiled 0 variants (0.00s CPU time), skipped 0 variants
    Prepared data for serialisation in 0.00s
Serialized binary data for shader Hidden/Universal Render Pipeline/ShadingRate in 0.00s
    d3d11 (total internal programs: 2, unique: 2)
Compiling shader "Hidden/TerrainEngine/Details/UniversalPipeline/Vertexlit" pass "TerrainDetailVertex" (vp)
    Full variant space:         3072
    After settings filtering:   128
    After built-in stripping:   2
    After scriptable stripping: 2
    Processed in 0.00 seconds
    starting compilation...
    finished in 0.00 seconds. Local cache hits 2 (0.00s CPU time), remote cache hits 0 (0.00s CPU time), compiled 0 variants (0.00s CPU time), skipped 0 variants
    Prepared data for serialisation in 0.00s
Compiling shader "Hidden/TerrainEngine/Details/UniversalPipeline/Vertexlit" pass "TerrainDetailVertex" (fp)
    Full variant space:         61440
    After settings filtering:   256
    After built-in stripping:   4
    After scriptable stripping: 4
    Processed in 0.00 seconds
    starting compilation...
    finished in 0.00 seconds. Local cache hits 4 (0.00s CPU time), remote cache hits 0 (0.00s CPU time), compiled 0 variants (0.00s CPU time), skipped 0 variants
    Prepared data for serialisation in 0.00s
Compiling shader "Hidden/TerrainEngine/Details/UniversalPipeline/Vertexlit" pass "TerrainDetailVertex - GBuffer" (vp)
    Full variant space:         64
    After settings filtering:   16
    After built-in stripping:   4
    After scriptable stripping: 4
    Processed in 0.00 seconds
    starting compilation...
    finished in 0.00 seconds. Local cache hits 4 (0.00s CPU time), remote cache hits 0 (0.00s CPU time), compiled 0 variants (0.00s CPU time), skipped 0 variants
    Prepared data for serialisation in 0.00s
Compiling shader "Hidden/TerrainEngine/Details/UniversalPipeline/Vertexlit" pass "TerrainDetailVertex - GBuffer" (fp)
    Full variant space:         1280
    After settings filtering:   16
    After built-in stripping:   4
    After scriptable stripping: 4
    Processed in 0.00 seconds
    starting compilation...
    finished in 0.00 seconds. Local cache hits 4 (0.00s CPU time), remote cache hits 0 (0.00s CPU time), compiled 0 variants (0.00s CPU time), skipped 0 variants
    Prepared data for serialisation in 0.00s
Compiling shader "Hidden/TerrainEngine/Details/UniversalPipeline/Vertexlit" pass "DepthOnly" (vp)
    Full variant space:         2
    After settings filtering:   2
    After built-in stripping:   1
    After scriptable stripping: 1
    Processed in 0.00 seconds
    starting compilation...
    finished in 0.00 seconds. Local cache hits 1 (0.00s CPU time), remote cache hits 0 (0.00s CPU time), compiled 0 variants (0.00s CPU time), skipped 0 variants
    Prepared data for serialisation in 0.00s
Compiling shader "Hidden/TerrainEngine/Details/UniversalPipeline/Vertexlit" pass "DepthOnly" (fp)
    Full variant space:         2
    After settings filtering:   2
    After built-in stripping:   1
    After scriptable stripping: 1
    Processed in 0.00 seconds
    starting compilation...
    finished in 0.00 seconds. Local cache hits 1 (0.00s CPU time), remote cache hits 0 (0.00s CPU time), compiled 0 variants (0.00s CPU time), skipped 0 variants
    Prepared data for serialisation in 0.00s
Compiling shader "Hidden/TerrainEngine/Details/UniversalPipeline/Vertexlit" pass "DepthNormals" (vp)
    Full variant space:         2
    After settings filtering:   2
    After built-in stripping:   1
    After scriptable stripping: 1
    Processed in 0.00 seconds
    starting compilation...
    finished in 0.00 seconds. Local cache hits 1 (0.00s CPU time), remote cache hits 0 (0.00s CPU time), compiled 0 variants (0.00s CPU time), skipped 0 variants
    Prepared data for serialisation in 0.00s
Compiling shader "Hidden/TerrainEngine/Details/UniversalPipeline/Vertexlit" pass "DepthNormals" (fp)
    Full variant space:         2
    After settings filtering:   2
    After built-in stripping:   1
    After scriptable stripping: 1
    Processed in 0.00 seconds
    starting compilation...
    finished in 0.00 seconds. Local cache hits 1 (0.00s CPU time), remote cache hits 0 (0.00s CPU time), compiled 0 variants (0.00s CPU time), skipped 0 variants
    Prepared data for serialisation in 0.00s
Serialized binary data for shader Hidden/TerrainEngine/Details/UniversalPipeline/Vertexlit in 0.00s
    d3d11 (total internal programs: 18, unique: 18)
Compiling compute shader "ReprojectSRI"
    starting stripping...
    finished in 0.00 seconds. 8 of 8 variants left
    8 variants, starting compilation...
    finished in 0.00 seconds. Local cache hits 8, remote cache hits 0, compiled 0 variants
Compiling compute shader "GenerateSRI"
    starting stripping...
    finished in 0.00 seconds. 3 of 3 variants left
    3 variants, starting compilation...
    finished in 0.00 seconds. Local cache hits 3, remote cache hits 0, compiled 0 variants
Compiling compute shader "TuanjieGIGPUCopy"
    starting stripping...
    finished in 0.00 seconds. 2 of 2 variants left
    2 variants, starting compilation...
    finished in 0.00 seconds. Local cache hits 2, remote cache hits 0, compiled 0 variants
Compiling compute shader "TuanjieGIBuildDepthPyramid"
    starting stripping...
    finished in 0.00 seconds. 1 of 1 variants left
    1 variants, starting compilation...
    finished in 0.00 seconds. Local cache hits 1, remote cache hits 0, compiled 0 variants
Compiling compute shader "TuanjieGICopyTexture"
    starting stripping...
    finished in 0.00 seconds. 1 of 1 variants left
    1 variants, starting compilation...
    finished in 0.00 seconds. Local cache hits 1, remote cache hits 0, compiled 0 variants
Compiling compute shader "DepthPyramid"
    starting stripping...
    finished in 0.00 seconds. 8 of 8 variants left
    8 variants, starting compilation...
    finished in 0.00 seconds. Local cache hits 8, remote cache hits 0, compiled 0 variants
Compiling compute shader "ReflectionProbeCulling"
    starting stripping...
    finished in 0.00 seconds. 4 of 4 variants left
    4 variants, starting compilation...
    finished in 0.00 seconds. Local cache hits 4, remote cache hits 0, compiled 0 variants
Compiling shader "Skybox/Procedural" pass "" (vp)
    Full variant space:         3
    After settings filtering:   3
    After built-in stripping:   3
    After scriptable stripping: 3
    Processed in 0.00 seconds
    starting compilation...
    finished in 0.00 seconds. Local cache hits 3 (0.00s CPU time), remote cache hits 0 (0.00s CPU time), compiled 0 variants (0.00s CPU time), skipped 0 variants
    Prepared data for serialisation in 0.00s
Compiling shader "Skybox/Procedural" pass "" (fp)
    Full variant space:         3
    After settings filtering:   3
    After built-in stripping:   3
    After scriptable stripping: 3
    Processed in 0.00 seconds
    starting compilation...
    finished in 0.00 seconds. Local cache hits 3 (0.00s CPU time), remote cache hits 0 (0.00s CPU time), compiled 0 variants (0.00s CPU time), skipped 0 variants
    Prepared data for serialisation in 0.00s
Serialized binary data for shader Skybox/Procedural in 0.00s
    d3d11 (total internal programs: 6, unique: 6)
Compiling shader "Universal Render Pipeline/Particles/Unlit" pass "ForwardLit" (vp)
    Full variant space:         48
    After settings filtering:   24
    After built-in stripping:   2
    After scriptable stripping: 2
    Processed in 0.00 seconds
    starting compilation...
    finished in 0.00 seconds. Local cache hits 2 (0.00s CPU time), remote cache hits 0 (0.00s CPU time), compiled 0 variants (0.00s CPU time), skipped 0 variants
    Prepared data for serialisation in 0.00s
Compiling shader "Universal Render Pipeline/Particles/Unlit" pass "ForwardLit" (fp)
    Full variant space:         192
    After settings filtering:   24
    After built-in stripping:   2
    After scriptable stripping: 2
    Processed in 0.00 seconds
    starting compilation...
    finished in 0.00 seconds. Local cache hits 2 (0.00s CPU time), remote cache hits 0 (0.00s CPU time), compiled 0 variants (0.00s CPU time), skipped 0 variants
    Prepared data for serialisation in 0.00s
Compiling shader "Universal Render Pipeline/Particles/Unlit" pass "DepthOnly" (vp)
    Full variant space:         12
    After settings filtering:   6
    After built-in stripping:   2
    After scriptable stripping: 2
    Processed in 0.00 seconds
    starting compilation...
    finished in 0.00 seconds. Local cache hits 2 (0.00s CPU time), remote cache hits 0 (0.00s CPU time), compiled 0 variants (0.00s CPU time), skipped 0 variants
    Prepared data for serialisation in 0.00s
Compiling shader "Universal Render Pipeline/Particles/Unlit" pass "DepthOnly" (fp)
    Full variant space:         12
    After settings filtering:   6
    After built-in stripping:   2
    After scriptable stripping: 2
    Processed in 0.00 seconds
    starting compilation...
    finished in 0.00 seconds. Local cache hits 2 (0.00s CPU time), remote cache hits 0 (0.00s CPU time), compiled 0 variants (0.00s CPU time), skipped 0 variants
    Prepared data for serialisation in 0.00s
Compiling shader "Universal Render Pipeline/Particles/Unlit" pass "DepthNormalsOnly" (vp)
    Full variant space:         8
    After settings filtering:   4
    After built-in stripping:   1
    After scriptable stripping: 1
    Processed in 0.00 seconds
    starting compilation...
    finished in 0.00 seconds. Local cache hits 1 (0.00s CPU time), remote cache hits 0 (0.00s CPU time), compiled 0 variants (0.00s CPU time), skipped 0 variants
    Prepared data for serialisation in 0.00s
Compiling shader "Universal Render Pipeline/Particles/Unlit" pass "DepthNormalsOnly" (fp)
    Full variant space:         16
    After settings filtering:   4
    After built-in stripping:   1
    After scriptable stripping: 1
    Processed in 0.00 seconds
    starting compilation...
    finished in 0.00 seconds. Local cache hits 1 (0.00s CPU time), remote cache hits 0 (0.00s CPU time), compiled 0 variants (0.00s CPU time), skipped 0 variants
    Prepared data for serialisation in 0.00s
Serialized binary data for shader Universal Render Pipeline/Particles/Unlit in 0.00s
    d3d11 (total internal programs: 10, unique: 10)
Compiling shader "Universal Render Pipeline/Unlit" pass "Unlit" (vp)
    Full variant space:         64
    After settings filtering:   16
    After built-in stripping:   1
    After scriptable stripping: 1
    Processed in 0.00 seconds
    starting compilation...
    finished in 0.00 seconds. Local cache hits 1 (0.00s CPU time), remote cache hits 0 (0.00s CPU time), compiled 0 variants (0.00s CPU time), skipped 0 variants
    Prepared data for serialisation in 0.00s
Compiling shader "Universal Render Pipeline/Unlit" pass "Unlit" (fp)
    Full variant space:         2048
    After settings filtering:   32
    After built-in stripping:   2
    After scriptable stripping: 2
    Processed in 0.00 seconds
    starting compilation...
    finished in 0.00 seconds. Local cache hits 2 (0.00s CPU time), remote cache hits 0 (0.00s CPU time), compiled 0 variants (0.00s CPU time), skipped 0 variants
    Prepared data for serialisation in 0.00s
Compiling shader "Universal Render Pipeline/Unlit" pass "GBuffer" (vp)
    Full variant space:         8
    After settings filtering:   4
    After built-in stripping:   1
    After scriptable stripping: 0
    Processed in 0.00 seconds
    Prepared data for serialisation in 0.00s
Compiling shader "Universal Render Pipeline/Unlit" pass "DepthOnly" (vp)
    Full variant space:         8
    After settings filtering:   4
    After built-in stripping:   1
    After scriptable stripping: 1
    Processed in 0.00 seconds
    starting compilation...
    finished in 0.00 seconds. Local cache hits 1 (0.00s CPU time), remote cache hits 0 (0.00s CPU time), compiled 0 variants (0.00s CPU time), skipped 0 variants
    Prepared data for serialisation in 0.00s
Compiling shader "Universal Render Pipeline/Unlit" pass "DepthOnly" (fp)
    Full variant space:         16
    After settings filtering:   8
    After built-in stripping:   2
    After scriptable stripping: 2
    Processed in 0.00 seconds
    starting compilation...
    finished in 0.00 seconds. Local cache hits 2 (0.00s CPU time), remote cache hits 0 (0.00s CPU time), compiled 0 variants (0.00s CPU time), skipped 0 variants
    Prepared data for serialisation in 0.00s
Compiling shader "Universal Render Pipeline/Unlit" pass "DepthNormalsOnly" (vp)
    Full variant space:         8
    After settings filtering:   4
    After built-in stripping:   1
    After scriptable stripping: 1
    Processed in 0.00 seconds
    starting compilation...
    finished in 0.00 seconds. Local cache hits 1 (0.00s CPU time), remote cache hits 0 (0.00s CPU time), compiled 0 variants (0.00s CPU time), skipped 0 variants
    Prepared data for serialisation in 0.00s
Compiling shader "Universal Render Pipeline/Unlit" pass "DepthNormalsOnly" (fp)
    Full variant space:         64
    After settings filtering:   8
    After built-in stripping:   2
    After scriptable stripping: 2
    Processed in 0.00 seconds
    starting compilation...
    finished in 0.00 seconds. Local cache hits 2 (0.00s CPU time), remote cache hits 0 (0.00s CPU time), compiled 0 variants (0.00s CPU time), skipped 0 variants
    Prepared data for serialisation in 0.00s
Serialized binary data for shader Universal Render Pipeline/Unlit in 0.00s
    d3d11 (total internal programs: 9, unique: 9)
Compiling shader "Universal Render Pipeline/Lit" pass "ForwardLit" (vp)
    Full variant space:         452984832
    After settings filtering:   6144
    After built-in stripping:   6
    After scriptable stripping: 2
    Processed in 0.00 seconds
    starting compilation...
    finished in 0.00 seconds. Local cache hits 2 (0.00s CPU time), remote cache hits 0 (0.00s CPU time), compiled 0 variants (0.00s CPU time), skipped 0 variants
    Prepared data for serialisation in 0.00s
Compiling shader "Universal Render Pipeline/Lit" pass "ForwardLit" (fp)
    Full variant space:         1159641169920
    After settings filtering:   12288
    After built-in stripping:   24
    After scriptable stripping: 8
    Processed in 0.00 seconds
    starting compilation...
    finished in 0.00 seconds. Local cache hits 8 (0.00s CPU time), remote cache hits 0 (0.00s CPU time), compiled 0 variants (0.00s CPU time), skipped 0 variants
    Prepared data for serialisation in 0.00s
Compiling shader "Universal Render Pipeline/Lit" pass "ShadowCaster" (vp)
    Full variant space:         32
    After settings filtering:   16
    After built-in stripping:   2
    After scriptable stripping: 1
    Processed in 0.00 seconds
    starting compilation...
    finished in 0.00 seconds. Local cache hits 1 (0.00s CPU time), remote cache hits 0 (0.00s CPU time), compiled 0 variants (0.00s CPU time), skipped 0 variants
    Prepared data for serialisation in 0.00s
Compiling shader "Universal Render Pipeline/Lit" pass "ShadowCaster" (fp)
    Full variant space:         16
    After settings filtering:   8
    After built-in stripping:   2
    After scriptable stripping: 2
    Processed in 0.00 seconds
    starting compilation...
    finished in 0.00 seconds. Local cache hits 2 (0.00s CPU time), remote cache hits 0 (0.00s CPU time), compiled 0 variants (0.00s CPU time), skipped 0 variants
    Prepared data for serialisation in 0.00s
Compiling shader "Universal Render Pipeline/Lit" pass "GBuffer" (vp)
    Full variant space:         1572864
    After settings filtering:   256
    After built-in stripping:   2
    After scriptable stripping: 0
    Processed in 0.00 seconds
    Prepared data for serialisation in 0.00s
Compiling shader "Universal Render Pipeline/Lit" pass "FacetGBuffer" (vp)
    Full variant space:         12
    After settings filtering:   6
    After built-in stripping:   2
    After scriptable stripping: 0
    Processed in 0.00 seconds
    Prepared data for serialisation in 0.00s
Compiling shader "Universal Render Pipeline/Lit" pass "GBufferSplat" (vp)
    Full variant space:         589824
    After settings filtering:   384
    After built-in stripping:   8
    After scriptable stripping: 0
    Processed in 0.00 seconds
    Prepared data for serialisation in 0.00s
Compiling shader "Universal Render Pipeline/Lit" pass "VBuffer" (vp)
    Full variant space:         6
    After settings filtering:   6
    After built-in stripping:   2
    After scriptable stripping: 0
    Processed in 0.00 seconds
    Prepared data for serialisation in 0.00s
Compiling shader "Universal Render Pipeline/Lit" pass "VBufferMultiView" (vp)
    Full variant space:         6
    After settings filtering:   6
    After built-in stripping:   2
    After scriptable stripping: 0
    Processed in 0.00 seconds
    Prepared data for serialisation in 0.00s
Compiling shader "Universal Render Pipeline/Lit" pass "MeshSelection" (vp)
    Full variant space:         6
    After settings filtering:   6
    After built-in stripping:   2
    After scriptable stripping: 0
    Processed in 0.00 seconds
    Prepared data for serialisation in 0.00s
Compiling shader "Universal Render Pipeline/Lit" pass "VGShadowMapSingleView" (vp)
    Full variant space:         24
    After settings filtering:   24
    After built-in stripping:   8
    After scriptable stripping: 0
    Processed in 0.00 seconds
    Prepared data for serialisation in 0.00s
Compiling shader "Universal Render Pipeline/Lit" pass "VGShadowMapMultiView" (vp)
    Full variant space:         24
    After settings filtering:   24
    After built-in stripping:   8
    After scriptable stripping: 0
    Processed in 0.00 seconds
    Prepared data for serialisation in 0.00s
Compiling shader "Universal Render Pipeline/Lit" pass "VGMotionVectors" (vp)
    Full variant space:         6
    After settings filtering:   6
    After built-in stripping:   2
    After scriptable stripping: 2
    Processed in 0.00 seconds
    starting compilation...
    finished in 0.00 seconds. Local cache hits 2 (0.00s CPU time), remote cache hits 0 (0.00s CPU time), compiled 0 variants (0.00s CPU time), skipped 0 variants
    Prepared data for serialisation in 0.00s
Compiling shader "Universal Render Pipeline/Lit" pass "VGMotionVectors" (fp)
    Full variant space:         6
    After settings filtering:   6
    After built-in stripping:   2
    After scriptable stripping: 2
    Processed in 0.00 seconds
    starting compilation...
    finished in 0.00 seconds. Local cache hits 2 (0.00s CPU time), remote cache hits 0 (0.00s CPU time), compiled 0 variants (0.00s CPU time), skipped 0 variants
    Prepared data for serialisation in 0.00s
Compiling shader "Universal Render Pipeline/Lit" pass "DepthOnly" (vp)
    Full variant space:         16
    After settings filtering:   8
    After built-in stripping:   1
    After scriptable stripping: 1
    Processed in 0.00 seconds
    starting compilation...
    finished in 0.00 seconds. Local cache hits 1 (0.00s CPU time), remote cache hits 0 (0.00s CPU time), compiled 0 variants (0.00s CPU time), skipped 0 variants
    Prepared data for serialisation in 0.00s
Compiling shader "Universal Render Pipeline/Lit" pass "DepthOnly" (fp)
    Full variant space:         16
    After settings filtering:   8
    After built-in stripping:   2
    After scriptable stripping: 2
    Processed in 0.00 seconds
    starting compilation...
    finished in 0.00 seconds. Local cache hits 2 (0.00s CPU time), remote cache hits 0 (0.00s CPU time), compiled 0 variants (0.00s CPU time), skipped 0 variants
    Prepared data for serialisation in 0.00s
Compiling shader "Universal Render Pipeline/Lit" pass "DepthNormals" (vp)
    Full variant space:         16
    After settings filtering:   8
    After built-in stripping:   1
    After scriptable stripping: 1
    Processed in 0.00 seconds
    starting compilation...
    finished in 0.00 seconds. Local cache hits 1 (0.00s CPU time), remote cache hits 0 (0.00s CPU time), compiled 0 variants (0.00s CPU time), skipped 0 variants
    Prepared data for serialisation in 0.00s
Compiling shader "Universal Render Pipeline/Lit" pass "DepthNormals" (fp)
    Full variant space:         32
    After settings filtering:   8
    After built-in stripping:   2
    After scriptable stripping: 2
    Processed in 0.00 seconds
    starting compilation...
    finished in 0.00 seconds. Local cache hits 2 (0.00s CPU time), remote cache hits 0 (0.00s CPU time), compiled 0 variants (0.00s CPU time), skipped 0 variants
    Prepared data for serialisation in 0.00s
Compiling shader "Universal Render Pipeline/Lit" pass "Universal2D" (vp)
    Full variant space:         4
    After settings filtering:   2
    After built-in stripping:   1
    After scriptable stripping: 0
    Processed in 0.00 seconds
    Prepared data for serialisation in 0.00s
Compiling shader "Universal Render Pipeline/Lit" pass "VGFacetGBuffer" (vp)
    Full variant space:         6
    After settings filtering:   6
    After built-in stripping:   2
    After scriptable stripping: 0
    Processed in 0.00 seconds
    Prepared data for serialisation in 0.00s
Serialized binary data for shader Universal Render Pipeline/Lit in 0.00s
    d3d11 (total internal programs: 23, unique: 23)
Shader warning in 'Universal Render Pipeline/Lit': use of potentially uninitialized variable (output) at /Users/Admin/Documents/Codex/2026-10-06/unity-6-unity-emberward-3d-roguelite/outputs/StoneSignal/Library/PackageCache/com.unity.render-pipelines.universal@14.2.0-t1/Shaders/GpuMotionVectors.hlsl(283) (on d3d11)

Compiling Subshader: 0, Pass: VGMotionVectors, Vertex program with <no keywords>
Platform defines: SHADER_API_DESKTOP UNITY_ENABLE_DETAIL_NORMALMAP UNITY_ENABLE_REFLECTION_BUFFERS UNITY_LIGHTMAP_FULL_HDR UNITY_LIGHT_PROBE_PROXY_VOLUME UNITY_PBS_USE_BRDF1 UNITY_SPECCUBE_BLENDING UNITY_SPECCUBE_BOX_PROJECTION UNITY_USE_DITHER_MASK_FOR_ALPHABLENDED_SHADOWS
Disabled keywords: INSTANCING_ON PROCEDURAL_INSTANCING_ON SHADER_API_DECL_IMMCB_AS_CONST SHADER_API_DECL_TEMPS_IN_MAIN SHADER_API_GLES30 SHADER_API_MAX_VISIBLE_LIGHTS_16 UNITY_ASTC_NORMALMAP_ENCODING UNITY_COLORSPACE_GAMMA UNITY_FRAMEBUFFER_FETCH_AVAILABLE UNITY_HALF_PRECISION_FRAGMENT_SHADER_REGISTERS UNITY_HARDWARE_TIER1 UNITY_HARDWARE_TIER2 UNITY_HARDWARE_TIER3 UNITY_LIGHTMAP_DLDR_ENCODING UNITY_LIGHTMAP_RGBM_ENCODING UNITY_METAL_SHADOWS_USE_POINT_FILTERING UNITY_NO_DXT5nm UNITY_NO_FULL_STANDARD_SHADER UNITY_NO_SCREENSPACE_SHADOWS UNITY_PBS_USE_BRDF2 UNITY_PBS_USE_BRDF3 UNITY_PRETRANSFORM_TO_DISPLAY_ORIENTATION UNITY_UNIFIED_SHADER_PRECISION_MODEL UNITY_VIRTUAL_TEXTURING VG_ENABLE_FIXED_ENCODE_VERTEX_DATA
Compiling shader "Legacy Shaders/VertexLit" pass "" (vp)
    Full variant space:         12
    After settings filtering:   12
    After built-in stripping:   3
    After scriptable stripping: 3
    Processed in 0.00 seconds
    starting compilation...
    finished in 0.00 seconds. Local cache hits 3 (0.00s CPU time), remote cache hits 0 (0.00s CPU time), compiled 0 variants (0.00s CPU time), skipped 0 variants
    Prepared data for serialisation in 0.00s
Compiling shader "Legacy Shaders/VertexLit" pass "" (fp)
    Full variant space:         12
    After settings filtering:   12
    After built-in stripping:   3
    After scriptable stripping: 3
    Processed in 0.00 seconds
    starting compilation...
    finished in 0.00 seconds. Local cache hits 3 (0.00s CPU time), remote cache hits 0 (0.00s CPU time), compiled 0 variants (0.00s CPU time), skipped 0 variants
    Prepared data for serialisation in 0.00s
Compiling shader "Legacy Shaders/VertexLit" pass "" (vp)
    Full variant space:         4
    After settings filtering:   4
    After built-in stripping:   1
    After scriptable stripping: 1
    Processed in 0.00 seconds
    starting compilation...
    finished in 0.00 seconds. Local cache hits 1 (0.00s CPU time), remote cache hits 0 (0.00s CPU time), compiled 0 variants (0.00s CPU time), skipped 0 variants
    Prepared data for serialisation in 0.00s
Compiling shader "Legacy Shaders/VertexLit" pass "" (fp)
    Full variant space:         4
    After settings filtering:   4
    After built-in stripping:   1
    After scriptable stripping: 1
    Processed in 0.00 seconds
    starting compilation...
    finished in 0.00 seconds. Local cache hits 1 (0.00s CPU time), remote cache hits 0 (0.00s CPU time), compiled 0 variants (0.00s CPU time), skipped 0 variants
    Prepared data for serialisation in 0.00s
Compiling shader "Legacy Shaders/VertexLit" pass "ShadowCaster" (vp)
    Full variant space:         4
    After settings filtering:   4
    After built-in stripping:   2
    After scriptable stripping: 2
    Processed in 0.00 seconds
    starting compilation...
    finished in 0.00 seconds. Local cache hits 2 (0.00s CPU time), remote cache hits 0 (0.00s CPU time), compiled 0 variants (0.00s CPU time), skipped 0 variants
    Prepared data for serialisation in 0.00s
Compiling shader "Legacy Shaders/VertexLit" pass "ShadowCaster" (fp)
    Full variant space:         4
    After settings filtering:   4
    After built-in stripping:   2
    After scriptable stripping: 2
    Processed in 0.00 seconds
    starting compilation...
    finished in 0.00 seconds. Local cache hits 2 (0.00s CPU time), remote cache hits 0 (0.00s CPU time), compiled 0 variants (0.00s CPU time), skipped 0 variants
    Prepared data for serialisation in 0.00s
Serialized binary data for shader Legacy Shaders/VertexLit in 0.00s
    d3d11 (total internal programs: 12, unique: 12)
Compiling shader "Legacy Shaders/Diffuse" pass "FORWARD" (vp)
    Full variant space:         664
    After settings filtering:   664
    After built-in stripping:   8
    After scriptable stripping: 8
    Processed in 0.00 seconds
    starting compilation...
    finished in 0.00 seconds. Local cache hits 8 (0.00s CPU time), remote cache hits 0 (0.00s CPU time), compiled 0 variants (0.00s CPU time), skipped 0 variants
    Prepared data for serialisation in 0.00s
Compiling shader "Legacy Shaders/Diffuse" pass "FORWARD" (fp)
    Full variant space:         504
    After settings filtering:   504
    After built-in stripping:   4
    After scriptable stripping: 4
    Processed in 0.00 seconds
    starting compilation...
    finished in 0.00 seconds. Local cache hits 4 (0.00s CPU time), remote cache hits 0 (0.00s CPU time), compiled 0 variants (0.00s CPU time), skipped 0 variants
    Prepared data for serialisation in 0.00s
Compiling shader "Legacy Shaders/Diffuse" pass "FORWARD" (vp)
    Full variant space:         20
    After settings filtering:   20
    After built-in stripping:   5
    After scriptable stripping: 5
    Processed in 0.00 seconds
    starting compilation...
    finished in 0.00 seconds. Local cache hits 5 (0.00s CPU time), remote cache hits 0 (0.00s CPU time), compiled 0 variants (0.00s CPU time), skipped 0 variants
    Prepared data for serialisation in 0.00s
Compiling shader "Legacy Shaders/Diffuse" pass "FORWARD" (fp)
    Full variant space:         20
    After settings filtering:   20
    After built-in stripping:   5
    After scriptable stripping: 5
    Processed in 0.00 seconds
    starting compilation...
    finished in 0.00 seconds. Local cache hits 5 (0.00s CPU time), remote cache hits 0 (0.00s CPU time), compiled 0 variants (0.00s CPU time), skipped 0 variants
    Prepared data for serialisation in 0.00s
Compiling shader "Legacy Shaders/Diffuse" pass "DEFERRED" (vp)
    Full variant space:         76
    After settings filtering:   76
    After built-in stripping:   4
    After scriptable stripping: 4
    Processed in 0.00 seconds
    starting compilation...
    finished in 0.00 seconds. Local cache hits 4 (0.00s CPU time), remote cache hits 0 (0.00s CPU time), compiled 0 variants (0.00s CPU time), skipped 0 variants
    Prepared data for serialisation in 0.00s
Compiling shader "Legacy Shaders/Diffuse" pass "DEFERRED" (fp)
    Full variant space:         76
    After settings filtering:   76
    After built-in stripping:   4
    After scriptable stripping: 4
    Processed in 0.00 seconds
    starting compilation...
    finished in 0.00 seconds. Local cache hits 4 (0.00s CPU time), remote cache hits 0 (0.00s CPU time), compiled 0 variants (0.00s CPU time), skipped 0 variants
    Prepared data for serialisation in 0.00s
Serialized binary data for shader Legacy Shaders/Diffuse in 0.00s
    d3d11 (total internal programs: 30, unique: 30)
Compiling shader "Hidden/Internal-StencilWrite" pass "" (vp)
    Full variant space:         1
    After settings filtering:   1
    After built-in stripping:   1
    After scriptable stripping: 1
    Processed in 0.00 seconds
    starting compilation...
    finished in 0.00 seconds. Local cache hits 1 (0.00s CPU time), remote cache hits 0 (0.00s CPU time), compiled 0 variants (0.00s CPU time), skipped 0 variants
    Prepared data for serialisation in 0.00s
Compiling shader "Hidden/Internal-StencilWrite" pass "" (fp)
    Full variant space:         1
    After settings filtering:   1
    After built-in stripping:   1
    After scriptable stripping: 1
    Processed in 0.00 seconds
    starting compilation...
    finished in 0.00 seconds. Local cache hits 1 (0.00s CPU time), remote cache hits 0 (0.00s CPU time), compiled 0 variants (0.00s CPU time), skipped 0 variants
    Prepared data for serialisation in 0.00s
Serialized binary data for shader Hidden/Internal-StencilWrite in 0.00s
    d3d11 (total internal programs: 2, unique: 2)
Compiling shader "Hidden/Internal-DepthNormalsTexture" pass "" (vp)
    Full variant space:         1
    After settings filtering:   1
    After built-in stripping:   1
    After scriptable stripping: 1
    Processed in 0.00 seconds
    starting compilation...
    finished in 0.00 seconds. Local cache hits 1 (0.00s CPU time), remote cache hits 0 (0.00s CPU time), compiled 0 variants (0.00s CPU time), skipped 0 variants
    Prepared data for serialisation in 0.00s
Compiling shader "Hidden/Internal-DepthNormalsTexture" pass "" (fp)
    Full variant space:         1
    After settings filtering:   1
    After built-in stripping:   1
    After scriptable stripping: 1
    Processed in 0.00 seconds
    starting compilation...
    finished in 0.00 seconds. Local cache hits 1 (0.00s CPU time), remote cache hits 0 (0.00s CPU time), compiled 0 variants (0.00s CPU time), skipped 0 variants
    Prepared data for serialisation in 0.00s
Compiling shader "Hidden/Internal-DepthNormalsTexture" pass "" (vp)
    Full variant space:         1
    After settings filtering:   1
    After built-in stripping:   1
    After scriptable stripping: 1
    Processed in 0.00 seconds
    starting compilation...
    finished in 0.00 seconds. Local cache hits 1 (0.00s CPU time), remote cache hits 0 (0.00s CPU time), compiled 0 variants (0.00s CPU time), skipped 0 variants
    Prepared data for serialisation in 0.00s
Compiling shader "Hidden/Internal-DepthNormalsTexture" pass "" (fp)
    Full variant space:         1
    After settings filtering:   1
    After built-in stripping:   1
    After scriptable stripping: 1
    Processed in 0.00 seconds
    starting compilation...
    finished in 0.00 seconds. Local cache hits 1 (0.00s CPU time), remote cache hits 0 (0.00s CPU time), compiled 0 variants (0.00s CPU time), skipped 0 variants
    Prepared data for serialisation in 0.00s
Compiling shader "Hidden/Internal-DepthNormalsTexture" pass "" (vp)
    Full variant space:         1
    After settings filtering:   1
    After built-in stripping:   1
    After scriptable stripping: 1
    Processed in 0.00 seconds
    starting compilation...
    finished in 0.00 seconds. Local cache hits 1 (0.00s CPU time), remote cache hits 0 (0.00s CPU time), compiled 0 variants (0.00s CPU time), skipped 0 variants
    Prepared data for serialisation in 0.00s
Compiling shader "Hidden/Internal-DepthNormalsTexture" pass "" (fp)
    Full variant space:         1
    After settings filtering:   1
    After built-in stripping:   1
    After scriptable stripping: 1
    Processed in 0.00 seconds
    starting compilation...
    finished in 0.00 seconds. Local cache hits 1 (0.00s CPU time), remote cache hits 0 (0.00s CPU time), compiled 0 variants (0.00s CPU time), skipped 0 variants
    Prepared data for serialisation in 0.00s
Compiling shader "Hidden/Internal-DepthNormalsTexture" pass "" (vp)
    Full variant space:         1
    After settings filtering:   1
    After built-in stripping:   1
    After scriptable stripping: 1
    Processed in 0.00 seconds
    starting compilation...
    finished in 0.00 seconds. Local cache hits 1 (0.00s CPU time), remote cache hits 0 (0.00s CPU time), compiled 0 variants (0.00s CPU time), skipped 0 variants
    Prepared data for serialisation in 0.00s
Compiling shader "Hidden/Internal-DepthNormalsTexture" pass "" (fp)
    Full variant space:         1
    After settings filtering:   1
    After built-in stripping:   1
    After scriptable stripping: 1
    Processed in 0.00 seconds
    starting compilation...
    finished in 0.00 seconds. Local cache hits 1 (0.00s CPU time), remote cache hits 0 (0.00s CPU time), compiled 0 variants (0.00s CPU time), skipped 0 variants
    Prepared data for serialisation in 0.00s
Compiling shader "Hidden/Internal-DepthNormalsTexture" pass "" (vp)
    Full variant space:         1
    After settings filtering:   1
    After built-in stripping:   1
    After scriptable stripping: 1
    Processed in 0.00 seconds
    starting compilation...
    finished in 0.00 seconds. Local cache hits 1 (0.00s CPU time), remote cache hits 0 (0.00s CPU time), compiled 0 variants (0.00s CPU time), skipped 0 variants
    Prepared data for serialisation in 0.00s
Compiling shader "Hidden/Internal-DepthNormalsTexture" pass "" (fp)
    Full variant space:         1
    After settings filtering:   1
    After built-in stripping:   1
    After scriptable stripping: 1
    Processed in 0.00 seconds
    starting compilation...
    finished in 0.00 seconds. Local cache hits 1 (0.00s CPU time), remote cache hits 0 (0.00s CPU time), compiled 0 variants (0.00s CPU time), skipped 0 variants
    Prepared data for serialisation in 0.00s
Compiling shader "Hidden/Internal-DepthNormalsTexture" pass "" (vp)
    Full variant space:         1
    After settings filtering:   1
    After built-in stripping:   1
    After scriptable stripping: 1
    Processed in 0.00 seconds
    starting compilation...
    finished in 0.00 seconds. Local cache hits 1 (0.00s CPU time), remote cache hits 0 (0.00s CPU time), compiled 0 variants (0.00s CPU time), skipped 0 variants
    Prepared data for serialisation in 0.00s
Compiling shader "Hidden/Internal-DepthNormalsTexture" pass "" (fp)
    Full variant space:         1
    After settings filtering:   1
    After built-in stripping:   1
    After scriptable stripping: 1
    Processed in 0.00 seconds
    starting compilation...
    finished in 0.00 seconds. Local cache hits 1 (0.00s CPU time), remote cache hits 0 (0.00s CPU time), compiled 0 variants (0.00s CPU time), skipped 0 variants
    Prepared data for serialisation in 0.00s
Compiling shader "Hidden/Internal-DepthNormalsTexture" pass "" (vp)
    Full variant space:         1
    After settings filtering:   1
    After built-in stripping:   1
    After scriptable stripping: 1
    Processed in 0.00 seconds
    starting compilation...
    finished in 0.00 seconds. Local cache hits 1 (0.00s CPU time), remote cache hits 0 (0.00s CPU time), compiled 0 variants (0.00s CPU time), skipped 0 variants
    Prepared data for serialisation in 0.00s
Compiling shader "Hidden/Internal-DepthNormalsTexture" pass "" (fp)
    Full variant space:         1
    After settings filtering:   1
    After built-in stripping:   1
    After scriptable stripping: 1
    Processed in 0.00 seconds
    starting compilation...
    finished in 0.00 seconds. Local cache hits 1 (0.00s CPU time), remote cache hits 0 (0.00s CPU time), compiled 0 variants (0.00s CPU time), skipped 0 variants
    Prepared data for serialisation in 0.00s
Compiling shader "Hidden/Internal-DepthNormalsTexture" pass "" (vp)
    Full variant space:         1
    After settings filtering:   1
    After built-in stripping:   1
    After scriptable stripping: 1
    Processed in 0.00 seconds
    starting compilation...
    finished in 0.00 seconds. Local cache hits 1 (0.00s CPU time), remote cache hits 0 (0.00s CPU time), compiled 0 variants (0.00s CPU time), skipped 0 variants
    Prepared data for serialisation in 0.00s
Compiling shader "Hidden/Internal-DepthNormalsTexture" pass "" (fp)
    Full variant space:         1
    After settings filtering:   1
    After built-in stripping:   1
    After scriptable stripping: 1
    Processed in 0.00 seconds
    starting compilation...
    finished in 0.00 seconds. Local cache hits 1 (0.00s CPU time), remote cache hits 0 (0.00s CPU time), compiled 0 variants (0.00s CPU time), skipped 0 variants
    Prepared data for serialisation in 0.00s
Compiling shader "Hidden/Internal-DepthNormalsTexture" pass "" (vp)
    Full variant space:         1
    After settings filtering:   1
    After built-in stripping:   1
    After scriptable stripping: 1
    Processed in 0.00 seconds
    starting compilation...
    finished in 0.00 seconds. Local cache hits 1 (0.00s CPU time), remote cache hits 0 (0.00s CPU time), compiled 0 variants (0.00s CPU time), skipped 0 variants
    Prepared data for serialisation in 0.00s
Compiling shader "Hidden/Internal-DepthNormalsTexture" pass "" (fp)
    Full variant space:         1
    After settings filtering:   1
    After built-in stripping:   1
    After scriptable stripping: 1
    Processed in 0.00 seconds
    starting compilation...
    finished in 0.00 seconds. Local cache hits 1 (0.00s CPU time), remote cache hits 0 (0.00s CPU time), compiled 0 variants (0.00s CPU time), skipped 0 variants
    Prepared data for serialisation in 0.00s
Compiling shader "Hidden/Internal-DepthNormalsTexture" pass "" (vp)
    Full variant space:         1
    After settings filtering:   1
    After built-in stripping:   1
    After scriptable stripping: 1
    Processed in 0.00 seconds
    starting compilation...
    finished in 0.00 seconds. Local cache hits 1 (0.00s CPU time), remote cache hits 0 (0.00s CPU time), compiled 0 variants (0.00s CPU time), skipped 0 variants
    Prepared data for serialisation in 0.00s
Compiling shader "Hidden/Internal-DepthNormalsTexture" pass "" (fp)
    Full variant space:         1
    After settings filtering:   1
    After built-in stripping:   1
    After scriptable stripping: 1
    Processed in 0.00 seconds
    starting compilation...
    finished in 0.00 seconds. Local cache hits 1 (0.00s CPU time), remote cache hits 0 (0.00s CPU time), compiled 0 variants (0.00s CPU time), skipped 0 variants
    Prepared data for serialisation in 0.00s
Serialized binary data for shader Hidden/Internal-DepthNormalsTexture in 0.00s
    d3d11 (total internal programs: 20, unique: 17)
Compiling shader "Hidden/Internal-ScreenSpaceShadows" pass "" (vp)
    Full variant space:         4
    After settings filtering:   4
    After built-in stripping:   4
    After scriptable stripping: 4
    Processed in 0.00 seconds
    starting compilation...
    finished in 0.00 seconds. Local cache hits 4 (0.00s CPU time), remote cache hits 0 (0.00s CPU time), compiled 0 variants (0.00s CPU time), skipped 0 variants
    Prepared data for serialisation in 0.00s
Compiling shader "Hidden/Internal-ScreenSpaceShadows" pass "" (fp)
    Full variant space:         4
    After settings filtering:   4
    After built-in stripping:   4
    After scriptable stripping: 4
    Processed in 0.00 seconds
    starting compilation...
    finished in 0.00 seconds. Local cache hits 4 (0.00s CPU time), remote cache hits 0 (0.00s CPU time), compiled 0 variants (0.00s CPU time), skipped 0 variants
    Prepared data for serialisation in 0.00s
Compiling shader "Hidden/Internal-ScreenSpaceShadows" pass "" (vp)
    Full variant space:         4
    After settings filtering:   4
    After built-in stripping:   4
    After scriptable stripping: 4
    Processed in 0.00 seconds
    starting compilation...
    finished in 0.00 seconds. Local cache hits 4 (0.00s CPU time), remote cache hits 0 (0.00s CPU time), compiled 0 variants (0.00s CPU time), skipped 0 variants
    Prepared data for serialisation in 0.00s
Compiling shader "Hidden/Internal-ScreenSpaceShadows" pass "" (fp)
    Full variant space:         4
    After settings filtering:   4
    After built-in stripping:   4
    After scriptable stripping: 4
    Processed in 0.00 seconds
    starting compilation...
    finished in 0.00 seconds. Local cache hits 4 (0.00s CPU time), remote cache hits 0 (0.00s CPU time), compiled 0 variants (0.00s CPU time), skipped 0 variants
    Prepared data for serialisation in 0.00s
Compiling shader "Hidden/Internal-ScreenSpaceShadows" pass "" (vp)
    Full variant space:         4
    After settings filtering:   4
    After built-in stripping:   4
    After scriptable stripping: 4
    Processed in 0.00 seconds
    starting compilation...
    finished in 0.00 seconds. Local cache hits 4 (0.00s CPU time), remote cache hits 0 (0.00s CPU time), compiled 0 variants (0.00s CPU time), skipped 0 variants
    Prepared data for serialisation in 0.00s
Compiling shader "Hidden/Internal-ScreenSpaceShadows" pass "" (fp)
    Full variant space:         4
    After settings filtering:   4
    After built-in stripping:   4
    After scriptable stripping: 4
    Processed in 0.00 seconds
    starting compilation...
    finished in 0.00 seconds. Local cache hits 4 (0.00s CPU time), remote cache hits 0 (0.00s CPU time), compiled 0 variants (0.00s CPU time), skipped 0 variants
    Prepared data for serialisation in 0.00s
Compiling shader "Hidden/Internal-ScreenSpaceShadows" pass "" (vp)
    Full variant space:         4
    After settings filtering:   4
    After built-in stripping:   4
    After scriptable stripping: 4
    Processed in 0.00 seconds
    starting compilation...
    finished in 0.00 seconds. Local cache hits 4 (0.00s CPU time), remote cache hits 0 (0.00s CPU time), compiled 0 variants (0.00s CPU time), skipped 0 variants
    Prepared data for serialisation in 0.00s
Compiling shader "Hidden/Internal-ScreenSpaceShadows" pass "" (fp)
    Full variant space:         4
    After settings filtering:   4
    After built-in stripping:   4
    After scriptable stripping: 4
    Processed in 0.00 seconds
    starting compilation...
    finished in 0.00 seconds. Local cache hits 4 (0.00s CPU time), remote cache hits 0 (0.00s CPU time), compiled 0 variants (0.00s CPU time), skipped 0 variants
    Prepared data for serialisation in 0.00s
Serialized binary data for shader Hidden/Internal-ScreenSpaceShadows in 0.00s
    d3d11 (total internal programs: 32, unique: 20)
Compiling shader "Hidden/Internal-CombineDepthNormals" pass "" (vp)
    Full variant space:         1
    After settings filtering:   1
    After built-in stripping:   1
    After scriptable stripping: 1
    Processed in 0.00 seconds
    starting compilation...
    finished in 0.00 seconds. Local cache hits 1 (0.00s CPU time), remote cache hits 0 (0.00s CPU time), compiled 0 variants (0.00s CPU time), skipped 0 variants
    Prepared data for serialisation in 0.00s
Compiling shader "Hidden/Internal-CombineDepthNormals" pass "" (fp)
    Full variant space:         1
    After settings filtering:   1
    After built-in stripping:   1
    After scriptable stripping: 1
    Processed in 0.00 seconds
    starting compilation...
    finished in 0.00 seconds. Local cache hits 1 (0.00s CPU time), remote cache hits 0 (0.00s CPU time), compiled 0 variants (0.00s CPU time), skipped 0 variants
    Prepared data for serialisation in 0.00s
Serialized binary data for shader Hidden/Internal-CombineDepthNormals in 0.00s
    d3d11 (total internal programs: 2, unique: 2)
Compiling shader "Hidden/BlitCopy" pass "" (vp)
    Full variant space:         1
    After settings filtering:   1
    After built-in stripping:   1
    After scriptable stripping: 1
    Processed in 0.00 seconds
    starting compilation...
    finished in 0.00 seconds. Local cache hits 1 (0.00s CPU time), remote cache hits 0 (0.00s CPU time), compiled 0 variants (0.00s CPU time), skipped 0 variants
    Prepared data for serialisation in 0.00s
Compiling shader "Hidden/BlitCopy" pass "" (fp)
    Full variant space:         1
    After settings filtering:   1
    After built-in stripping:   1
    After scriptable stripping: 1
    Processed in 0.00 seconds
    starting compilation...
    finished in 0.00 seconds. Local cache hits 1 (0.00s CPU time), remote cache hits 0 (0.00s CPU time), compiled 0 variants (0.00s CPU time), skipped 0 variants
    Prepared data for serialisation in 0.00s
Serialized binary data for shader Hidden/BlitCopy in 0.00s
    d3d11 (total internal programs: 2, unique: 2)
Compiling shader "Hidden/BlitCopyDepth" pass "" (vp)
    Full variant space:         1
    After settings filtering:   1
    After built-in stripping:   1
    After scriptable stripping: 1
    Processed in 0.00 seconds
    starting compilation...
    finished in 0.00 seconds. Local cache hits 1 (0.00s CPU time), remote cache hits 0 (0.00s CPU time), compiled 0 variants (0.00s CPU time), skipped 0 variants
    Prepared data for serialisation in 0.00s
Compiling shader "Hidden/BlitCopyDepth" pass "" (fp)
    Full variant space:         1
    After settings filtering:   1
    After built-in stripping:   1
    After scriptable stripping: 1
    Processed in 0.00 seconds
    starting compilation...
    finished in 0.00 seconds. Local cache hits 1 (0.00s CPU time), remote cache hits 0 (0.00s CPU time), compiled 0 variants (0.00s CPU time), skipped 0 variants
    Prepared data for serialisation in 0.00s
Serialized binary data for shader Hidden/BlitCopyDepth in 0.00s
    d3d11 (total internal programs: 2, unique: 2)
Compiling shader "Hidden/ConvertTexture" pass "" (vp)
    Full variant space:         1
    After settings filtering:   1
    After built-in stripping:   1
    After scriptable stripping: 1
    Processed in 0.00 seconds
    starting compilation...
    finished in 0.00 seconds. Local cache hits 1 (0.00s CPU time), remote cache hits 0 (0.00s CPU time), compiled 0 variants (0.00s CPU time), skipped 0 variants
    Prepared data for serialisation in 0.00s
Compiling shader "Hidden/ConvertTexture" pass "" (fp)
    Full variant space:         1
    After settings filtering:   1
    After built-in stripping:   1
    After scriptable stripping: 1
    Processed in 0.00 seconds
    starting compilation...
    finished in 0.00 seconds. Local cache hits 1 (0.00s CPU time), remote cache hits 0 (0.00s CPU time), compiled 0 variants (0.00s CPU time), skipped 0 variants
    Prepared data for serialisation in 0.00s
Serialized binary data for shader Hidden/ConvertTexture in 0.00s
    d3d11 (total internal programs: 2, unique: 2)
Compiling shader "Hidden/Internal-DeferredShading" pass "" (vp)
    Full variant space:         94
    After settings filtering:   94
    After built-in stripping:   26
    After scriptable stripping: 26
    Processed in 0.00 seconds
    starting compilation...
    finished in 0.00 seconds. Local cache hits 26 (0.00s CPU time), remote cache hits 0 (0.00s CPU time), compiled 0 variants (0.00s CPU time), skipped 0 variants
    Prepared data for serialisation in 0.00s
Compiling shader "Hidden/Internal-DeferredShading" pass "" (fp)
    Full variant space:         94
    After settings filtering:   94
    After built-in stripping:   26
    After scriptable stripping: 26
    Processed in 0.00 seconds
    starting compilation...
    finished in 0.00 seconds. Local cache hits 26 (0.01s CPU time), remote cache hits 0 (0.00s CPU time), compiled 0 variants (0.00s CPU time), skipped 0 variants
    Prepared data for serialisation in 0.00s
Compiling shader "Hidden/Internal-DeferredShading" pass "" (vp)
    Full variant space:         1
    After settings filtering:   1
    After built-in stripping:   1
    After scriptable stripping: 1
    Processed in 0.00 seconds
    starting compilation...
    finished in 0.00 seconds. Local cache hits 1 (0.00s CPU time), remote cache hits 0 (0.00s CPU time), compiled 0 variants (0.00s CPU time), skipped 0 variants
    Prepared data for serialisation in 0.00s
Compiling shader "Hidden/Internal-DeferredShading" pass "" (fp)
    Full variant space:         1
    After settings filtering:   1
    After built-in stripping:   1
    After scriptable stripping: 1
    Processed in 0.00 seconds
    starting compilation...
    finished in 0.00 seconds. Local cache hits 1 (0.00s CPU time), remote cache hits 0 (0.00s CPU time), compiled 0 variants (0.00s CPU time), skipped 0 variants
    Prepared data for serialisation in 0.00s
Serialized binary data for shader Hidden/Internal-DeferredShading in 0.00s
    d3d11 (total internal programs: 54, unique: 54)
Compiling shader "Hidden/Internal-DeferredReflections" pass "" (vp)
    Full variant space:         1
    After settings filtering:   1
    After built-in stripping:   1
    After scriptable stripping: 1
    Processed in 0.00 seconds
    starting compilation...
    finished in 0.00 seconds. Local cache hits 1 (0.00s CPU time), remote cache hits 0 (0.00s CPU time), compiled 0 variants (0.00s CPU time), skipped 0 variants
    Prepared data for serialisation in 0.00s
Compiling shader "Hidden/Internal-DeferredReflections" pass "" (fp)
    Full variant space:         1
    After settings filtering:   1
    After built-in stripping:   1
    After scriptable stripping: 1
    Processed in 0.00 seconds
    starting compilation...
    finished in 0.00 seconds. Local cache hits 1 (0.00s CPU time), remote cache hits 0 (0.00s CPU time), compiled 0 variants (0.00s CPU time), skipped 0 variants
    Prepared data for serialisation in 0.00s
Compiling shader "Hidden/Internal-DeferredReflections" pass "" (vp)
    Full variant space:         2
    After settings filtering:   2
    After built-in stripping:   2
    After scriptable stripping: 2
    Processed in 0.00 seconds
    starting compilation...
    finished in 0.00 seconds. Local cache hits 2 (0.00s CPU time), remote cache hits 0 (0.00s CPU time), compiled 0 variants (0.00s CPU time), skipped 0 variants
    Prepared data for serialisation in 0.00s
Compiling shader "Hidden/Internal-DeferredReflections" pass "" (fp)
    Full variant space:         2
    After settings filtering:   2
    After built-in stripping:   2
    After scriptable stripping: 2
    Processed in 0.00 seconds
    starting compilation...
    finished in 0.00 seconds. Local cache hits 2 (0.00s CPU time), remote cache hits 0 (0.00s CPU time), compiled 0 variants (0.00s CPU time), skipped 0 variants
    Prepared data for serialisation in 0.00s
Serialized binary data for shader Hidden/Internal-DeferredReflections in 0.00s
    d3d11 (total internal programs: 6, unique: 6)
Compiling shader "Hidden/Internal-MotionVectors" pass "" (vp)
    Full variant space:         1
    After settings filtering:   1
    After built-in stripping:   1
    After scriptable stripping: 1
    Processed in 0.00 seconds
    starting compilation...
    finished in 0.00 seconds. Local cache hits 1 (0.00s CPU time), remote cache hits 0 (0.00s CPU time), compiled 0 variants (0.00s CPU time), skipped 0 variants
    Prepared data for serialisation in 0.00s
Compiling shader "Hidden/Internal-MotionVectors" pass "" (fp)
    Full variant space:         1
    After settings filtering:   1
    After built-in stripping:   1
    After scriptable stripping: 1
    Processed in 0.00 seconds
    starting compilation...
    finished in 0.00 seconds. Local cache hits 1 (0.00s CPU time), remote cache hits 0 (0.00s CPU time), compiled 0 variants (0.00s CPU time), skipped 0 variants
    Prepared data for serialisation in 0.00s
Compiling shader "Hidden/Internal-MotionVectors" pass "" (vp)
    Full variant space:         1
    After settings filtering:   1
    After built-in stripping:   1
    After scriptable stripping: 1
    Processed in 0.00 seconds
    starting compilation...
    finished in 0.00 seconds. Local cache hits 1 (0.00s CPU time), remote cache hits 0 (0.00s CPU time), compiled 0 variants (0.00s CPU time), skipped 0 variants
    Prepared data for serialisation in 0.00s
Compiling shader "Hidden/Internal-MotionVectors" pass "" (fp)
    Full variant space:         1
    After settings filtering:   1
    After built-in stripping:   1
    After scriptable stripping: 1
    Processed in 0.00 seconds
    starting compilation...
    finished in 0.00 seconds. Local cache hits 1 (0.00s CPU time), remote cache hits 0 (0.00s CPU time), compiled 0 variants (0.00s CPU time), skipped 0 variants
    Prepared data for serialisation in 0.00s
Compiling shader "Hidden/Internal-MotionVectors" pass "" (vp)
    Full variant space:         1
    After settings filtering:   1
    After built-in stripping:   1
    After scriptable stripping: 1
    Processed in 0.00 seconds
    starting compilation...
    finished in 0.00 seconds. Local cache hits 1 (0.00s CPU time), remote cache hits 0 (0.00s CPU time), compiled 0 variants (0.00s CPU time), skipped 0 variants
    Prepared data for serialisation in 0.00s
Compiling shader "Hidden/Internal-MotionVectors" pass "" (fp)
    Full variant space:         1
    After settings filtering:   1
    After built-in stripping:   1
    After scriptable stripping: 1
    Processed in 0.00 seconds
    starting compilation...
    finished in 0.00 seconds. Local cache hits 1 (0.00s CPU time), remote cache hits 0 (0.00s CPU time), compiled 0 variants (0.00s CPU time), skipped 0 variants
    Prepared data for serialisation in 0.00s
Serialized binary data for shader Hidden/Internal-MotionVectors in 0.00s
    d3d11 (total internal programs: 6, unique: 5)
Compiling shader "Hidden/Internal-Flare" pass "" (vp)
    Full variant space:         1
    After settings filtering:   1
    After built-in stripping:   1
    After scriptable stripping: 1
    Processed in 0.00 seconds
    starting compilation...
    finished in 0.00 seconds. Local cache hits 1 (0.00s CPU time), remote cache hits 0 (0.00s CPU time), compiled 0 variants (0.00s CPU time), skipped 0 variants
    Prepared data for serialisation in 0.00s
Compiling shader "Hidden/Internal-Flare" pass "" (fp)
    Full variant space:         1
    After settings filtering:   1
    After built-in stripping:   1
    After scriptable stripping: 1
    Processed in 0.00 seconds
    starting compilation...
    finished in 0.00 seconds. Local cache hits 1 (0.00s CPU time), remote cache hits 0 (0.00s CPU time), compiled 0 variants (0.00s CPU time), skipped 0 variants
    Prepared data for serialisation in 0.00s
Serialized binary data for shader Hidden/Internal-Flare in 0.00s
    d3d11 (total internal programs: 2, unique: 2)
Compiling shader "Hidden/Internal-Halo" pass "" (vp)
    Full variant space:         4
    After settings filtering:   4
    After built-in stripping:   1
    After scriptable stripping: 1
    Processed in 0.00 seconds
    starting compilation...
    finished in 0.00 seconds. Local cache hits 1 (0.00s CPU time), remote cache hits 0 (0.00s CPU time), compiled 0 variants (0.00s CPU time), skipped 0 variants
    Prepared data for serialisation in 0.00s
Compiling shader "Hidden/Internal-Halo" pass "" (fp)
    Full variant space:         4
    After settings filtering:   4
    After built-in stripping:   1
    After scriptable stripping: 1
    Processed in 0.00 seconds
    starting compilation...
    finished in 0.00 seconds. Local cache hits 1 (0.00s CPU time), remote cache hits 0 (0.00s CPU time), compiled 0 variants (0.00s CPU time), skipped 0 variants
    Prepared data for serialisation in 0.00s
Serialized binary data for shader Hidden/Internal-Halo in 0.00s
    d3d11 (total internal programs: 2, unique: 2)
Compiling shader "Hidden/BlitCopyWithDepth" pass "" (vp)
    Full variant space:         1
    After settings filtering:   1
    After built-in stripping:   1
    After scriptable stripping: 1
    Processed in 0.00 seconds
    starting compilation...
    finished in 0.00 seconds. Local cache hits 1 (0.00s CPU time), remote cache hits 0 (0.00s CPU time), compiled 0 variants (0.00s CPU time), skipped 0 variants
    Prepared data for serialisation in 0.00s
Compiling shader "Hidden/BlitCopyWithDepth" pass "" (fp)
    Full variant space:         1
    After settings filtering:   1
    After built-in stripping:   1
    After scriptable stripping: 1
    Processed in 0.00 seconds
    starting compilation...
    finished in 0.00 seconds. Local cache hits 1 (0.00s CPU time), remote cache hits 0 (0.00s CPU time), compiled 0 variants (0.00s CPU time), skipped 0 variants
    Prepared data for serialisation in 0.00s
Serialized binary data for shader Hidden/BlitCopyWithDepth in 0.00s
    d3d11 (total internal programs: 2, unique: 2)
Compiling shader "Hidden/BlitToDepth" pass "" (vp)
    Full variant space:         1
    After settings filtering:   1
    After built-in stripping:   1
    After scriptable stripping: 1
    Processed in 0.00 seconds
    starting compilation...
    finished in 0.00 seconds. Local cache hits 1 (0.00s CPU time), remote cache hits 0 (0.00s CPU time), compiled 0 variants (0.00s CPU time), skipped 0 variants
    Prepared data for serialisation in 0.00s
Compiling shader "Hidden/BlitToDepth" pass "" (fp)
    Full variant space:         1
    After settings filtering:   1
    After built-in stripping:   1
    After scriptable stripping: 1
    Processed in 0.00 seconds
    starting compilation...
    finished in 0.00 seconds. Local cache hits 1 (0.00s CPU time), remote cache hits 0 (0.00s CPU time), compiled 0 variants (0.00s CPU time), skipped 0 variants
    Prepared data for serialisation in 0.00s
Serialized binary data for shader Hidden/BlitToDepth in 0.00s
    d3d11 (total internal programs: 2, unique: 2)
Compiling shader "Hidden/BlitToDepth_MSAA" pass "" (vp)
    Full variant space:         1
    After settings filtering:   1
    After built-in stripping:   1
    After scriptable stripping: 1
    Processed in 0.00 seconds
    starting compilation...
    finished in 0.00 seconds. Local cache hits 1 (0.00s CPU time), remote cache hits 0 (0.00s CPU time), compiled 0 variants (0.00s CPU time), skipped 0 variants
    Prepared data for serialisation in 0.00s
Compiling shader "Hidden/BlitToDepth_MSAA" pass "" (fp)
    Full variant space:         1
    After settings filtering:   1
    After built-in stripping:   1
    After scriptable stripping: 1
    Processed in 0.00 seconds
    starting compilation...
    finished in 0.00 seconds. Local cache hits 1 (0.00s CPU time), remote cache hits 0 (0.00s CPU time), compiled 0 variants (0.00s CPU time), skipped 0 variants
    Prepared data for serialisation in 0.00s
Serialized binary data for shader Hidden/BlitToDepth_MSAA in 0.00s
    d3d11 (total internal programs: 2, unique: 2)
Compiling shader "Hidden/BlitCopyHDRTonemap" pass "" (vp)
    Full variant space:         1
    After settings filtering:   1
    After built-in stripping:   1
    After scriptable stripping: 1
    Processed in 0.00 seconds
    starting compilation...
    finished in 0.00 seconds. Local cache hits 1 (0.00s CPU time), remote cache hits 0 (0.00s CPU time), compiled 0 variants (0.00s CPU time), skipped 0 variants
    Prepared data for serialisation in 0.00s
Compiling shader "Hidden/BlitCopyHDRTonemap" pass "" (fp)
    Full variant space:         1
    After settings filtering:   1
    After built-in stripping:   1
    After scriptable stripping: 1
    Processed in 0.00 seconds
    starting compilation...
    finished in 0.00 seconds. Local cache hits 1 (0.00s CPU time), remote cache hits 0 (0.00s CPU time), compiled 0 variants (0.00s CPU time), skipped 0 variants
    Prepared data for serialisation in 0.00s
Serialized binary data for shader Hidden/BlitCopyHDRTonemap in 0.00s
    d3d11 (total internal programs: 2, unique: 2)
Compiling shader "Hidden/Internal-DebugPattern" pass "Target Color and DepthStencil" (vp)
    Full variant space:         1
    After settings filtering:   1
    After built-in stripping:   1
    After scriptable stripping: 1
    Processed in 0.00 seconds
    starting compilation...
    finished in 0.00 seconds. Local cache hits 1 (0.00s CPU time), remote cache hits 0 (0.00s CPU time), compiled 0 variants (0.00s CPU time), skipped 0 variants
    Prepared data for serialisation in 0.00s
Compiling shader "Hidden/Internal-DebugPattern" pass "Target Color and DepthStencil" (fp)
    Full variant space:         1
    After settings filtering:   1
    After built-in stripping:   1
    After scriptable stripping: 1
    Processed in 0.00 seconds
    starting compilation...
    finished in 0.00 seconds. Local cache hits 1 (0.00s CPU time), remote cache hits 0 (0.00s CPU time), compiled 0 variants (0.00s CPU time), skipped 0 variants
    Prepared data for serialisation in 0.00s
Compiling shader "Hidden/Internal-DebugPattern" pass "Target only Color" (vp)
    Full variant space:         1
    After settings filtering:   1
    After built-in stripping:   1
    After scriptable stripping: 1
    Processed in 0.00 seconds
    starting compilation...
    finished in 0.00 seconds. Local cache hits 1 (0.00s CPU time), remote cache hits 0 (0.00s CPU time), compiled 0 variants (0.00s CPU time), skipped 0 variants
    Prepared data for serialisation in 0.00s
Compiling shader "Hidden/Internal-DebugPattern" pass "Target only Color" (fp)
    Full variant space:         1
    After settings filtering:   1
    After built-in stripping:   1
    After scriptable stripping: 1
    Processed in 0.00 seconds
    starting compilation...
    finished in 0.00 seconds. Local cache hits 1 (0.00s CPU time), remote cache hits 0 (0.00s CPU time), compiled 0 variants (0.00s CPU time), skipped 0 variants
    Prepared data for serialisation in 0.00s
Compiling shader "Hidden/Internal-DebugPattern" pass "Target only DepthStencil" (vp)
    Full variant space:         1
    After settings filtering:   1
    After built-in stripping:   1
    After scriptable stripping: 1
    Processed in 0.00 seconds
    starting compilation...
    finished in 0.00 seconds. Local cache hits 1 (0.00s CPU time), remote cache hits 0 (0.00s CPU time), compiled 0 variants (0.00s CPU time), skipped 0 variants
    Prepared data for serialisation in 0.00s
Compiling shader "Hidden/Internal-DebugPattern" pass "Target only DepthStencil" (fp)
    Full variant space:         1
    After settings filtering:   1
    After built-in stripping:   1
    After scriptable stripping: 1
    Processed in 0.00 seconds
    starting compilation...
    finished in 0.00 seconds. Local cache hits 1 (0.00s CPU time), remote cache hits 0 (0.00s CPU time), compiled 0 variants (0.00s CPU time), skipped 0 variants
    Prepared data for serialisation in 0.00s
Serialized binary data for shader Hidden/Internal-DebugPattern in 0.00s
    d3d11 (total internal programs: 6, unique: 4)
Compiling shader "Hidden/Internal-GUITextureClip" pass "" (vp)
    Full variant space:         1
    After settings filtering:   1
    After built-in stripping:   1
    After scriptable stripping: 1
    Processed in 0.00 seconds
    starting compilation...
    finished in 0.00 seconds. Local cache hits 1 (0.00s CPU time), remote cache hits 0 (0.00s CPU time), compiled 0 variants (0.00s CPU time), skipped 0 variants
    Prepared data for serialisation in 0.00s
Compiling shader "Hidden/Internal-GUITextureClip" pass "" (fp)
    Full variant space:         1
    After settings filtering:   1
    After built-in stripping:   1
    After scriptable stripping: 1
    Processed in 0.00 seconds
    starting compilation...
    finished in 0.00 seconds. Local cache hits 1 (0.00s CPU time), remote cache hits 0 (0.00s CPU time), compiled 0 variants (0.00s CPU time), skipped 0 variants
    Prepared data for serialisation in 0.00s
Compiling shader "Hidden/Internal-GUITextureClip" pass "" (vp)
    Full variant space:         1
    After settings filtering:   1
    After built-in stripping:   1
    After scriptable stripping: 1
    Processed in 0.00 seconds
    starting compilation...
    finished in 0.00 seconds. Local cache hits 1 (0.00s CPU time), remote cache hits 0 (0.00s CPU time), compiled 0 variants (0.00s CPU time), skipped 0 variants
    Prepared data for serialisation in 0.00s
Compiling shader "Hidden/Internal-GUITextureClip" pass "" (fp)
    Full variant space:         1
    After settings filtering:   1
    After built-in stripping:   1
    After scriptable stripping: 1
    Processed in 0.00 seconds
    starting compilation...
    finished in 0.00 seconds. Local cache hits 1 (0.00s CPU time), remote cache hits 0 (0.00s CPU time), compiled 0 variants (0.00s CPU time), skipped 0 variants
    Prepared data for serialisation in 0.00s
Serialized binary data for shader Hidden/Internal-GUITextureClip in 0.00s
    d3d11 (total internal programs: 4, unique: 2)
Compiling shader "Hidden/Internal-GUITextureClipText" pass "" (vp)
    Full variant space:         1
    After settings filtering:   1
    After built-in stripping:   1
    After scriptable stripping: 1
    Processed in 0.00 seconds
    starting compilation...
    finished in 0.00 seconds. Local cache hits 1 (0.00s CPU time), remote cache hits 0 (0.00s CPU time), compiled 0 variants (0.00s CPU time), skipped 0 variants
    Prepared data for serialisation in 0.00s
Compiling shader "Hidden/Internal-GUITextureClipText" pass "" (fp)
    Full variant space:         1
    After settings filtering:   1
    After built-in stripping:   1
    After scriptable stripping: 1
    Processed in 0.00 seconds
    starting compilation...
    finished in 0.00 seconds. Local cache hits 1 (0.00s CPU time), remote cache hits 0 (0.00s CPU time), compiled 0 variants (0.00s CPU time), skipped 0 variants
    Prepared data for serialisation in 0.00s
Compiling shader "Hidden/Internal-GUITextureClipText" pass "" (vp)
    Full variant space:         1
    After settings filtering:   1
    After built-in stripping:   1
    After scriptable stripping: 1
    Processed in 0.00 seconds
    starting compilation...
    finished in 0.00 seconds. Local cache hits 1 (0.00s CPU time), remote cache hits 0 (0.00s CPU time), compiled 0 variants (0.00s CPU time), skipped 0 variants
    Prepared data for serialisation in 0.00s
Compiling shader "Hidden/Internal-GUITextureClipText" pass "" (fp)
    Full variant space:         1
    After settings filtering:   1
    After built-in stripping:   1
    After scriptable stripping: 1
    Processed in 0.00 seconds
    starting compilation...
    finished in 0.00 seconds. Local cache hits 1 (0.00s CPU time), remote cache hits 0 (0.00s CPU time), compiled 0 variants (0.00s CPU time), skipped 0 variants
    Prepared data for serialisation in 0.00s
Serialized binary data for shader Hidden/Internal-GUITextureClipText in 0.00s
    d3d11 (total internal programs: 4, unique: 2)
Compiling shader "Hidden/Internal-GUITexture" pass "" (vp)
    Full variant space:         1
    After settings filtering:   1
    After built-in stripping:   1
    After scriptable stripping: 1
    Processed in 0.00 seconds
    starting compilation...
    finished in 0.00 seconds. Local cache hits 1 (0.00s CPU time), remote cache hits 0 (0.00s CPU time), compiled 0 variants (0.00s CPU time), skipped 0 variants
    Prepared data for serialisation in 0.00s
Compiling shader "Hidden/Internal-GUITexture" pass "" (fp)
    Full variant space:         1
    After settings filtering:   1
    After built-in stripping:   1
    After scriptable stripping: 1
    Processed in 0.00 seconds
    starting compilation...
    finished in 0.00 seconds. Local cache hits 1 (0.00s CPU time), remote cache hits 0 (0.00s CPU time), compiled 0 variants (0.00s CPU time), skipped 0 variants
    Prepared data for serialisation in 0.00s
Compiling shader "Hidden/Internal-GUITexture" pass "" (vp)
    Full variant space:         1
    After settings filtering:   1
    After built-in stripping:   1
    After scriptable stripping: 1
    Processed in 0.00 seconds
    starting compilation...
    finished in 0.00 seconds. Local cache hits 1 (0.00s CPU time), remote cache hits 0 (0.00s CPU time), compiled 0 variants (0.00s CPU time), skipped 0 variants
    Prepared data for serialisation in 0.00s
Compiling shader "Hidden/Internal-GUITexture" pass "" (fp)
    Full variant space:         1
    After settings filtering:   1
    After built-in stripping:   1
    After scriptable stripping: 1
    Processed in 0.00 seconds
    starting compilation...
    finished in 0.00 seconds. Local cache hits 1 (0.00s CPU time), remote cache hits 0 (0.00s CPU time), compiled 0 variants (0.00s CPU time), skipped 0 variants
    Prepared data for serialisation in 0.00s
Serialized binary data for shader Hidden/Internal-GUITexture in 0.00s
    d3d11 (total internal programs: 4, unique: 2)
Compiling shader "Hidden/Internal-GUITextureBlit" pass "" (vp)
    Full variant space:         1
    After settings filtering:   1
    After built-in stripping:   1
    After scriptable stripping: 1
    Processed in 0.00 seconds
    starting compilation...
    finished in 0.00 seconds. Local cache hits 1 (0.00s CPU time), remote cache hits 0 (0.00s CPU time), compiled 0 variants (0.00s CPU time), skipped 0 variants
    Prepared data for serialisation in 0.00s
Compiling shader "Hidden/Internal-GUITextureBlit" pass "" (fp)
    Full variant space:         1
    After settings filtering:   1
    After built-in stripping:   1
    After scriptable stripping: 1
    Processed in 0.00 seconds
    starting compilation...
    finished in 0.00 seconds. Local cache hits 1 (0.00s CPU time), remote cache hits 0 (0.00s CPU time), compiled 0 variants (0.00s CPU time), skipped 0 variants
    Prepared data for serialisation in 0.00s
Compiling shader "Hidden/Internal-GUITextureBlit" pass "" (vp)
    Full variant space:         1
    After settings filtering:   1
    After built-in stripping:   1
    After scriptable stripping: 1
    Processed in 0.00 seconds
    starting compilation...
    finished in 0.00 seconds. Local cache hits 1 (0.00s CPU time), remote cache hits 0 (0.00s CPU time), compiled 0 variants (0.00s CPU time), skipped 0 variants
    Prepared data for serialisation in 0.00s
Compiling shader "Hidden/Internal-GUITextureBlit" pass "" (fp)
    Full variant space:         1
    After settings filtering:   1
    After built-in stripping:   1
    After scriptable stripping: 1
    Processed in 0.00 seconds
    starting compilation...
    finished in 0.00 seconds. Local cache hits 1 (0.00s CPU time), remote cache hits 0 (0.00s CPU time), compiled 0 variants (0.00s CPU time), skipped 0 variants
    Prepared data for serialisation in 0.00s
Serialized binary data for shader Hidden/Internal-GUITextureBlit in 0.00s
    d3d11 (total internal programs: 4, unique: 2)
Compiling shader "Hidden/Internal-GUIRoundedRect" pass "" (vp)
    Full variant space:         1
    After settings filtering:   1
    After built-in stripping:   1
    After scriptable stripping: 1
    Processed in 0.00 seconds
    starting compilation...
    finished in 0.00 seconds. Local cache hits 1 (0.00s CPU time), remote cache hits 0 (0.00s CPU time), compiled 0 variants (0.00s CPU time), skipped 0 variants
    Prepared data for serialisation in 0.00s
Compiling shader "Hidden/Internal-GUIRoundedRect" pass "" (fp)
    Full variant space:         1
    After settings filtering:   1
    After built-in stripping:   1
    After scriptable stripping: 1
    Processed in 0.00 seconds
    starting compilation...
    finished in 0.00 seconds. Local cache hits 1 (0.00s CPU time), remote cache hits 0 (0.00s CPU time), compiled 0 variants (0.00s CPU time), skipped 0 variants
    Prepared data for serialisation in 0.00s
Compiling shader "Hidden/Internal-GUIRoundedRect" pass "" (vp)
    Full variant space:         1
    After settings filtering:   1
    After built-in stripping:   1
    After scriptable stripping: 1
    Processed in 0.00 seconds
    starting compilation...
    finished in 0.00 seconds. Local cache hits 1 (0.00s CPU time), remote cache hits 0 (0.00s CPU time), compiled 0 variants (0.00s CPU time), skipped 0 variants
    Prepared data for serialisation in 0.00s
Compiling shader "Hidden/Internal-GUIRoundedRect" pass "" (fp)
    Full variant space:         1
    After settings filtering:   1
    After built-in stripping:   1
    After scriptable stripping: 1
    Processed in 0.00 seconds
    starting compilation...
    finished in 0.00 seconds. Local cache hits 1 (0.00s CPU time), remote cache hits 0 (0.00s CPU time), compiled 0 variants (0.00s CPU time), skipped 0 variants
    Prepared data for serialisation in 0.00s
Serialized binary data for shader Hidden/Internal-GUIRoundedRect in 0.00s
    d3d11 (total internal programs: 4, unique: 2)
Compiling shader "Hidden/Internal-GUIRoundedRectWithColorPerBorder" pass "" (vp)
    Full variant space:         1
    After settings filtering:   1
    After built-in stripping:   1
    After scriptable stripping: 1
    Processed in 0.00 seconds
    starting compilation...
    finished in 0.00 seconds. Local cache hits 1 (0.00s CPU time), remote cache hits 0 (0.00s CPU time), compiled 0 variants (0.00s CPU time), skipped 0 variants
    Prepared data for serialisation in 0.00s
Compiling shader "Hidden/Internal-GUIRoundedRectWithColorPerBorder" pass "" (fp)
    Full variant space:         1
    After settings filtering:   1
    After built-in stripping:   1
    After scriptable stripping: 1
    Processed in 0.00 seconds
    starting compilation...
    finished in 0.00 seconds. Local cache hits 1 (0.00s CPU time), remote cache hits 0 (0.00s CPU time), compiled 0 variants (0.00s CPU time), skipped 0 variants
    Prepared data for serialisation in 0.00s
Compiling shader "Hidden/Internal-GUIRoundedRectWithColorPerBorder" pass "" (vp)
    Full variant space:         1
    After settings filtering:   1
    After built-in stripping:   1
    After scriptable stripping: 1
    Processed in 0.00 seconds
    starting compilation...
    finished in 0.00 seconds. Local cache hits 1 (0.00s CPU time), remote cache hits 0 (0.00s CPU time), compiled 0 variants (0.00s CPU time), skipped 0 variants
    Prepared data for serialisation in 0.00s
Compiling shader "Hidden/Internal-GUIRoundedRectWithColorPerBorder" pass "" (fp)
    Full variant space:         1
    After settings filtering:   1
    After built-in stripping:   1
    After scriptable stripping: 1
    Processed in 0.00 seconds
    starting compilation...
    finished in 0.00 seconds. Local cache hits 1 (0.00s CPU time), remote cache hits 0 (0.00s CPU time), compiled 0 variants (0.00s CPU time), skipped 0 variants
    Prepared data for serialisation in 0.00s
Serialized binary data for shader Hidden/Internal-GUIRoundedRectWithColorPerBorder in 0.00s
    d3d11 (total internal programs: 4, unique: 2)
Compiling shader "Hidden/Internal-UIRDefault" pass "" (vp)
    Full variant space:         1
    After settings filtering:   1
    After built-in stripping:   1
    After scriptable stripping: 1
    Processed in 0.00 seconds
    starting compilation...
    finished in 0.00 seconds. Local cache hits 1 (0.00s CPU time), remote cache hits 0 (0.00s CPU time), compiled 0 variants (0.00s CPU time), skipped 0 variants
    Prepared data for serialisation in 0.00s
Compiling shader "Hidden/Internal-UIRDefault" pass "" (fp)
    Full variant space:         1
    After settings filtering:   1
    After built-in stripping:   1
    After scriptable stripping: 1
    Processed in 0.00 seconds
    starting compilation...
    finished in 0.00 seconds. Local cache hits 1 (0.00s CPU time), remote cache hits 0 (0.00s CPU time), compiled 0 variants (0.00s CPU time), skipped 0 variants
    Prepared data for serialisation in 0.00s
Compiling shader "Hidden/Internal-UIRDefault" pass "" (vp)
    Full variant space:         1
    After settings filtering:   1
    After built-in stripping:   1
    After scriptable stripping: 1
    Processed in 0.00 seconds
    starting compilation...
    finished in 0.00 seconds. Local cache hits 1 (0.00s CPU time), remote cache hits 0 (0.00s CPU time), compiled 0 variants (0.00s CPU time), skipped 0 variants
    Prepared data for serialisation in 0.00s
Compiling shader "Hidden/Internal-UIRDefault" pass "" (fp)
    Full variant space:         1
    After settings filtering:   1
    After built-in stripping:   1
    After scriptable stripping: 1
    Processed in 0.00 seconds
    starting compilation...
    finished in 0.00 seconds. Local cache hits 1 (0.00s CPU time), remote cache hits 0 (0.00s CPU time), compiled 0 variants (0.00s CPU time), skipped 0 variants
    Prepared data for serialisation in 0.00s
Serialized binary data for shader Hidden/Internal-UIRDefault in 0.00s
    d3d11 (total internal programs: 4, unique: 4)
Compiling shader "Hidden/Internal-UIRAtlasBlitCopy" pass "" (vp)
    Full variant space:         1
    After settings filtering:   1
    After built-in stripping:   1
    After scriptable stripping: 1
    Processed in 0.00 seconds
    starting compilation...
    finished in 0.00 seconds. Local cache hits 1 (0.00s CPU time), remote cache hits 0 (0.00s CPU time), compiled 0 variants (0.00s CPU time), skipped 0 variants
    Prepared data for serialisation in 0.00s
Compiling shader "Hidden/Internal-UIRAtlasBlitCopy" pass "" (fp)
    Full variant space:         1
    After settings filtering:   1
    After built-in stripping:   1
    After scriptable stripping: 1
    Processed in 0.00 seconds
    starting compilation...
    finished in 0.00 seconds. Local cache hits 1 (0.00s CPU time), remote cache hits 0 (0.00s CPU time), compiled 0 variants (0.00s CPU time), skipped 0 variants
    Prepared data for serialisation in 0.00s
Serialized binary data for shader Hidden/Internal-UIRAtlasBlitCopy in 0.00s
    d3d11 (total internal programs: 2, unique: 2)
Compiling shader "Hidden/Internal-UIRDefaultWorld" pass "" (vp)
    Full variant space:         1
    After settings filtering:   1
    After built-in stripping:   1
    After scriptable stripping: 1
    Processed in 0.00 seconds
    starting compilation...
    finished in 0.00 seconds. Local cache hits 1 (0.00s CPU time), remote cache hits 0 (0.00s CPU time), compiled 0 variants (0.00s CPU time), skipped 0 variants
    Prepared data for serialisation in 0.00s
Compiling shader "Hidden/Internal-UIRDefaultWorld" pass "" (fp)
    Full variant space:         1
    After settings filtering:   1
    After built-in stripping:   1
    After scriptable stripping: 1
    Processed in 0.00 seconds
    starting compilation...
    finished in 0.00 seconds. Local cache hits 1 (0.00s CPU time), remote cache hits 0 (0.00s CPU time), compiled 0 variants (0.00s CPU time), skipped 0 variants
    Prepared data for serialisation in 0.00s
Compiling shader "Hidden/Internal-UIRDefaultWorld" pass "" (vp)
    Full variant space:         1
    After settings filtering:   1
    After built-in stripping:   1
    After scriptable stripping: 1
    Processed in 0.00 seconds
    starting compilation...
    finished in 0.00 seconds. Local cache hits 1 (0.00s CPU time), remote cache hits 0 (0.00s CPU time), compiled 0 variants (0.00s CPU time), skipped 0 variants
    Prepared data for serialisation in 0.00s
Compiling shader "Hidden/Internal-UIRDefaultWorld" pass "" (fp)
    Full variant space:         1
    After settings filtering:   1
    After built-in stripping:   1
    After scriptable stripping: 1
    Processed in 0.00 seconds
    starting compilation...
    finished in 0.00 seconds. Local cache hits 1 (0.00s CPU time), remote cache hits 0 (0.00s CPU time), compiled 0 variants (0.00s CPU time), skipped 0 variants
    Prepared data for serialisation in 0.00s
Serialized binary data for shader Hidden/Internal-UIRDefaultWorld in 0.00s
    d3d11 (total internal programs: 4, unique: 4)
Compiling shader "Sprites/Default" pass "" (vp)
    Full variant space:         8
    After settings filtering:   8
    After built-in stripping:   4
    After scriptable stripping: 4
    Processed in 0.00 seconds
    starting compilation...
    finished in 0.00 seconds. Local cache hits 4 (0.00s CPU time), remote cache hits 0 (0.00s CPU time), compiled 0 variants (0.00s CPU time), skipped 0 variants
    Prepared data for serialisation in 0.00s
Compiling shader "Sprites/Default" pass "" (fp)
    Full variant space:         8
    After settings filtering:   8
    After built-in stripping:   4
    After scriptable stripping: 4
    Processed in 0.00 seconds
    starting compilation...
    finished in 0.00 seconds. Local cache hits 4 (0.00s CPU time), remote cache hits 0 (0.00s CPU time), compiled 0 variants (0.00s CPU time), skipped 0 variants
    Prepared data for serialisation in 0.00s
Serialized binary data for shader Sprites/Default in 0.00s
    d3d11 (total internal programs: 8, unique: 8)
Compiling shader "Sprites/Mask" pass "" (vp)
    Full variant space:         4
    After settings filtering:   4
    After built-in stripping:   4
    After scriptable stripping: 4
    Processed in 0.00 seconds
    starting compilation...
    finished in 0.00 seconds. Local cache hits 4 (0.00s CPU time), remote cache hits 0 (0.00s CPU time), compiled 0 variants (0.00s CPU time), skipped 0 variants
    Prepared data for serialisation in 0.00s
Compiling shader "Sprites/Mask" pass "" (fp)
    Full variant space:         4
    After settings filtering:   4
    After built-in stripping:   4
    After scriptable stripping: 4
    Processed in 0.00 seconds
    starting compilation...
    finished in 0.00 seconds. Local cache hits 4 (0.00s CPU time), remote cache hits 0 (0.00s CPU time), compiled 0 variants (0.00s CPU time), skipped 0 variants
    Prepared data for serialisation in 0.00s
Serialized binary data for shader Sprites/Mask in 0.00s
    d3d11 (total internal programs: 8, unique: 8)
Compiling shader "UI/Default" pass "Default" (vp)
    Full variant space:         4
    After settings filtering:   4
    After built-in stripping:   4
    After scriptable stripping: 4
    Processed in 0.00 seconds
    starting compilation...
    finished in 0.00 seconds. Local cache hits 4 (0.00s CPU time), remote cache hits 0 (0.00s CPU time), compiled 0 variants (0.00s CPU time), skipped 0 variants
    Prepared data for serialisation in 0.00s
Compiling shader "UI/Default" pass "Default" (fp)
    Full variant space:         4
    After settings filtering:   4
    After built-in stripping:   4
    After scriptable stripping: 4
    Processed in 0.00 seconds
    starting compilation...
    finished in 0.00 seconds. Local cache hits 4 (0.00s CPU time), remote cache hits 0 (0.00s CPU time), compiled 0 variants (0.00s CPU time), skipped 0 variants
    Prepared data for serialisation in 0.00s
Serialized binary data for shader UI/Default in 0.00s
    d3d11 (total internal programs: 8, unique: 8)
Compiling shader "UI/DefaultETC1" pass "Default" (vp)
    Full variant space:         4
    After settings filtering:   4
    After built-in stripping:   4
    After scriptable stripping: 4
    Processed in 0.00 seconds
    starting compilation...
    finished in 0.00 seconds. Local cache hits 4 (0.00s CPU time), remote cache hits 0 (0.00s CPU time), compiled 0 variants (0.00s CPU time), skipped 0 variants
    Prepared data for serialisation in 0.00s
Compiling shader "UI/DefaultETC1" pass "Default" (fp)
    Full variant space:         4
    After settings filtering:   4
    After built-in stripping:   4
    After scriptable stripping: 4
    Processed in 0.00 seconds
    starting compilation...
    finished in 0.00 seconds. Local cache hits 4 (0.00s CPU time), remote cache hits 0 (0.00s CPU time), compiled 0 variants (0.00s CPU time), skipped 0 variants
    Prepared data for serialisation in 0.00s
Serialized binary data for shader UI/DefaultETC1 in 0.00s
    d3d11 (total internal programs: 8, unique: 8)
Compiling shader "Hidden/CubeBlur" pass "" (vp)
    Full variant space:         1
    After settings filtering:   1
    After built-in stripping:   1
    After scriptable stripping: 1
    Processed in 0.00 seconds
    starting compilation...
    finished in 0.00 seconds. Local cache hits 1 (0.00s CPU time), remote cache hits 0 (0.00s CPU time), compiled 0 variants (0.00s CPU time), skipped 0 variants
    Prepared data for serialisation in 0.00s
Compiling shader "Hidden/CubeBlur" pass "" (fp)
    Full variant space:         1
    After settings filtering:   1
    After built-in stripping:   1
    After scriptable stripping: 1
    Processed in 0.00 seconds
    starting compilation...
    finished in 0.00 seconds. Local cache hits 1 (0.00s CPU time), remote cache hits 0 (0.00s CPU time), compiled 0 variants (0.00s CPU time), skipped 0 variants
    Prepared data for serialisation in 0.00s
Compiling shader "Hidden/CubeBlur" pass "" (vp)
    Full variant space:         1
    After settings filtering:   1
    After built-in stripping:   1
    After scriptable stripping: 1
    Processed in 0.00 seconds
    starting compilation...
    finished in 0.00 seconds. Local cache hits 1 (0.00s CPU time), remote cache hits 0 (0.00s CPU time), compiled 0 variants (0.00s CPU time), skipped 0 variants
    Prepared data for serialisation in 0.00s
Compiling shader "Hidden/CubeBlur" pass "" (fp)
    Full variant space:         1
    After settings filtering:   1
    After built-in stripping:   1
    After scriptable stripping: 1
    Processed in 0.00 seconds
    starting compilation...
    finished in 0.00 seconds. Local cache hits 1 (0.00s CPU time), remote cache hits 0 (0.00s CPU time), compiled 0 variants (0.00s CPU time), skipped 0 variants
    Prepared data for serialisation in 0.00s
Serialized binary data for shader Hidden/CubeBlur in 0.00s
    d3d11 (total internal programs: 4, unique: 3)
Compiling shader "Hidden/CubeCopy" pass "" (vp)
    Full variant space:         1
    After settings filtering:   1
    After built-in stripping:   1
    After scriptable stripping: 1
    Processed in 0.00 seconds
    starting compilation...
    finished in 0.00 seconds. Local cache hits 1 (0.00s CPU time), remote cache hits 0 (0.00s CPU time), compiled 0 variants (0.00s CPU time), skipped 0 variants
    Prepared data for serialisation in 0.00s
Compiling shader "Hidden/CubeCopy" pass "" (fp)
    Full variant space:         1
    After settings filtering:   1
    After built-in stripping:   1
    After scriptable stripping: 1
    Processed in 0.00 seconds
    starting compilation...
    finished in 0.00 seconds. Local cache hits 1 (0.00s CPU time), remote cache hits 0 (0.00s CPU time), compiled 0 variants (0.00s CPU time), skipped 0 variants
    Prepared data for serialisation in 0.00s
Compiling shader "Hidden/CubeCopy" pass "" (vp)
    Full variant space:         1
    After settings filtering:   1
    After built-in stripping:   1
    After scriptable stripping: 1
    Processed in 0.00 seconds
    starting compilation...
    finished in 0.00 seconds. Local cache hits 1 (0.00s CPU time), remote cache hits 0 (0.00s CPU time), compiled 0 variants (0.00s CPU time), skipped 0 variants
    Prepared data for serialisation in 0.00s
Compiling shader "Hidden/CubeCopy" pass "" (fp)
    Full variant space:         1
    After settings filtering:   1
    After built-in stripping:   1
    After scriptable stripping: 1
    Processed in 0.00 seconds
    starting compilation...
    finished in 0.00 seconds. Local cache hits 1 (0.00s CPU time), remote cache hits 0 (0.00s CPU time), compiled 0 variants (0.00s CPU time), skipped 0 variants
    Prepared data for serialisation in 0.00s
Serialized binary data for shader Hidden/CubeCopy in 0.00s
    d3d11 (total internal programs: 4, unique: 2)
Compiling shader "Hidden/CubeBlend" pass "" (vp)
    Full variant space:         1
    After settings filtering:   1
    After built-in stripping:   1
    After scriptable stripping: 1
    Processed in 0.00 seconds
    starting compilation...
    finished in 0.00 seconds. Local cache hits 1 (0.00s CPU time), remote cache hits 0 (0.00s CPU time), compiled 0 variants (0.00s CPU time), skipped 0 variants
    Prepared data for serialisation in 0.00s
Compiling shader "Hidden/CubeBlend" pass "" (fp)
    Full variant space:         1
    After settings filtering:   1
    After built-in stripping:   1
    After scriptable stripping: 1
    Processed in 0.00 seconds
    starting compilation...
    finished in 0.00 seconds. Local cache hits 1 (0.00s CPU time), remote cache hits 0 (0.00s CPU time), compiled 0 variants (0.00s CPU time), skipped 0 variants
    Prepared data for serialisation in 0.00s
Compiling shader "Hidden/CubeBlend" pass "" (vp)
    Full variant space:         1
    After settings filtering:   1
    After built-in stripping:   1
    After scriptable stripping: 1
    Processed in 0.00 seconds
    starting compilation...
    finished in 0.00 seconds. Local cache hits 1 (0.00s CPU time), remote cache hits 0 (0.00s CPU time), compiled 0 variants (0.00s CPU time), skipped 0 variants
    Prepared data for serialisation in 0.00s
Compiling shader "Hidden/CubeBlend" pass "" (fp)
    Full variant space:         1
    After settings filtering:   1
    After built-in stripping:   1
    After scriptable stripping: 1
    Processed in 0.00 seconds
    starting compilation...
    finished in 0.00 seconds. Local cache hits 1 (0.00s CPU time), remote cache hits 0 (0.00s CPU time), compiled 0 variants (0.00s CPU time), skipped 0 variants
    Prepared data for serialisation in 0.00s
Serialized binary data for shader Hidden/CubeBlend in 0.00s
    d3d11 (total internal programs: 4, unique: 2)
Compiling shader "Hidden/VR/BlitTexArraySlice" pass "" (vp)
    Full variant space:         1
    After settings filtering:   1
    After built-in stripping:   1
    After scriptable stripping: 1
    Processed in 0.00 seconds
    starting compilation...
    finished in 0.00 seconds. Local cache hits 1 (0.00s CPU time), remote cache hits 0 (0.00s CPU time), compiled 0 variants (0.00s CPU time), skipped 0 variants
    Prepared data for serialisation in 0.00s
Compiling shader "Hidden/VR/BlitTexArraySlice" pass "" (fp)
    Full variant space:         1
    After settings filtering:   1
    After built-in stripping:   1
    After scriptable stripping: 1
    Processed in 0.00 seconds
    starting compilation...
    finished in 0.00 seconds. Local cache hits 1 (0.00s CPU time), remote cache hits 0 (0.00s CPU time), compiled 0 variants (0.00s CPU time), skipped 0 variants
    Prepared data for serialisation in 0.00s
Serialized binary data for shader Hidden/VR/BlitTexArraySlice in 0.00s
    d3d11 (total internal programs: 2, unique: 2)
Compiling shader "Hidden/Internal-ODSWorldTexture" pass "" (vp)
    Full variant space:         1
    After settings filtering:   1
    After built-in stripping:   1
    After scriptable stripping: 1
    Processed in 0.00 seconds
    starting compilation...
    finished in 0.00 seconds. Local cache hits 1 (0.00s CPU time), remote cache hits 0 (0.00s CPU time), compiled 0 variants (0.00s CPU time), skipped 0 variants
    Prepared data for serialisation in 0.00s
Compiling shader "Hidden/Internal-ODSWorldTexture" pass "" (fp)
    Full variant space:         1
    After settings filtering:   1
    After built-in stripping:   1
    After scriptable stripping: 1
    Processed in 0.00 seconds
    starting compilation...
    finished in 0.00 seconds. Local cache hits 1 (0.00s CPU time), remote cache hits 0 (0.00s CPU time), compiled 0 variants (0.00s CPU time), skipped 0 variants
    Prepared data for serialisation in 0.00s
Compiling shader "Hidden/Internal-ODSWorldTexture" pass "" (vp)
    Full variant space:         1
    After settings filtering:   1
    After built-in stripping:   1
    After scriptable stripping: 1
    Processed in 0.00 seconds
    starting compilation...
    finished in 0.00 seconds. Local cache hits 1 (0.00s CPU time), remote cache hits 0 (0.00s CPU time), compiled 0 variants (0.00s CPU time), skipped 0 variants
    Prepared data for serialisation in 0.00s
Compiling shader "Hidden/Internal-ODSWorldTexture" pass "" (fp)
    Full variant space:         1
    After settings filtering:   1
    After built-in stripping:   1
    After scriptable stripping: 1
    Processed in 0.00 seconds
    starting compilation...
    finished in 0.00 seconds. Local cache hits 1 (0.00s CPU time), remote cache hits 0 (0.00s CPU time), compiled 0 variants (0.00s CPU time), skipped 0 variants
    Prepared data for serialisation in 0.00s
Compiling shader "Hidden/Internal-ODSWorldTexture" pass "" (vp)
    Full variant space:         1
    After settings filtering:   1
    After built-in stripping:   1
    After scriptable stripping: 1
    Processed in 0.00 seconds
    starting compilation...
    finished in 0.00 seconds. Local cache hits 1 (0.00s CPU time), remote cache hits 0 (0.00s CPU time), compiled 0 variants (0.00s CPU time), skipped 0 variants
    Prepared data for serialisation in 0.00s
Compiling shader "Hidden/Internal-ODSWorldTexture" pass "" (fp)
    Full variant space:         1
    After settings filtering:   1
    After built-in stripping:   1
    After scriptable stripping: 1
    Processed in 0.00 seconds
    starting compilation...
    finished in 0.00 seconds. Local cache hits 1 (0.00s CPU time), remote cache hits 0 (0.00s CPU time), compiled 0 variants (0.00s CPU time), skipped 0 variants
    Prepared data for serialisation in 0.00s
Compiling shader "Hidden/Internal-ODSWorldTexture" pass "" (vp)
    Full variant space:         1
    After settings filtering:   1
    After built-in stripping:   1
    After scriptable stripping: 1
    Processed in 0.00 seconds
    starting compilation...
    finished in 0.00 seconds. Local cache hits 1 (0.00s CPU time), remote cache hits 0 (0.00s CPU time), compiled 0 variants (0.00s CPU time), skipped 0 variants
    Prepared data for serialisation in 0.00s
Compiling shader "Hidden/Internal-ODSWorldTexture" pass "" (fp)
    Full variant space:         1
    After settings filtering:   1
    After built-in stripping:   1
    After scriptable stripping: 1
    Processed in 0.00 seconds
    starting compilation...
    finished in 0.00 seconds. Local cache hits 1 (0.00s CPU time), remote cache hits 0 (0.00s CPU time), compiled 0 variants (0.00s CPU time), skipped 0 variants
    Prepared data for serialisation in 0.00s
Compiling shader "Hidden/Internal-ODSWorldTexture" pass "" (vp)
    Full variant space:         1
    After settings filtering:   1
    After built-in stripping:   1
    After scriptable stripping: 1
    Processed in 0.00 seconds
    starting compilation...
    finished in 0.00 seconds. Local cache hits 1 (0.00s CPU time), remote cache hits 0 (0.00s CPU time), compiled 0 variants (0.00s CPU time), skipped 0 variants
    Prepared data for serialisation in 0.00s
Compiling shader "Hidden/Internal-ODSWorldTexture" pass "" (fp)
    Full variant space:         1
    After settings filtering:   1
    After built-in stripping:   1
    After scriptable stripping: 1
    Processed in 0.00 seconds
    starting compilation...
    finished in 0.00 seconds. Local cache hits 1 (0.00s CPU time), remote cache hits 0 (0.00s CPU time), compiled 0 variants (0.00s CPU time), skipped 0 variants
    Prepared data for serialisation in 0.00s
Compiling shader "Hidden/Internal-ODSWorldTexture" pass "" (vp)
    Full variant space:         1
    After settings filtering:   1
    After built-in stripping:   1
    After scriptable stripping: 1
    Processed in 0.00 seconds
    starting compilation...
    finished in 0.00 seconds. Local cache hits 1 (0.00s CPU time), remote cache hits 0 (0.00s CPU time), compiled 0 variants (0.00s CPU time), skipped 0 variants
    Prepared data for serialisation in 0.00s
Compiling shader "Hidden/Internal-ODSWorldTexture" pass "" (fp)
    Full variant space:         1
    After settings filtering:   1
    After built-in stripping:   1
    After scriptable stripping: 1
    Processed in 0.00 seconds
    starting compilation...
    finished in 0.00 seconds. Local cache hits 1 (0.00s CPU time), remote cache hits 0 (0.00s CPU time), compiled 0 variants (0.00s CPU time), skipped 0 variants
    Prepared data for serialisation in 0.00s
Compiling shader "Hidden/Internal-ODSWorldTexture" pass "" (vp)
    Full variant space:         1
    After settings filtering:   1
    After built-in stripping:   1
    After scriptable stripping: 1
    Processed in 0.00 seconds
    starting compilation...
    finished in 0.00 seconds. Local cache hits 1 (0.00s CPU time), remote cache hits 0 (0.00s CPU time), compiled 0 variants (0.00s CPU time), skipped 0 variants
    Prepared data for serialisation in 0.00s
Compiling shader "Hidden/Internal-ODSWorldTexture" pass "" (fp)
    Full variant space:         1
    After settings filtering:   1
    After built-in stripping:   1
    After scriptable stripping: 1
    Processed in 0.00 seconds
    starting compilation...
    finished in 0.00 seconds. Local cache hits 1 (0.00s CPU time), remote cache hits 0 (0.00s CPU time), compiled 0 variants (0.00s CPU time), skipped 0 variants
    Prepared data for serialisation in 0.00s
Compiling shader "Hidden/Internal-ODSWorldTexture" pass "" (vp)
    Full variant space:         1
    After settings filtering:   1
    After built-in stripping:   1
    After scriptable stripping: 1
    Processed in 0.00 seconds
    starting compilation...
    finished in 0.00 seconds. Local cache hits 1 (0.00s CPU time), remote cache hits 0 (0.00s CPU time), compiled 0 variants (0.00s CPU time), skipped 0 variants
    Prepared data for serialisation in 0.00s
Compiling shader "Hidden/Internal-ODSWorldTexture" pass "" (fp)
    Full variant space:         1
    After settings filtering:   1
    After built-in stripping:   1
    After scriptable stripping: 1
    Processed in 0.00 seconds
    starting compilation...
    finished in 0.00 seconds. Local cache hits 1 (0.00s CPU time), remote cache hits 0 (0.00s CPU time), compiled 0 variants (0.00s CPU time), skipped 0 variants
    Prepared data for serialisation in 0.00s
Compiling shader "Hidden/Internal-ODSWorldTexture" pass "" (vp)
    Full variant space:         1
    After settings filtering:   1
    After built-in stripping:   1
    After scriptable stripping: 1
    Processed in 0.00 seconds
    starting compilation...
    finished in 0.00 seconds. Local cache hits 1 (0.00s CPU time), remote cache hits 0 (0.00s CPU time), compiled 0 variants (0.00s CPU time), skipped 0 variants
    Prepared data for serialisation in 0.00s
Compiling shader "Hidden/Internal-ODSWorldTexture" pass "" (fp)
    Full variant space:         1
    After settings filtering:   1
    After built-in stripping:   1
    After scriptable stripping: 1
    Processed in 0.00 seconds
    starting compilation...
    finished in 0.00 seconds. Local cache hits 1 (0.00s CPU time), remote cache hits 0 (0.00s CPU time), compiled 0 variants (0.00s CPU time), skipped 0 variants
    Prepared data for serialisation in 0.00s
Compiling shader "Hidden/Internal-ODSWorldTexture" pass "" (vp)
    Full variant space:         1
    After settings filtering:   1
    After built-in stripping:   1
    After scriptable stripping: 1
    Processed in 0.00 seconds
    starting compilation...
    finished in 0.00 seconds. Local cache hits 1 (0.00s CPU time), remote cache hits 0 (0.00s CPU time), compiled 0 variants (0.00s CPU time), skipped 0 variants
    Prepared data for serialisation in 0.00s
Compiling shader "Hidden/Internal-ODSWorldTexture" pass "" (fp)
    Full variant space:         1
    After settings filtering:   1
    After built-in stripping:   1
    After scriptable stripping: 1
    Processed in 0.00 seconds
    starting compilation...
    finished in 0.00 seconds. Local cache hits 1 (0.00s CPU time), remote cache hits 0 (0.00s CPU time), compiled 0 variants (0.00s CPU time), skipped 0 variants
    Prepared data for serialisation in 0.00s
Serialized binary data for shader Hidden/Internal-ODSWorldTexture in 0.00s
    d3d11 (total internal programs: 20, unique: 15)
Compiling shader "Hidden/Internal-CubemapToEquirect" pass "" (vp)
    Full variant space:         1
    After settings filtering:   1
    After built-in stripping:   1
    After scriptable stripping: 1
    Processed in 0.00 seconds
    starting compilation...
    finished in 0.00 seconds. Local cache hits 1 (0.00s CPU time), remote cache hits 0 (0.00s CPU time), compiled 0 variants (0.00s CPU time), skipped 0 variants
    Prepared data for serialisation in 0.00s
Compiling shader "Hidden/Internal-CubemapToEquirect" pass "" (fp)
    Full variant space:         1
    After settings filtering:   1
    After built-in stripping:   1
    After scriptable stripping: 1
    Processed in 0.00 seconds
    starting compilation...
    finished in 0.00 seconds. Local cache hits 1 (0.00s CPU time), remote cache hits 0 (0.00s CPU time), compiled 0 variants (0.00s CPU time), skipped 0 variants
    Prepared data for serialisation in 0.00s
Serialized binary data for shader Hidden/Internal-CubemapToEquirect in 0.00s
    d3d11 (total internal programs: 2, unique: 2)
Compiling shader "Hidden/VR/BlitFromTex2DToTexArraySlice" pass "" (vp)
    Full variant space:         1
    After settings filtering:   1
    After built-in stripping:   1
    After scriptable stripping: 1
    Processed in 0.00 seconds
    starting compilation...
    finished in 0.00 seconds. Local cache hits 1 (0.00s CPU time), remote cache hits 0 (0.00s CPU time), compiled 0 variants (0.00s CPU time), skipped 0 variants
    Prepared data for serialisation in 0.00s
Compiling shader "Hidden/VR/BlitFromTex2DToTexArraySlice" pass "" (fp)
    Full variant space:         1
    After settings filtering:   1
    After built-in stripping:   1
    After scriptable stripping: 1
    Processed in 0.00 seconds
    starting compilation...
    finished in 0.00 seconds. Local cache hits 1 (0.00s CPU time), remote cache hits 0 (0.00s CPU time), compiled 0 variants (0.00s CPU time), skipped 0 variants
    Prepared data for serialisation in 0.00s
Compiling shader "Hidden/VR/BlitFromTex2DToTexArraySlice" pass "" (vp)
    Full variant space:         1
    After settings filtering:   1
    After built-in stripping:   1
    After scriptable stripping: 1
    Processed in 0.00 seconds
    starting compilation...
    finished in 0.00 seconds. Local cache hits 1 (0.00s CPU time), remote cache hits 0 (0.00s CPU time), compiled 0 variants (0.00s CPU time), skipped 0 variants
    Prepared data for serialisation in 0.00s
Compiling shader "Hidden/VR/BlitFromTex2DToTexArraySlice" pass "" (fp)
    Full variant space:         1
    After settings filtering:   1
    After built-in stripping:   1
    After scriptable stripping: 1
    Processed in 0.00 seconds
    starting compilation...
    finished in 0.00 seconds. Local cache hits 1 (0.00s CPU time), remote cache hits 0 (0.00s CPU time), compiled 0 variants (0.00s CPU time), skipped 0 variants
    Prepared data for serialisation in 0.00s
Compiling shader "Hidden/VR/BlitFromTex2DToTexArraySlice" pass "" (gp)
    Full variant space:         1
    After settings filtering:   1
    After built-in stripping:   1
    After scriptable stripping: 1
    Processed in 0.00 seconds
    starting compilation...
    finished in 0.00 seconds. Local cache hits 1 (0.00s CPU time), remote cache hits 0 (0.00s CPU time), compiled 0 variants (0.00s CPU time), skipped 0 variants
    Prepared data for serialisation in 0.00s
Serialized binary data for shader Hidden/VR/BlitFromTex2DToTexArraySlice in 0.00s
    d3d11 (total internal programs: 5, unique: 5)
Compiling shader "Hidden/VideoComposite" pass "Default" (vp)
    Full variant space:         1
    After settings filtering:   1
    After built-in stripping:   1
    After scriptable stripping: 1
    Processed in 0.00 seconds
    starting compilation...
    finished in 0.00 seconds. Local cache hits 1 (0.00s CPU time), remote cache hits 0 (0.00s CPU time), compiled 0 variants (0.00s CPU time), skipped 0 variants
    Prepared data for serialisation in 0.00s
Compiling shader "Hidden/VideoComposite" pass "Default" (fp)
    Full variant space:         1
    After settings filtering:   1
    After built-in stripping:   1
    After scriptable stripping: 1
    Processed in 0.00 seconds
    starting compilation...
    finished in 0.00 seconds. Local cache hits 1 (0.00s CPU time), remote cache hits 0 (0.00s CPU time), compiled 0 variants (0.00s CPU time), skipped 0 variants
    Prepared data for serialisation in 0.00s
Serialized binary data for shader Hidden/VideoComposite in 0.00s
    d3d11 (total internal programs: 2, unique: 2)
Compiling shader "Hidden/VideoDecode" pass "YCbCr_To_RGB1" (vp)
    Full variant space:         2
    After settings filtering:   2
    After built-in stripping:   2
    After scriptable stripping: 2
    Processed in 0.00 seconds
    starting compilation...
    finished in 0.00 seconds. Local cache hits 2 (0.00s CPU time), remote cache hits 0 (0.00s CPU time), compiled 0 variants (0.00s CPU time), skipped 0 variants
    Prepared data for serialisation in 0.00s
Compiling shader "Hidden/VideoDecode" pass "YCbCr_To_RGB1" (fp)
    Full variant space:         2
    After settings filtering:   2
    After built-in stripping:   2
    After scriptable stripping: 2
    Processed in 0.00 seconds
    starting compilation...
    finished in 0.00 seconds. Local cache hits 2 (0.00s CPU time), remote cache hits 0 (0.00s CPU time), compiled 0 variants (0.00s CPU time), skipped 0 variants
    Prepared data for serialisation in 0.00s
Compiling shader "Hidden/VideoDecode" pass "YCbCrA_To_RGBAFull" (vp)
    Full variant space:         2
    After settings filtering:   2
    After built-in stripping:   2
    After scriptable stripping: 2
    Processed in 0.00 seconds
    starting compilation...
    finished in 0.00 seconds. Local cache hits 2 (0.00s CPU time), remote cache hits 0 (0.00s CPU time), compiled 0 variants (0.00s CPU time), skipped 0 variants
    Prepared data for serialisation in 0.00s
Compiling shader "Hidden/VideoDecode" pass "YCbCrA_To_RGBAFull" (fp)
    Full variant space:         2
    After settings filtering:   2
    After built-in stripping:   2
    After scriptable stripping: 2
    Processed in 0.00 seconds
    starting compilation...
    finished in 0.00 seconds. Local cache hits 2 (0.00s CPU time), remote cache hits 0 (0.00s CPU time), compiled 0 variants (0.00s CPU time), skipped 0 variants
    Prepared data for serialisation in 0.00s
Compiling shader "Hidden/VideoDecode" pass "YCbCrA_To_RGBA" (vp)
    Full variant space:         2
    After settings filtering:   2
    After built-in stripping:   2
    After scriptable stripping: 2
    Processed in 0.00 seconds
    starting compilation...
    finished in 0.00 seconds. Local cache hits 2 (0.00s CPU time), remote cache hits 0 (0.00s CPU time), compiled 0 variants (0.00s CPU time), skipped 0 variants
    Prepared data for serialisation in 0.00s
Compiling shader "Hidden/VideoDecode" pass "YCbCrA_To_RGBA" (fp)
    Full variant space:         2
    After settings filtering:   2
    After built-in stripping:   2
    After scriptable stripping: 2
    Processed in 0.00 seconds
    starting compilation...
    finished in 0.00 seconds. Local cache hits 2 (0.00s CPU time), remote cache hits 0 (0.00s CPU time), compiled 0 variants (0.00s CPU time), skipped 0 variants
    Prepared data for serialisation in 0.00s
Compiling shader "Hidden/VideoDecode" pass "Flip_RGBA_To_RGBA" (vp)
    Full variant space:         2
    After settings filtering:   2
    After built-in stripping:   2
    After scriptable stripping: 2
    Processed in 0.00 seconds
    starting compilation...
    finished in 0.00 seconds. Local cache hits 2 (0.00s CPU time), remote cache hits 0 (0.00s CPU time), compiled 0 variants (0.00s CPU time), skipped 0 variants
    Prepared data for serialisation in 0.00s
Compiling shader "Hidden/VideoDecode" pass "Flip_RGBA_To_RGBA" (fp)
    Full variant space:         2
    After settings filtering:   2
    After built-in stripping:   2
    After scriptable stripping: 2
    Processed in 0.00 seconds
    starting compilation...
    finished in 0.00 seconds. Local cache hits 2 (0.00s CPU time), remote cache hits 0 (0.00s CPU time), compiled 0 variants (0.00s CPU time), skipped 0 variants
    Prepared data for serialisation in 0.00s
Compiling shader "Hidden/VideoDecode" pass "Flip_RGBASplit_To_RGBA" (vp)
    Full variant space:         2
    After settings filtering:   2
    After built-in stripping:   2
    After scriptable stripping: 2
    Processed in 0.00 seconds
    starting compilation...
    finished in 0.00 seconds. Local cache hits 2 (0.00s CPU time), remote cache hits 0 (0.00s CPU time), compiled 0 variants (0.00s CPU time), skipped 0 variants
    Prepared data for serialisation in 0.00s
Compiling shader "Hidden/VideoDecode" pass "Flip_RGBASplit_To_RGBA" (fp)
    Full variant space:         2
    After settings filtering:   2
    After built-in stripping:   2
    After scriptable stripping: 2
    Processed in 0.00 seconds
    starting compilation...
    finished in 0.00 seconds. Local cache hits 2 (0.00s CPU time), remote cache hits 0 (0.00s CPU time), compiled 0 variants (0.00s CPU time), skipped 0 variants
    Prepared data for serialisation in 0.00s
Compiling shader "Hidden/VideoDecode" pass "Flip_NV12_To_RGB1" (vp)
    Full variant space:         2
    After settings filtering:   2
    After built-in stripping:   2
    After scriptable stripping: 2
    Processed in 0.00 seconds
    starting compilation...
    finished in 0.00 seconds. Local cache hits 2 (0.00s CPU time), remote cache hits 0 (0.00s CPU time), compiled 0 variants (0.00s CPU time), skipped 0 variants
    Prepared data for serialisation in 0.00s
Compiling shader "Hidden/VideoDecode" pass "Flip_NV12_To_RGB1" (fp)
    Full variant space:         2
    After settings filtering:   2
    After built-in stripping:   2
    After scriptable stripping: 2
    Processed in 0.00 seconds
    starting compilation...
    finished in 0.00 seconds. Local cache hits 2 (0.00s CPU time), remote cache hits 0 (0.00s CPU time), compiled 0 variants (0.00s CPU time), skipped 0 variants
    Prepared data for serialisation in 0.00s
Compiling shader "Hidden/VideoDecode" pass "Flip_NV12_To_RGBA" (vp)
    Full variant space:         2
    After settings filtering:   2
    After built-in stripping:   2
    After scriptable stripping: 2
    Processed in 0.00 seconds
    starting compilation...
    finished in 0.00 seconds. Local cache hits 2 (0.00s CPU time), remote cache hits 0 (0.00s CPU time), compiled 0 variants (0.00s CPU time), skipped 0 variants
    Prepared data for serialisation in 0.00s
Compiling shader "Hidden/VideoDecode" pass "Flip_NV12_To_RGBA" (fp)
    Full variant space:         2
    After settings filtering:   2
    After built-in stripping:   2
    After scriptable stripping: 2
    Processed in 0.00 seconds
    starting compilation...
    finished in 0.00 seconds. Local cache hits 2 (0.00s CPU time), remote cache hits 0 (0.00s CPU time), compiled 0 variants (0.00s CPU time), skipped 0 variants
    Prepared data for serialisation in 0.00s
Compiling shader "Hidden/VideoDecode" pass "Flip_P010_To_RGB1" (vp)
    Full variant space:         1
    After settings filtering:   1
    After built-in stripping:   1
    After scriptable stripping: 1
    Processed in 0.00 seconds
    starting compilation...
    finished in 0.00 seconds. Local cache hits 1 (0.00s CPU time), remote cache hits 0 (0.00s CPU time), compiled 0 variants (0.00s CPU time), skipped 0 variants
    Prepared data for serialisation in 0.00s
Compiling shader "Hidden/VideoDecode" pass "Flip_P010_To_RGB1" (fp)
    Full variant space:         1
    After settings filtering:   1
    After built-in stripping:   1
    After scriptable stripping: 1
    Processed in 0.00 seconds
    starting compilation...
    finished in 0.00 seconds. Local cache hits 1 (0.00s CPU time), remote cache hits 0 (0.00s CPU time), compiled 0 variants (0.00s CPU time), skipped 0 variants
    Prepared data for serialisation in 0.00s
Serialized binary data for shader Hidden/VideoDecode in 0.00s
    d3d11 (total internal programs: 30, unique: 19)
Compiling shader "Hidden/TextCore/Distance Field SSD" pass "" (vp)
    Full variant space:         1
    After settings filtering:   1
    After built-in stripping:   1
    After scriptable stripping: 1
    Processed in 0.00 seconds
    starting compilation...
    finished in 0.00 seconds. Local cache hits 1 (0.00s CPU time), remote cache hits 0 (0.00s CPU time), compiled 0 variants (0.00s CPU time), skipped 0 variants
    Prepared data for serialisation in 0.00s
Compiling shader "Hidden/TextCore/Distance Field SSD" pass "" (fp)
    Full variant space:         1
    After settings filtering:   1
    After built-in stripping:   1
    After scriptable stripping: 1
    Processed in 0.00 seconds
    starting compilation...
    finished in 0.00 seconds. Local cache hits 1 (0.00s CPU time), remote cache hits 0 (0.00s CPU time), compiled 0 variants (0.00s CPU time), skipped 0 variants
    Prepared data for serialisation in 0.00s
Serialized binary data for shader Hidden/TextCore/Distance Field SSD in 0.00s
    d3d11 (total internal programs: 2, unique: 2)
Starting: C:\Program Files\Tuanjie\Hub\Editor\2022.3.62t16\Editor\Data\bee_backend.exe --dont-print-to-structured-log --ipc --dagfile="Library/Bee/Player08cf5d18.dag" --profile="Library/Bee/backend1.traceevents" Player
WorkingDir: C:/Users/Admin/Documents/Codex/2026-10-06/unity-6-unity-emberward-3d-roguelite/outputs/StoneSignal
DisplayProgressbar: Incremental Player Build
C:/Users/Admin/Documents/Codex/2026-10-06/unity-6-unity-emberward-3d-roguelite/outputs/StoneSignal/Library/PackageCache/com.unity.burst@1.8.30-t2/.Runtime\bcl.exe exited after 1802 ms.
stdout:
Starting 1 library requests
Done
stderr:

ExitCode: 0 Duration: 1s902ms
Refreshing native plugins compatible for Editor in 3.37 ms, found 0 plugins.
Preloading 0 native plugins for Editor in 0.00 ms.

-------------------------------------------------------------------------------
Build Report
Uncompressed usage by category (Percentages based on user generated assets only):
Textures               2.7 mb	 78.3% 
Meshes                 0.0 kb	 0.0% 
Animations             0.0 kb	 0.0% 
Sounds                 0.0 kb	 0.0% 
Shaders                310.7 kb	 8.9% 
Other Assets           312.8 kb	 8.9% 
Levels                 0.0 kb	 0.0% 
Scripts                78.8 kb	 2.2% 
Included DLLs          0.0 kb	 0.0% 
File headers           58.4 kb	 1.7% 
Total User Assets      3.4 mb	 100.0% 
Complete build size    116.7 mb
Used Assets and files from the Resources folder, sorted by uncompressed size:
 2.7 mb	 2.3% Built-in Texture2D: Splash Screen Unity Logo
 79.7 kb	 0.1% Packages/com.unity.render-pipelines.core/Runtime/Debugging/Prefabs/Fonts/PerfectDOSVGA437.ttf
 68.5 kb	 0.1% Packages/com.unity.render-pipelines.universal/Shaders/Utils/CoreBlit.shader
 59.7 kb	 0.1% Packages/com.unity.render-pipelines.core/Runtime/Debugging/Prefabs/Widgets/DebugUIBitField.prefab
 32.0 kb	 0.0% Packages/com.unity.render-pipelines.universal/Shaders/ReprojectSRI.compute
 31.8 kb	 0.0% Packages/com.unity.render-pipelines.universal/Shaders/Lit.shader
 18.7 kb	 0.0% Packages/com.unity.render-pipelines.universal/Shaders/PostProcessing/LensFlareDataDriven.shader
 17.5 kb	 0.0% Packages/com.unity.render-pipelines.universal/Shaders/Terrain/TerrainDetailLit.shader
 16.9 kb	 0.0% Packages/com.unity.render-pipelines.universal/Shaders/Terrain/WavingGrass.shader
 16.2 kb	 0.0% Packages/com.unity.render-pipelines.universal/Shaders/GenerateSRI.compute
 15.7 kb	 0.0% Resources/tuanjie_builtin_extra
 15.7 kb	 0.0% Packages/com.unity.render-pipelines.universal/Shaders/Terrain/WavingGrassBillboard.shader
 15.4 kb	 0.0% Packages/com.unity.render-pipelines.universal/Shaders/Particles/ParticlesUnlit.shader
 12.6 kb	 0.0% Packages/com.unity.render-pipelines.universal/Shaders/GpuMotionVectors.shader
 12.5 kb	 0.0% Packages/com.unity.render-pipelines.universal/Shaders/Unlit.shader
 10.6 kb	 0.0% Packages/com.unity.render-pipelines.universal/Shaders/Debug/DebugVisibility.shader
 10.5 kb	 0.0% Packages/com.unity.render-pipelines.universal/Shaders/Utils/DepthPyramid.compute
 9.8 kb	 0.0% Packages/com.unity.render-pipelines.universal/Shaders/Debug/HDRDebugView.shader
 9.4 kb	 0.0% Packages/com.unity.render-pipelines.core/Runtime/Debugging/Prefabs/Widgets/DebugUIPanel.prefab
 7.1 kb	 0.0% Packages/com.unity.render-pipelines.universal/Shaders/Debug/DebugMaterialID.shader
 6.5 kb	 0.0% Packages/com.unity.render-pipelines.core/Runtime/Debugging/Prefabs/Widgets/DebugUIColor.prefab
 6.3 kb	 0.0% Packages/com.unity.render-pipelines.universal/Shaders/Utils/CoreBlitColorAndDepth.shader
 6.2 kb	 0.0% Packages/com.unity.render-pipelines.core/Runtime/Debugging/Prefabs/Widgets/DebugUIVector4.prefab
 5.5 kb	 0.0% Packages/com.unity.render-pipelines.universal/Shaders/ReflectionProbeCulling.compute
 5.3 kb	 0.0% Packages/com.unity.render-pipelines.core/Runtime/Debugging/Prefabs/Widgets/DebugUIVector3.prefab
 4.7 kb	 0.0% Packages/com.unity.render-pipelines.universal/Shaders/Utils/CopyDepth.shader
 4.4 kb	 0.0% Packages/com.unity.render-pipelines.core/Runtime/Debugging/Prefabs/Widgets/DebugUIUIntField.prefab
 4.4 kb	 0.0% Packages/com.unity.render-pipelines.core/Runtime/Debugging/Prefabs/Widgets/DebugUIIntField.prefab
 4.4 kb	 0.0% Packages/com.unity.render-pipelines.universal/Shaders/Utils/MaterialDepth.shader
 4.3 kb	 0.0% Packages/com.unity.render-pipelines.core/Runtime/Debugging/Prefabs/Widgets/DebugUIVector2.prefab
 4.2 kb	 0.0% Packages/com.unity.render-pipelines.core/Runtime/Debugging/Prefabs/Resources/DebugUICanvas.prefab
 4.2 kb	 0.0% Packages/com.unity.render-pipelines.universal/Textures/BlueNoise64/L/LDR_LLL1_0.png
 4.1 kb	 0.0% Packages/com.unity.render-pipelines.core/Runtime/Debugging/Prefabs/Widgets/DebugUIFloatField.prefab
 4.0 kb	 0.0% Packages/com.unity.render-pipelines.universal/Shaders/Debug/DebugReplacement.shader
 4.0 kb	 0.0% Packages/com.unity.render-pipelines.universal/Shaders/ObjectMotionVectors.shader
 3.7 kb	 0.0% Packages/com.unity.render-pipelines.universal/Shaders/Utils/Blit.shader
 3.7 kb	 0.0% Packages/com.unity.render-pipelines.universal/Shaders/CameraMotionVectors.shader
 3.6 kb	 0.0% Packages/com.unity.render-pipelines.universal/Shaders/Utils/Sampling.shader
 3.6 kb	 0.0% Packages/com.unity.render-pipelines.universal/Shaders/Utils/DecalBufferEmit.shader
 3.5 kb	 0.0% Packages/com.unity.render-pipelines.universal/Shaders/Utils/FallbackError.shader
 3.4 kb	 0.0% Packages/com.unity.render-pipelines.universal/Shaders/Utils/FallbackLoading.shader
 3.4 kb	 0.0% Packages/com.unity.render-pipelines.universal/Shaders/StencilSplat.shader
 3.4 kb	 0.0% Packages/com.unity.render-pipelines.universal/Shaders/ShadingRate.shader
 3.4 kb	 0.0% Packages/com.unity.render-pipelines.universal/Shaders/ConvertSRI_R32ToR8.shader
 3.3 kb	 0.0% Packages/com.unity.render-pipelines.universal/Shaders/Utils/MaterialError.shader
 3.2 kb	 0.0% Packages/com.unity.render-pipelines.core/Runtime/RenderPipelineResources/FallbackShader.shader
 2.8 kb	 0.0% Packages/com.unity.render-pipelines.core/Runtime/Debugging/Prefabs/Widgets/DebugUIObjectPopupField.prefab
 2.6 kb	 0.0% Packages/com.unity.render-pipelines.universal/Shaders/Utils/StencilDeferred.shader
 2.6 kb	 0.0% Packages/com.unity.render-pipelines.core/Runtime/Debugging/Prefabs/Widgets/DebugUIObjectList.prefab
 2.6 kb	 0.0% Packages/com.unity.render-pipelines.core/Runtime/Debugging/Prefabs/Widgets/DebugUIEnumField.prefab
 2.5 kb	 0.0% Packages/com.unity.render-pipelines.core/Runtime/Debugging/Prefabs/Widgets/DebugUIFoldout.prefab
 2.5 kb	 0.0% Packages/com.unity.render-pipelines.core/Runtime/Debugging/Prefabs/Widgets/DebugUIRow.prefab
 1.8 kb	 0.0% Packages/com.unity.render-pipelines.core/Runtime/Debugging/Prefabs/Widgets/DebugUIToggleHistory.prefab
 1.8 kb	 0.0% Packages/com.unity.render-pipelines.core/Runtime/Debugging/Prefabs/Widgets/DebugUIToggle.prefab
 1.6 kb	 0.0% Assets/Game/Materials/Beacon plinth.mat
 1.5 kb	 0.0% Assets/Game/Materials/Stone wall.mat
 1.5 kb	 0.0% Assets/Game/Materials/Signal core.mat
 1.5 kb	 0.0% Assets/Game/Materials/Slate B.mat
 1.5 kb	 0.0% Assets/Game/Materials/Slate A.mat
 1.5 kb	 0.0% Assets/Game/Materials/Skimmer.mat
 1.5 kb	 0.0% Assets/Game/Materials/Seismic.mat
 1.5 kb	 0.0% Assets/Game/Materials/Pulse.mat
 1.5 kb	 0.0% Assets/Game/Materials/Needle.mat
 1.5 kb	 0.0% Assets/Game/Materials/Entry.mat
 1.5 kb	 0.0% Assets/Game/Materials/Drifter.mat
 1.4 kb	 0.0% Packages/com.unity.render-pipelines.core/Runtime/Debugging/Prefabs/Widgets/DebugUIProgressBar.prefab
 1.4 kb	 0.0% Packages/com.unity.render-pipelines.core/Runtime/Debugging/Prefabs/Widgets/DebugUIGroup.prefab
 1.2 kb	 0.0% Packages/com.unity.render-pipelines.core/Runtime/Debugging/Prefabs/Widgets/DebugUIButton.prefab
 1.2 kb	 0.0% Packages/com.unity.render-pipelines.universal/Shaders/Utils/DeferredPlusShading.shader
 1.2 kb	 0.0% Packages/com.unity.render-pipelines.universal/Shaders/TuanjieGIBuildDepthPyramid.compute
 1.2 kb	 0.0% Packages/com.unity.render-pipelines.core/Runtime/Debugging/Prefabs/Textures/UIFoldoutOpened.png
 1.1 kb	 0.0% Packages/com.unity.render-pipelines.core/Runtime/Debugging/Prefabs/Textures/UIFoldoutClosed.png
 1.1 kb	 0.0% Packages/com.unity.render-pipelines.core/Runtime/Debugging/Prefabs/Textures/UICheckMark.png
 1.1 kb	 0.0% Packages/com.unity.render-pipelines.universal/Shaders/TuanjieGIGPUCopy.compute
 1.1 kb	 0.0% Assets/Game/Materials/Impact particles.mat
 1.0 kb	 0.0% Packages/com.unity.render-pipelines.core/Runtime/Debugging/Prefabs/Widgets/DebugUIEnumHistory.prefab
 0.9 kb	 0.0% Packages/com.unity.render-pipelines.core/Runtime/Debugging/Prefabs/Widgets/DebugUIValuePersistent.prefab
 0.9 kb	 0.0% Packages/com.unity.render-pipelines.core/Runtime/Debugging/Prefabs/Widgets/DebugUIValueTuple.prefab
 0.9 kb	 0.0% Packages/com.unity.render-pipelines.core/Runtime/Debugging/Prefabs/Widgets/DebugUIObject.prefab
 0.9 kb	 0.0% Packages/com.unity.render-pipelines.core/Runtime/Debugging/Prefabs/Resources/DebugUIPersistentCanvas.prefab
 0.9 kb	 0.0% Packages/com.unity.render-pipelines.core/Runtime/Debugging/Prefabs/Widgets/DebugUIValue.prefab
 0.9 kb	 0.0% Packages/com.unity.render-pipelines.core/Runtime/Debugging/Prefabs/Widgets/DebugUIMessageBox.prefab
 0.9 kb	 0.0% Packages/com.unity.render-pipelines.core/Runtime/Debugging/Prefabs/Textures/UIElement8px.png
 0.7 kb	 0.0% Packages/com.unity.render-pipelines.universal/Shaders/TuanjieGICopyTexture.compute
 0.6 kb	 0.0% Packages/com.unity.render-pipelines.core/Runtime/Debugging/Prefabs/Textures/White1px.png
 0.6 kb	 0.0% Assets/Game/Settings/StoneSignalURP.asset
 0.6 kb	 0.0% Assets/Game/Settings/ForwardRenderer.asset
 0.5 kb	 0.0% Assets/Game/Materials/Invalid ghost.mat
 0.5 kb	 0.0% Assets/Game/Materials/Valid ghost.mat
 0.5 kb	 0.0% Assets/Game/Materials/Route.mat
 0.5 kb	 0.0% Assets/Game/Materials/Bolt.mat
 0.5 kb	 0.0% Packages/com.unity.render-pipelines.universal/Shaders/Utils/VisibilityBuffer.shader
 0.5 kb	 0.0% Packages/com.unity.render-pipelines.universal/Shaders/Utils/BlitHDROverlay.shader
 0.4 kb	 0.0% Packages/com.unity.render-pipelines.core/Runtime/Debugging/Prefabs/Widgets/DebugUIVBox.prefab
 0.4 kb	 0.0% Packages/com.unity.render-pipelines.core/Runtime/Debugging/Prefabs/Widgets/DebugUIHBox.prefab
 0.4 kb	 0.0% Built-in Sprite: 
 0.4 kb	 0.0% Assets/Game/Settings/GameConfig.asset
 0.3 kb	 0.0% Packages/com.unity.render-pipelines.universal/Shaders/GIMotionVectors.shader
 0.2 kb	 0.0% Assets/Game/Settings/Palette.asset
 0.2 kb	 0.0% Packages/com.unity.render-pipelines.universal/Textures/BayerMatrix.png
 0.2 kb	 0.0% Packages/com.unity.render-pipelines.universal/Runtime/Debug/UniversalRenderPipelineVolumeDebugSettings.cs
 0.2 kb	 0.0% Packages/com.unity.render-pipelines.universal/Runtime/Debug/UniversalRenderPipelineDebugDisplaySettings.cs
 0.2 kb	 0.0% Packages/com.unity.render-pipelines.universal/Runtime/UniversalRenderPipelineGlobalSettings.cs
 0.2 kb	 0.0% Packages/com.unity.render-pipelines.universal/Runtime/Passes/GPUResidentDrawerDrawObjectsPass.cs
 0.2 kb	 0.0% Packages/com.unity.render-pipelines.universal/Runtime/Data/UniversalRenderPipelineEditorResources.cs
 0.2 kb	 0.0% Packages/com.unity.render-pipelines.core/Runtime/Common/IAdaptiveProbeSystemEnabledRenderPipeline.cs
 0.2 kb	 0.0% Packages/com.unity.render-pipelines.universal/Runtime/Passes/AdditionalLightsShadowCasterPass.cs
 0.2 kb	 0.0% Packages/com.unity.render-pipelines.universal/Runtime/2D/Shadows/Providers/ShadowShape2DProvider_SpriteRenderer.cs
 0.2 kb	 0.0% Packages/com.unity.render-pipelines.core/Runtime/RenderGraph/RenderGraphResourceRegistry.cs
 0.2 kb	 0.0% Packages/com.unity.render-pipelines.core/Runtime/RenderGraph/RenderGraphDefaultResources.cs
 0.2 kb	 0.0% Packages/com.unity.render-pipelines.universal/Runtime/Passes/GPUResidentDrawerDepthNormalOnlyPass.cs
 0.2 kb	 0.0% Packages/com.unity.render-pipelines.core/Runtime/RenderGraph/RenderGraphResourceRendererList.cs
 0.2 kb	 0.0% Packages/com.unity.render-pipelines.core/Runtime/RenderGraph/RenderGraphResourceComputeBuffer.cs
 0.2 kb	 0.0% Packages/com.unity.render-pipelines.core/Runtime/Common/IVirtualTexturingEnabledRenderPipeline.cs
 0.2 kb	 0.0% Packages/com.unity.mathematics/Unity.Mathematics/Il2CppEagerStaticClassConstructionAttribute.cs
 0.2 kb	 0.0% Packages/com.unity.render-pipelines.universal/Runtime/UniversalAdditionalCameraData.cs
 0.2 kb	 0.0% Packages/com.unity.render-pipelines.universal/Runtime/RendererFeatures/ImageBasedVRS/ShadingRateImageReprojectionPass.cs
 0.2 kb	 0.0% Packages/com.unity.render-pipelines.universal/Runtime/RendererFeatures/ImageBasedVRS/ConfigureShadingRateImagePass.cs
 0.2 kb	 0.0% Packages/com.unity.render-pipelines.universal/Runtime/RendererFeatures/DisallowMultipleRendererFeature.cs
 0.2 kb	 0.0% Packages/com.unity.render-pipelines.universal/Runtime/Passes/MainLightShadowCasterPass.cs
 0.2 kb	 0.0% Packages/com.unity.render-pipelines.universal/Runtime/Passes/InvokeOnRenderObjectCallbackPass.cs
 0.2 kb	 0.0% Packages/com.unity.render-pipelines.universal/Runtime/Passes/GITextureVisualizationeDebugPass.cs
 0.2 kb	 0.0% Packages/com.unity.render-pipelines.universal/Runtime/Passes/BufferVisualizationeDebugPass.cs
 0.2 kb	 0.0% Packages/com.unity.render-pipelines.universal/Runtime/Decal/Entities/DecalUpdateCullingGroupSystem.cs
 0.2 kb	 0.0% Packages/com.unity.render-pipelines.universal/Runtime/Debug/DebugDisplaySettingsTuanjieGI.cs
 0.2 kb	 0.0% Packages/com.unity.render-pipelines.universal/Runtime/Debug/DebugDisplaySettingsRendering.cs
 0.2 kb	 0.0% Packages/com.unity.render-pipelines.universal/Runtime/2D/CinemachineUniversalPixelPerfect.cs
 0.2 kb	 0.0% Packages/com.unity.render-pipelines.core/Runtime/RenderGraph/RenderGraphResourcePool.cs
 0.2 kb	 0.0% Packages/com.unity.render-pipelines.core/Runtime/RenderGraph/RenderGraphObjectPool.cs
 0.2 kb	 0.0% Packages/com.unity.render-pipelines.core/Runtime/Lighting/ProbeVolume/ProbeReferenceVolume.ReflProbeNormalization.cs
 0.2 kb	 0.0% Packages/com.unity.render-pipelines.universal/Runtime/UniversalRenderPipelineRenderGraph.cs
 0.2 kb	 0.0% Packages/com.unity.render-pipelines.core/Runtime/RenderGraph/RenderGraphResourceTexture.cs
 0.2 kb	 0.0% Packages/com.unity.render-pipelines.universal/Runtime/UniversalAdditionalLightData.cs
 0.2 kb	 0.0% Packages/com.unity.render-pipelines.universal/Runtime/Tiling/ReflectionProbeMinMaxZJob.cs
 0.2 kb	 0.0% Packages/com.unity.render-pipelines.universal/Runtime/ScriptableRendererFeature.cs
 0.2 kb	 0.0% Packages/com.unity.render-pipelines.universal/Runtime/RendererFeatures/ScreenSpaceAmbientOcclusion.cs
 0.2 kb	 0.0% Packages/com.unity.render-pipelines.universal/Runtime/RendererFeatures/ImageBasedVRS/ShadingRateImageGenerator.cs
 0.2 kb	 0.0% Packages/com.unity.render-pipelines.universal/Runtime/RendererFeatures/ImageBasedVRS/ShadingRateImageGeneratePass.cs
 0.2 kb	 0.0% Packages/com.unity.render-pipelines.universal/Runtime/RendererFeatures/ImageBasedVRS/ShadingRateImageDebugPass.cs
 0.2 kb	 0.0% Packages/com.unity.render-pipelines.universal/Runtime/RendererFeatures/ImageBasedVRS/ShadingRateImageConvertPass.cs
 0.2 kb	 0.0% Packages/com.unity.render-pipelines.universal/Runtime/RendererFeatures/ImageBasedVRS/ResetShadingRateImagePass.cs
 0.2 kb	 0.0% Packages/com.unity.render-pipelines.universal/Runtime/RendererFeatures/ImageBasedVRS/ImageBasedVRSRenderFeature.cs
 0.2 kb	 0.0% Packages/com.unity.render-pipelines.universal/Runtime/RenderTargetBufferSystem.cs
 0.2 kb	 0.0% Packages/com.unity.render-pipelines.universal/Runtime/Passes/GPUResidentDrawerPass.cs
 0.2 kb	 0.0% Packages/com.unity.render-pipelines.universal/Runtime/Passes/GPUResidentDrawerDepthOnlyPass.cs
 0.2 kb	 0.0% Packages/com.unity.render-pipelines.universal/Runtime/Passes/GPUReflectionProbePass.cs
 0.2 kb	 0.0% Packages/com.unity.render-pipelines.universal/Runtime/Passes/BuildDepthPyramidPass.cs
 0.2 kb	 0.0% Packages/com.unity.render-pipelines.universal/Runtime/Overrides/TuanjieGlobalIllumination.cs
 0.2 kb	 0.0% Packages/com.unity.render-pipelines.universal/Runtime/Overrides/ShadowsMidtonesHighlights.cs
 0.2 kb	 0.0% Packages/com.unity.render-pipelines.universal/Runtime/Decal/ScreenSpace/DecalScreenSpaceRenderPass.cs
 0.2 kb	 0.0% Packages/com.unity.render-pipelines.universal/Runtime/Decal/Entities/DecalCreateDrawCallSystem.cs
 0.2 kb	 0.0% Packages/com.unity.render-pipelines.universal/Runtime/Debug/DebugDisplaySettingsMaterial.cs
 0.2 kb	 0.0% Packages/com.unity.render-pipelines.universal/Runtime/Debug/DebugDisplaySettingsLighting.cs
 0.2 kb	 0.0% Packages/com.unity.render-pipelines.universal/Runtime/Debug/DebugDisplaySettingsCommon.cs
 0.2 kb	 0.0% Packages/com.unity.render-pipelines.universal/Runtime/Data/UniversalRenderPipelineAsset.cs
 0.2 kb	 0.0% Packages/com.unity.render-pipelines.universal/Runtime/2D/Sources/Shadow2DSource_ShapeEditor.cs
 0.2 kb	 0.0% Packages/com.unity.render-pipelines.universal/Runtime/2D/Shadows/ShadowCasterGroup2DManager.cs
 0.2 kb	 0.0% Packages/com.unity.render-pipelines.universal/Runtime/2D/PixelPerfectCameraInternal.cs
 0.2 kb	 0.0% Packages/com.unity.render-pipelines.universal/Runtime/2D/Passes/PixelPerfectBackgroundPass.cs
 0.2 kb	 0.0% Packages/com.unity.render-pipelines.core/Runtime/RenderGraph/RenderGraphLogger.cs
 0.2 kb	 0.0% Packages/com.unity.render-pipelines.core/Runtime/RenderGraph/RenderGraphBuilder.cs
 0.2 kb	 0.0% Packages/com.unity.render-pipelines.universal/Runtime/UniversalRenderPipelineCore.cs
 0.2 kb	 0.0% Packages/com.unity.render-pipelines.universal/Runtime/Passes/RenderObjectsPass.cs
 0.2 kb	 0.0% Packages/com.unity.render-pipelines.universal/Runtime/2D/PixelPerfectCamera.cs
 0.2 kb	 0.0% Packages/com.unity.render-pipelines.core/Runtime/Utilities/CoreRenderPipelinePreferences.cs
 0.2 kb	 0.0% Packages/com.unity.render-pipelines.core/Runtime/RenderGraph/RenderGraphResources.cs
 0.2 kb	 0.0% Packages/com.unity.render-pipelines.core/Runtime/Lighting/ProbeVolume/ProbeVolumeBakingProcessSettings.cs
 0.2 kb	 0.0% Packages/com.unity.render-pipelines.core/Runtime/Debugging/Prefabs/Scripts/DebugUIHandlerPersistentCanvas.cs
 0.2 kb	 0.0% Packages/com.unity.render-pipelines.core/Runtime/Debugging/Prefabs/Scripts/DebugUIHandlerObjectPopupField.cs
 0.2 kb	 0.0% Packages/com.unity.render-pipelines.core/Runtime/Debugging/Prefabs/Scripts/DebugUIHandlerIndirectFloatField.cs
 0.2 kb	 0.0% Packages/com.unity.render-pipelines.core/Runtime/Common/GlobalDynamicResolutionSettings.cs
 0.2 kb	 0.0% Assets/UniversalRenderPipelineGlobalSettings.asset
 0.2 kb	 0.0% Packages/com.unity.render-pipelines.universal/Runtime/UniversalRendererRenderGraph.cs
 0.2 kb	 0.0% Packages/com.unity.render-pipelines.universal/Runtime/UniversalRendererData.cs
 0.2 kb	 0.0% Packages/com.unity.render-pipelines.universal/Runtime/UniversalRenderPipeline.cs
 0.2 kb	 0.0% Packages/com.unity.render-pipelines.universal/Runtime/Tiling/TileRangeExpansionJob.cs
 0.2 kb	 0.0% Packages/com.unity.render-pipelines.universal/Runtime/SupportedOnRenderer.cs
 0.2 kb	 0.0% Packages/com.unity.render-pipelines.universal/Runtime/ScriptableRendererData.cs
 0.2 kb	 0.0% Packages/com.unity.render-pipelines.universal/Runtime/ReflectionProbeManager.cs
 0.2 kb	 0.0% Packages/com.unity.render-pipelines.universal/Runtime/ReflectionProbeAtlas.cs
 0.2 kb	 0.0% Packages/com.unity.render-pipelines.universal/Runtime/Passes/TuanjieGIDebugPass.cs
 0.2 kb	 0.0% Packages/com.unity.render-pipelines.universal/Runtime/Passes/TransparentSettingsPass.cs
 0.2 kb	 0.0% Packages/com.unity.render-pipelines.universal/Runtime/Passes/MotionVectorRenderPass.cs
 0.2 kb	 0.0% Packages/com.unity.render-pipelines.universal/Runtime/Passes/GIMotionVectorRenderPass.cs
 0.2 kb	 0.0% Packages/com.unity.render-pipelines.universal/Runtime/Passes/GICopyTexturePass.cs
 0.2 kb	 0.0% Packages/com.unity.render-pipelines.universal/Runtime/Passes/DrawScreenSpaceUIPass.cs
 0.2 kb	 0.0% Packages/com.unity.render-pipelines.universal/Runtime/Passes/DepthNormalOnlyPass.cs
 0.2 kb	 0.0% Packages/com.unity.render-pipelines.universal/Runtime/Passes/DecalBufferEmitPass.cs
 0.2 kb	 0.0% Packages/com.unity.render-pipelines.universal/Runtime/Passes/CopyDepthPyramidPass.cs
 0.2 kb	 0.0% Packages/com.unity.render-pipelines.universal/Runtime/Passes/ColorGradingLutPass.cs
 0.2 kb	 0.0% Packages/com.unity.render-pipelines.universal/Runtime/NormalReconstruction.cs
 0.2 kb	 0.0% Packages/com.unity.render-pipelines.universal/Runtime/Decal/ScreenSpace/DecalGBufferRenderPass.cs
 0.2 kb	 0.0% Packages/com.unity.render-pipelines.universal/Runtime/Decal/Entities/DecalUpdateCulledSystem.cs
 0.2 kb	 0.0% Packages/com.unity.render-pipelines.universal/Runtime/Decal/Entities/DecalUpdateCachedSystem.cs
 0.2 kb	 0.0% Packages/com.unity.render-pipelines.universal/Runtime/Decal/Entities/DecalSkipCulledSystem.cs
 0.2 kb	 0.0% Packages/com.unity.render-pipelines.universal/Runtime/Decal/DBuffer/DecalForwardEmissivePass.cs
 0.2 kb	 0.0% Packages/com.unity.render-pipelines.universal/Runtime/Debug/DebugDisplaySettingsGDRP.cs
 0.2 kb	 0.0% Packages/com.unity.render-pipelines.universal/Runtime/2D/URP2D_GraphicsExtensions.cs
 0.2 kb	 0.0% Packages/com.unity.render-pipelines.universal/Runtime/2D/Sources/Shadow2DProviderSources.cs
 0.2 kb	 0.0% Packages/com.unity.render-pipelines.universal/Runtime/2D/Sources/Shadow2DProviderSource.cs
 0.2 kb	 0.0% Packages/com.unity.render-pipelines.universal/Runtime/2D/Sources/Light2DSource_BuiltIn.cs
 0.2 kb	 0.0% Packages/com.unity.render-pipelines.universal/Runtime/2D/Sources/Light2DProviderSources.cs
 0.2 kb	 0.0% Packages/com.unity.render-pipelines.universal/Runtime/2D/Sources/Light2DProviderSource.cs
 0.2 kb	 0.0% Packages/com.unity.render-pipelines.universal/Runtime/2D/Shadows/Providers/ShadowShape2DProvider.cs
 0.2 kb	 0.0% Packages/com.unity.render-pipelines.universal/Runtime/2D/Shadows/CompositeShadowCaster2D.cs
 0.2 kb	 0.0% Packages/com.unity.render-pipelines.core/Runtime/XR/XRBuiltinShaderConstants.cs
 0.2 kb	 0.0% Packages/com.unity.render-pipelines.core/Runtime/RenderGraph/RenderGraphPass.cs
 0.2 kb	 0.0% Assets/Game/ScriptableObjects/Rewards/BonusSlot.asset
 0.1 kb	 0.0% Packages/com.unity.render-pipelines.universal/Runtime/ShadingRateWindow.cs
 0.1 kb	 0.0% Packages/com.unity.render-pipelines.universal/Runtime/RendererFeatures/RenderObjects.cs
 0.1 kb	 0.0% Packages/com.unity.render-pipelines.universal/Runtime/MotionVectors.cs
 0.1 kb	 0.0% Packages/com.unity.render-pipelines.universal/Runtime/Decal/DecalDrawErrorRenderPass.cs
 0.1 kb	 0.0% Packages/com.unity.render-pipelines.universal/Runtime/2D/InternalBridge/InternalEngineBridge.cs
 0.1 kb	 0.0% Packages/com.unity.render-pipelines.core/Runtime/Utilities/BatchRendererGroupGlobals.cs
 0.1 kb	 0.0% Packages/com.unity.render-pipelines.core/Runtime/Lighting/ProbeVolume/ShaderVariablesProbeVolumes.cs
 0.1 kb	 0.0% Packages/com.unity.render-pipelines.core/Runtime/Lighting/ProbeVolume/ProbeReferenceVolumeProfile.cs
 0.1 kb	 0.0% Packages/com.unity.render-pipelines.core/Runtime/Debugging/Prefabs/Scripts/DebugUIHandlerToggleHistory.cs
 0.1 kb	 0.0% Packages/com.unity.render-pipelines.core/Runtime/Debugging/Prefabs/Scripts/DebugUIHandlerProgressBar.cs
 0.1 kb	 0.0% Packages/com.unity.render-pipelines.core/Runtime/Debugging/Prefabs/Scripts/DebugUIHandlerIndirectToggle.cs
 0.1 kb	 0.0% Packages/com.unity.render-pipelines.core/Runtime/Debugging/Prefabs/Scripts/DebugUIHandlerEnumHistory.cs
 0.1 kb	 0.0% Packages/com.unity.render-pipelines.core/Runtime/Debugging/IDebugDisplaySettingsQuery.cs
 0.1 kb	 0.0% Packages/com.unity.render-pipelines.core/Runtime/Debugging/IDebugDisplaySettingsPanel.cs
 0.1 kb	 0.0% Packages/com.unity.render-pipelines.core/Runtime/Debugging/IDebugDisplaySettingsData.cs
 0.1 kb	 0.0% Packages/com.unity.render-pipelines.core/Runtime/Debugging/DebugDisplaySettingsVolumes.cs
 0.1 kb	 0.0% Packages/com.unity.render-pipelines.core/Runtime/Debugging/DebugDisplaySettingsPanel.cs
 0.1 kb	 0.0% Packages/com.unity.render-pipelines.universal/Runtime/XR/XRSystemUniversal.cs
 0.1 kb	 0.0% Packages/com.unity.render-pipelines.universal/Runtime/UniversalRenderer.cs
 0.1 kb	 0.0% Packages/com.unity.render-pipelines.universal/Runtime/SpaceFillingCurves.cs
 0.1 kb	 0.0% Packages/com.unity.render-pipelines.universal/Runtime/ScriptableRenderer.cs
 0.1 kb	 0.0% Packages/com.unity.render-pipelines.universal/Runtime/SceneViewDrawMode.cs
 0.1 kb	 0.0% Packages/com.unity.render-pipelines.universal/Runtime/RenderingLayerUtils.cs
 0.1 kb	 0.0% Packages/com.unity.render-pipelines.universal/Runtime/RendererFeatures/ScreenSpaceShadows.cs
 0.1 kb	 0.0% Packages/com.unity.render-pipelines.universal/Runtime/RendererFeatures/DecalRendererFeature.cs
 0.1 kb	 0.0% Packages/com.unity.render-pipelines.universal/Runtime/RenderTargetHandle.cs
 0.1 kb	 0.0% Packages/com.unity.render-pipelines.universal/Runtime/PostProcessPasses.cs
 0.1 kb	 0.0% Packages/com.unity.render-pipelines.universal/Runtime/Passes/TuanjieGIGPUCopy.cs
 0.1 kb	 0.0% Packages/com.unity.render-pipelines.universal/Runtime/Passes/StencilSplatPass.cs
 0.1 kb	 0.0% Packages/com.unity.render-pipelines.universal/Runtime/Passes/ShadingRateOnlyPass.cs
 0.1 kb	 0.0% Packages/com.unity.render-pipelines.universal/Runtime/Passes/ScriptableRenderPass.cs
 0.1 kb	 0.0% Packages/com.unity.render-pipelines.universal/Runtime/Passes/GpuDrivenPass.cs
 0.1 kb	 0.0% Packages/com.unity.render-pipelines.universal/Runtime/Passes/GPUMotionVectorPass.cs
 0.1 kb	 0.0% Packages/com.unity.render-pipelines.universal/Runtime/Passes/GBufferSplatPass.cs
 0.1 kb	 0.0% Packages/com.unity.render-pipelines.universal/Runtime/Passes/FinalBlitPass.cs
 0.1 kb	 0.0% Packages/com.unity.render-pipelines.universal/Runtime/Passes/DrawObjectsPass.cs
 0.1 kb	 0.0% Packages/com.unity.render-pipelines.universal/Runtime/Passes/DepthOnlyPass.cs
 0.1 kb	 0.0% Packages/com.unity.render-pipelines.universal/Runtime/Passes/CopyDepthPass.cs
 0.1 kb	 0.0% Packages/com.unity.render-pipelines.universal/Runtime/Passes/CopyColorPass.cs
 0.1 kb	 0.0% Packages/com.unity.render-pipelines.universal/Runtime/Overrides/ScreenSpaceLensFlare.cs
 0.1 kb	 0.0% Packages/com.unity.render-pipelines.universal/Runtime/Overrides/ChromaticAberration.cs
 0.1 kb	 0.0% Packages/com.unity.render-pipelines.universal/Runtime/LightCookieManager.cs
 0.1 kb	 0.0% Packages/com.unity.render-pipelines.universal/Runtime/ForwardRendererData.cs
 0.1 kb	 0.0% Packages/com.unity.render-pipelines.universal/Runtime/ForwardLights.cs
 0.1 kb	 0.0% Packages/com.unity.render-pipelines.universal/Runtime/External/LibTessDotNet/MeshUtils.cs
 0.1 kb	 0.0% Packages/com.unity.render-pipelines.universal/Runtime/DeferredLights.cs
 0.1 kb	 0.0% Packages/com.unity.render-pipelines.universal/Runtime/Decal/Entities/DecalEntityManager.cs
 0.1 kb	 0.0% Packages/com.unity.render-pipelines.universal/Runtime/Decal/DecalShaderPassNames.cs
 0.1 kb	 0.0% Packages/com.unity.render-pipelines.universal/Runtime/Decal/DBuffer/DBufferRenderPass.cs
 0.1 kb	 0.0% Packages/com.unity.render-pipelines.universal/Runtime/Debug/DebugDisplayStats.cs
 0.1 kb	 0.0% Packages/com.unity.render-pipelines.universal/Runtime/2D/Sources/IProvider2DSources.cs
 0.1 kb	 0.0% Packages/com.unity.render-pipelines.universal/Runtime/2D/Shadows/ShadowCasterGroup2D.cs
 0.1 kb	 0.0% Packages/com.unity.render-pipelines.universal/Runtime/2D/Shadows/Shadow Provider Utility/ShapeProviderUtility.cs
 0.1 kb	 0.0% Packages/com.unity.render-pipelines.universal/Runtime/2D/Passes/Utility/Light2DLookupTexture.cs
 0.1 kb	 0.0% Packages/com.unity.render-pipelines.universal/Runtime/2D/Passes/Render2DLightingPass.cs
 0.1 kb	 0.0% Packages/com.unity.render-pipelines.universal/Runtime/2D/Light2DCullResult.cs
 0.1 kb	 0.0% Packages/com.unity.render-pipelines.universal/Runtime/2D/Light2DBlendStyle.cs
 0.1 kb	 0.0% Packages/com.unity.render-pipelines.core/Runtime/RenderGraph/RenderGraph.cs
 0.1 kb	 0.0% Packages/com.unity.render-pipelines.core/Runtime/Lighting/ProbeVolume/ProbeReferenceVolume.Streaming.cs
 0.1 kb	 0.0% Assets/Game/ScriptableObjects/Rewards/CannonRadius.asset
 0.1 kb	 0.0% Packages/com.unity.render-pipelines.universal/Runtime/RTHandleUtils.cs
 0.1 kb	 0.0% Packages/com.unity.render-pipelines.universal/Runtime/Passes/TuanjieGI.cs
 0.1 kb	 0.0% Packages/com.unity.render-pipelines.universal/Runtime/NativeRenderPass.cs
 0.1 kb	 0.0% Packages/com.unity.render-pipelines.universal/Runtime/External/LibTessDotNet/PriorityHeap.cs
 0.1 kb	 0.0% Packages/com.unity.render-pipelines.universal/Runtime/2D/Sources/SelectionSource2D.cs
 0.1 kb	 0.0% Packages/com.unity.render-pipelines.universal-config/Runtime/ShaderConfig.cs
 0.1 kb	 0.0% Packages/com.unity.render-pipelines.core/Runtime/XR/XRGraphicsAutomatedTests.cs
 0.1 kb	 0.0% Packages/com.unity.render-pipelines.core/Runtime/Textures/Texture2DAtlasDynamic.cs
 0.1 kb	 0.0% Packages/com.unity.render-pipelines.core/Runtime/Textures/PowerOfTwoTextureAtlas.cs
 0.1 kb	 0.0% Packages/com.unity.render-pipelines.core/Runtime/Textures/BufferedRTHandleSystem.cs
 0.1 kb	 0.0% Packages/com.unity.render-pipelines.core/Runtime/RenderPipeline/RenderPipelineResources.cs
 0.1 kb	 0.0% Packages/com.unity.render-pipelines.core/Runtime/RenderPipeline/IShaderVariantSettings.cs
 0.1 kb	 0.0% Packages/com.unity.render-pipelines.core/Runtime/PostProcessing/LensFlareComponentSRP.cs
 0.1 kb	 0.0% Packages/com.unity.render-pipelines.core/Runtime/Lighting/ProbeVolume/ProbeVolumePositioning.cs
 0.1 kb	 0.0% Packages/com.unity.render-pipelines.core/Runtime/Lighting/ProbeVolume/ProbeVolumePerSceneData.cs
 0.1 kb	 0.0% Packages/com.unity.render-pipelines.core/Runtime/GDRP/VGComputeShaderResources.cs
 0.1 kb	 0.0% Packages/com.unity.render-pipelines.core/Runtime/Debugging/ShaderDebugPrintManager.cs
 0.1 kb	 0.0% Packages/com.unity.render-pipelines.core/Runtime/Debugging/Prefabs/Scripts/DebugUIHandlerVector4.cs
 0.1 kb	 0.0% Packages/com.unity.render-pipelines.core/Runtime/Debugging/Prefabs/Scripts/DebugUIHandlerVector3.cs
 0.1 kb	 0.0% Packages/com.unity.render-pipelines.core/Runtime/Debugging/Prefabs/Scripts/DebugUIHandlerVector2.cs
 0.1 kb	 0.0% Packages/com.unity.render-pipelines.core/Runtime/Debugging/Prefabs/Scripts/DebugUIHandlerValueTuple.cs
 0.1 kb	 0.0% Packages/com.unity.render-pipelines.core/Runtime/Debugging/Prefabs/Scripts/DebugUIHandlerUIntField.cs
 0.1 kb	 0.0% Packages/com.unity.render-pipelines.core/Runtime/Debugging/Prefabs/Scripts/DebugUIHandlerTextField.cs
 0.1 kb	 0.0% Packages/com.unity.render-pipelines.core/Runtime/Debugging/Prefabs/Scripts/DebugUIHandlerObjectList.cs
 0.1 kb	 0.0% Packages/com.unity.render-pipelines.core/Runtime/Debugging/Prefabs/Scripts/DebugUIHandlerMessageBox.cs
 0.1 kb	 0.0% Packages/com.unity.render-pipelines.core/Runtime/Debugging/Prefabs/Scripts/DebugUIHandlerIntField.cs
 0.1 kb	 0.0% Packages/com.unity.render-pipelines.core/Runtime/Debugging/Prefabs/Scripts/DebugUIHandlerFoldout.cs
 0.1 kb	 0.0% Packages/com.unity.render-pipelines.core/Runtime/Debugging/Prefabs/Scripts/DebugUIHandlerFloatField.cs
 0.1 kb	 0.0% Packages/com.unity.render-pipelines.core/Runtime/Debugging/Prefabs/Scripts/DebugUIHandlerEnumField.cs
 0.1 kb	 0.0% Packages/com.unity.render-pipelines.core/Runtime/Debugging/Prefabs/Scripts/DebugUIHandlerContainer.cs
 0.1 kb	 0.0% Packages/com.unity.render-pipelines.core/Runtime/Debugging/Prefabs/Scripts/DebugUIHandlerBitField.cs
 0.1 kb	 0.0% Packages/com.unity.render-pipelines.core/Runtime/Debugging/IDebugDisplaySettings.cs
 0.1 kb	 0.0% Packages/com.unity.render-pipelines.core/Runtime/Debugging/DebugDisplaySettingsUI.cs
 0.1 kb	 0.0% Packages/com.unity.render-pipelines.core/Runtime/Common/RemoveRange.Extensions.cs
 0.1 kb	 0.0% Packages/com.unity.render-pipelines.core/Runtime/Common/DynamicResolutionHandler.cs
 0.1 kb	 0.0% Assets/Game/ScriptableObjects/Rewards/AllAttackSpeed.asset
 0.1 kb	 0.0% Packages/com.unity.render-pipelines.universal/Runtime/XR/XRPassUniversal.cs
 0.1 kb	 0.0% Packages/com.unity.render-pipelines.universal/Runtime/Tiling/LightMinMaxZJob.cs
 0.1 kb	 0.0% Packages/com.unity.render-pipelines.universal/Runtime/Tiling/InclusiveRange.cs
 0.1 kb	 0.0% Packages/com.unity.render-pipelines.universal/Runtime/Temporal/TemporalUtils.cs
 0.1 kb	 0.0% Packages/com.unity.render-pipelines.universal/Runtime/RenderingUtils.cs
 0.1 kb	 0.0% Packages/com.unity.render-pipelines.universal/Runtime/RendererFeatures/FullScreenPassRendererFeature.cs
 0.1 kb	 0.0% Packages/com.unity.render-pipelines.universal/Runtime/PostProcessUtils.cs
 0.1 kb	 0.0% Packages/com.unity.render-pipelines.universal/Runtime/Passes/PostProcessPass.cs
 0.1 kb	 0.0% Packages/com.unity.render-pipelines.universal/Runtime/Passes/HDRDebugViewPass.cs
 0.1 kb	 0.0% Packages/com.unity.render-pipelines.universal/Runtime/Passes/GBufferPass.cs
 0.1 kb	 0.0% Packages/com.unity.render-pipelines.universal/Runtime/Passes/DrawSkyboxPass.cs
 0.1 kb	 0.0% Packages/com.unity.render-pipelines.universal/Runtime/Passes/DeferredPass.cs
 0.1 kb	 0.0% Packages/com.unity.render-pipelines.universal/Runtime/Overrides/PaniniProjection.cs
 0.1 kb	 0.0% Packages/com.unity.render-pipelines.universal/Runtime/Overrides/LiftGammaGain.cs
 0.1 kb	 0.0% Packages/com.unity.render-pipelines.universal/Runtime/Overrides/LensDistortion.cs
 0.1 kb	 0.0% Packages/com.unity.render-pipelines.universal/Runtime/Overrides/ColorAdjustments.cs
 0.1 kb	 0.0% Packages/com.unity.render-pipelines.universal/Runtime/MetalFXUtilsURP.cs
 0.1 kb	 0.0% Packages/com.unity.render-pipelines.universal/Runtime/Memory/BuddyAllocator.cs
 0.1 kb	 0.0% Packages/com.unity.render-pipelines.universal/Runtime/Documentation.cs
 0.1 kb	 0.0% Packages/com.unity.render-pipelines.universal/Runtime/Deprecated.cs
 0.1 kb	 0.0% Packages/com.unity.render-pipelines.universal/Runtime/Decal/Entities/DecalDrawSystem.cs
 0.1 kb	 0.0% Packages/com.unity.render-pipelines.universal/Runtime/Decal/DecalProjector.cs
 0.1 kb	 0.0% Packages/com.unity.render-pipelines.universal/Runtime/Decal/DecalPreviewPass.cs
 0.1 kb	 0.0% Packages/com.unity.render-pipelines.universal/Runtime/Debug/DebugRenderSetup.cs
 0.1 kb	 0.0% Packages/com.unity.render-pipelines.universal/Runtime/Data/RenderStateData.cs
 0.1 kb	 0.0% Packages/com.unity.render-pipelines.universal/Runtime/Data/PostProcessData.cs
 0.1 kb	 0.0% Packages/com.unity.render-pipelines.universal/Runtime/ComponentUtility.cs
 0.1 kb	 0.0% Packages/com.unity.render-pipelines.universal/Runtime/2D/UTess2D/Tessellator.cs
 0.1 kb	 0.0% Packages/com.unity.render-pipelines.universal/Runtime/2D/UTess2D/PlanarGraph.cs
 0.1 kb	 0.0% Packages/com.unity.render-pipelines.universal/Runtime/2D/Sources/Provider2DSource.cs
 0.1 kb	 0.0% Packages/com.unity.render-pipelines.universal/Runtime/2D/Sources/Provider2DRef.cs
 0.1 kb	 0.0% Packages/com.unity.render-pipelines.universal/Runtime/2D/Sources/Provider2DKVPair.cs
 0.1 kb	 0.0% Packages/com.unity.render-pipelines.universal/Runtime/2D/Sources/Provider2DInfo.cs
 0.1 kb	 0.0% Packages/com.unity.render-pipelines.universal/Runtime/2D/Sources/IProvider2DCache.cs
 0.1 kb	 0.0% Packages/com.unity.render-pipelines.universal/Runtime/2D/Shadows/ShadowRendering.cs
 0.1 kb	 0.0% Packages/com.unity.render-pipelines.universal/Runtime/2D/Shadows/ShadowCaster2D.cs
 0.1 kb	 0.0% Packages/com.unity.render-pipelines.universal/Runtime/2D/Shadows/Shadow Provider Utility/VertexDictionary.cs
 0.1 kb	 0.0% Packages/com.unity.render-pipelines.universal/Runtime/2D/Shadows/Shadow Provider Utility/ShadowUtility.cs
 0.1 kb	 0.0% Packages/com.unity.render-pipelines.universal/Runtime/2D/Shadows/Shadow Provider Utility/ShadowShape2D.cs
 0.1 kb	 0.0% Packages/com.unity.render-pipelines.universal/Runtime/2D/Shadows/Shadow Provider Utility/EdgeDictionary.cs
 0.1 kb	 0.0% Packages/com.unity.render-pipelines.universal/Runtime/2D/Renderer2DData.cs
 0.1 kb	 0.0% Packages/com.unity.render-pipelines.universal/Runtime/2D/Passes/Utility/RendererLighting.cs
 0.1 kb	 0.0% Packages/com.unity.render-pipelines.universal/Runtime/2D/Passes/IRenderPass2D.cs
 0.1 kb	 0.0% Packages/com.unity.render-pipelines.universal/Runtime/2D/Lights/Providers/Light2DProvider.cs
 0.1 kb	 0.0% Packages/com.unity.render-pipelines.universal/Runtime/2D/Light2DManager.cs
 0.1 kb	 0.0% Packages/com.unity.render-pipelines.core/Runtime/XR/XROcclusionMesh.cs
 0.1 kb	 0.0% Packages/com.unity.render-pipelines.core/Runtime/Lighting/ProbeVolume/ProbeReferenceVolume.Debug.cs
 0.1 kb	 0.0% Assets/Game/ScriptableObjects/Rewards/AddBlock.asset
 0.1 kb	 0.0% Packages/com.unity.shadergraph/ShaderGraphLibrary/DummyShaderGraphLibrary.cs
 0.1 kb	 0.0% Packages/com.unity.render-pipelines.universal/ShaderLibrary/ShaderTypes.cs
 0.1 kb	 0.0% Packages/com.unity.render-pipelines.universal/ShaderLibrary/Deprecated.cs
 0.1 kb	 0.0% Packages/com.unity.render-pipelines.universal/Runtime/Tiling/TileSize.cs
 0.1 kb	 0.0% Packages/com.unity.render-pipelines.universal/Runtime/External/LibTessDotNet/Sweep.cs
 0.1 kb	 0.0% Packages/com.unity.render-pipelines.universal/Runtime/2D/Shadows/Providers/ShadowShapeProvider2D_Utility.cs
 0.1 kb	 0.0% Packages/com.unity.render-pipelines.core/Runtime/Utilities/SceneRenderPipeline.cs
 0.1 kb	 0.0% Packages/com.unity.render-pipelines.core/Runtime/Utilities/MaterialQuality.cs
 0.1 kb	 0.0% Packages/com.unity.render-pipelines.core/Runtime/Utilities/CameraCaptureBridge.cs
 0.1 kb	 0.0% Packages/com.unity.render-pipelines.core/Runtime/ShaderGenerator/ShaderGeneratorAttributes.cs
 0.1 kb	 0.0% Packages/com.unity.render-pipelines.core/Runtime/PostProcessing/LensFlareCommonSRP.cs
 0.1 kb	 0.0% Packages/com.unity.render-pipelines.core/Runtime/LookDev/IDataProvider.cs
 0.1 kb	 0.0% Packages/com.unity.render-pipelines.core/Runtime/Lighting/SphericalHarmonics.cs
 0.1 kb	 0.0% Packages/com.unity.render-pipelines.core/Runtime/Lighting/ProbeVolume/ProbeVolumeSceneData.cs
 0.1 kb	 0.0% Packages/com.unity.render-pipelines.core/Runtime/Lighting/ProbeVolume/ProbeVolumeGIContributor.cs
 0.1 kb	 0.0% Packages/com.unity.render-pipelines.core/Runtime/Lighting/ProbeVolume/ProbeTouchupVolume.cs
 0.1 kb	 0.0% Packages/com.unity.render-pipelines.core/Runtime/Lighting/ProbeVolume/ProbeReferenceVolume.cs
 0.1 kb	 0.0% Packages/com.unity.render-pipelines.core/Runtime/Documentation.cs
 0.1 kb	 0.0% Packages/com.unity.render-pipelines.core/Runtime/Debugging/Prefabs/Scripts/DebugUIHandlerWidget.cs
 0.1 kb	 0.0% Packages/com.unity.render-pipelines.core/Runtime/Debugging/Prefabs/Scripts/DebugUIHandlerValue.cs
 0.1 kb	 0.0% Packages/com.unity.render-pipelines.core/Runtime/Debugging/Prefabs/Scripts/DebugUIHandlerVBox.cs
 0.1 kb	 0.0% Packages/com.unity.render-pipelines.core/Runtime/Debugging/Prefabs/Scripts/DebugUIHandlerToggle.cs
 0.1 kb	 0.0% Packages/com.unity.render-pipelines.core/Runtime/Debugging/Prefabs/Scripts/DebugUIHandlerRow.cs
 0.1 kb	 0.0% Packages/com.unity.render-pipelines.core/Runtime/Debugging/Prefabs/Scripts/DebugUIHandlerPanel.cs
 0.1 kb	 0.0% Packages/com.unity.render-pipelines.core/Runtime/Debugging/Prefabs/Scripts/DebugUIHandlerObject.cs
 0.1 kb	 0.0% Packages/com.unity.render-pipelines.core/Runtime/Debugging/Prefabs/Scripts/DebugUIHandlerHBox.cs
 0.1 kb	 0.0% Packages/com.unity.render-pipelines.core/Runtime/Debugging/Prefabs/Scripts/DebugUIHandlerGroup.cs
 0.1 kb	 0.0% Packages/com.unity.render-pipelines.core/Runtime/Debugging/Prefabs/Scripts/DebugUIHandlerColor.cs
 0.1 kb	 0.0% Packages/com.unity.render-pipelines.core/Runtime/Debugging/Prefabs/Scripts/DebugUIHandlerCanvas.cs
 0.1 kb	 0.0% Packages/com.unity.render-pipelines.core/Runtime/Debugging/Prefabs/Scripts/DebugUIHandlerButton.cs
 0.1 kb	 0.0% Packages/com.unity.render-pipelines.core/Runtime/Debugging/MousePositionDebug.cs
 0.1 kb	 0.0% Packages/com.unity.render-pipelines.core/Runtime/Debugging/IVolumeDebugSettings.cs
 0.1 kb	 0.0% Packages/com.unity.render-pipelines.core/Runtime/Debugging/FrameTiming/FrameTimeBottleneck.cs
 0.1 kb	 0.0% Packages/com.unity.render-pipelines.core/Runtime/Common/Swap.Extensions.cs
 0.1 kb	 0.0% Packages/com.unity.render-pipelines.core/Runtime/Common/CommandBufferPool.cs
 0.1 kb	 0.0% Assets/Game/ScriptableObjects/Towers/Seismic.asset
 0.1 kb	 0.0% Assets/Game/ScriptableObjects/Towers/Chill.asset
 0.1 kb	 0.0% Assets/Game/ScriptableObjects/Rewards/PathSlow.asset
 0.1 kb	 0.0% Assets/Game/ScriptableObjects/Rewards/AllDamage.asset
 0.1 kb	 0.0% Packages/com.unity.ugui/Runtime/UI/Core/Layout/HorizontalOrVerticalLayoutGroup.cs
 0.1 kb	 0.0% Packages/com.unity.render-pipelines.universal/Runtime/VGShadowData.cs
 0.1 kb	 0.0% Packages/com.unity.render-pipelines.universal/Runtime/Tiling/ZBinningJob.cs
 0.1 kb	 0.0% Packages/com.unity.render-pipelines.universal/Runtime/Tiling/TilingJob.cs
 0.1 kb	 0.0% Packages/com.unity.render-pipelines.universal/Runtime/TemporalAA.cs
 0.1 kb	 0.0% Packages/com.unity.render-pipelines.universal/Runtime/Temporal/TjsrUtils.cs
 0.1 kb	 0.0% Packages/com.unity.render-pipelines.universal/Runtime/ShadowUtils.cs
 0.1 kb	 0.0% Packages/com.unity.render-pipelines.universal/Runtime/ShaderUtils.cs
 0.1 kb	 0.0% Packages/com.unity.render-pipelines.universal/Runtime/ShaderData.cs
 0.1 kb	 0.0% Packages/com.unity.render-pipelines.universal/Runtime/Passes/CapturePass.cs
 0.1 kb	 0.0% Packages/com.unity.render-pipelines.universal/Runtime/Overrides/WhiteBalance.cs
 0.1 kb	 0.0% Packages/com.unity.render-pipelines.universal/Runtime/Overrides/Tonemapping.cs
 0.1 kb	 0.0% Packages/com.unity.render-pipelines.universal/Runtime/Overrides/SplitToning.cs
 0.1 kb	 0.0% Packages/com.unity.render-pipelines.universal/Runtime/Overrides/MotionBlur.cs
 0.1 kb	 0.0% Packages/com.unity.render-pipelines.universal/Runtime/Overrides/FilmGrain.cs
 0.1 kb	 0.0% Packages/com.unity.render-pipelines.universal/Runtime/Overrides/DepthOfField.cs
 0.1 kb	 0.0% Packages/com.unity.render-pipelines.universal/Runtime/Overrides/ColorLookup.cs
 0.1 kb	 0.0% Packages/com.unity.render-pipelines.universal/Runtime/Overrides/ColorCurves.cs
 0.1 kb	 0.0% Packages/com.unity.render-pipelines.universal/Runtime/Overrides/ChannelMixer.cs
 0.1 kb	 0.0% Packages/com.unity.render-pipelines.universal/Runtime/External/LibTessDotNet/Tess.cs
 0.1 kb	 0.0% Packages/com.unity.render-pipelines.universal/Runtime/External/LibTessDotNet/Mesh.cs
 0.1 kb	 0.0% Packages/com.unity.render-pipelines.universal/Runtime/External/LibTessDotNet/Geom.cs
 0.1 kb	 0.0% Packages/com.unity.render-pipelines.universal/Runtime/Decal/Entities/DecalChunk.cs
 0.1 kb	 0.0% Packages/com.unity.render-pipelines.universal/Runtime/Debug/DebugOverlay.cs
 0.1 kb	 0.0% Packages/com.unity.render-pipelines.universal/Runtime/Debug/DebugHandler.cs
 0.1 kb	 0.0% Packages/com.unity.render-pipelines.universal/Runtime/Data/XRSystemData.cs
 0.1 kb	 0.0% Packages/com.unity.render-pipelines.universal/Runtime/2D/UTess2D/UTess.cs
 0.1 kb	 0.0% Packages/com.unity.render-pipelines.universal/Runtime/2D/UTess2D/Smoothen.cs
 0.1 kb	 0.0% Packages/com.unity.render-pipelines.universal/Runtime/2D/UTess2D/Refinery.cs
 0.1 kb	 0.0% Packages/com.unity.render-pipelines.universal/Runtime/2D/Shadows/Shadow Provider Utility/ShadowMesh2D.cs
 0.1 kb	 0.0% Packages/com.unity.render-pipelines.universal/Runtime/2D/Shadows/Shadow Provider Utility/ShadowEdge.cs
 0.1 kb	 0.0% Packages/com.unity.render-pipelines.universal/Runtime/2D/Shadows/Shadow Provider Utility/IEdgeStore.cs
 0.1 kb	 0.0% Packages/com.unity.render-pipelines.universal/Runtime/2D/Renderer2D.cs
 0.1 kb	 0.0% Packages/com.unity.render-pipelines.universal/Runtime/2D/Provider2D.cs
 0.1 kb	 0.0% Packages/com.unity.render-pipelines.universal/Runtime/2D/Passes/Utility/LayerUtility.cs
 0.1 kb	 0.0% Packages/com.unity.render-pipelines.universal/Runtime/2D/Passes/UpscalePass.cs
 0.1 kb	 0.0% Packages/com.unity.render-pipelines.universal/Runtime/2D/LightUtility.cs
 0.1 kb	 0.0% Packages/com.unity.render-pipelines.core/Runtime/XR/XRMirrorView.cs
 0.1 kb	 0.0% Packages/com.unity.render-pipelines.core/Runtime/Lighting/ProbeVolume/ProbeIndexOfIndices.cs
 0.1 kb	 0.0% Packages/com.unity.render-pipelines.core/Runtime/Lighting/AdaptiveProbeSystem/ProbeShaderKeywords.cs
 0.1 kb	 0.0% Packages/com.unity.render-pipelines.core/Runtime/Common/CoreAttributes.cs
 0.1 kb	 0.0% Assets/Game/ScriptableObjects/Towers/Pulse.asset
 0.1 kb	 0.0% Assets/Game/ScriptableObjects/Rewards/WaveGold.asset
 0.1 kb	 0.0% Assets/Game/ScriptableObjects/Rewards/TowerDiscount.asset
 0.1 kb	 0.0% Assets/Game/ScriptableObjects/Rewards/KillGold.asset
 0.1 kb	 0.0% Packages/com.unity.shadergraph/Editor/Generation/Targets/BuiltIn/Editor/ShaderGUI/MaterialAssemblyReference/RawRenderQueue.cs
 0.1 kb	 0.0% Packages/com.unity.render-pipelines.core/Runtime/Volume/VolumeProfile.cs
 0.1 kb	 0.0% Packages/com.unity.render-pipelines.core/Runtime/Volume/VolumeParameter.cs
 0.1 kb	 0.0% Packages/com.unity.render-pipelines.core/Runtime/Volume/VolumeManager.cs
 0.1 kb	 0.0% Packages/com.unity.render-pipelines.core/Runtime/Volume/VolumeDebugData.cs
 0.1 kb	 0.0% Packages/com.unity.render-pipelines.core/Runtime/Volume/VolumeComponent.cs
 0.1 kb	 0.0% Packages/com.unity.render-pipelines.core/Runtime/Volume/KeyframeUtility.cs
 0.1 kb	 0.0% Packages/com.unity.render-pipelines.core/Runtime/Utilities/TileLayoutUtils.cs
 0.1 kb	 0.0% Packages/com.unity.render-pipelines.core/Runtime/Utilities/ResourceReloader.cs
 0.1 kb	 0.0% Packages/com.unity.render-pipelines.core/Runtime/Utilities/HaltonSequence.cs
 0.1 kb	 0.0% Packages/com.unity.render-pipelines.core/Runtime/Utilities/HDROutputUtils.cs
 0.1 kb	 0.0% Packages/com.unity.render-pipelines.core/Runtime/Utilities/DelegateUtility.cs
 0.1 kb	 0.0% Packages/com.unity.render-pipelines.core/Runtime/Utilities/CoreMatrixUtils.cs
 0.1 kb	 0.0% Packages/com.unity.render-pipelines.core/Runtime/Utilities/ColorSpaceUtils.cs
 0.1 kb	 0.0% Packages/com.unity.render-pipelines.core/Runtime/Utilities/ArrayExtensions.cs
 0.1 kb	 0.0% Packages/com.unity.render-pipelines.core/Runtime/Textures/Texture2DAtlas.cs
 0.1 kb	 0.0% Packages/com.unity.render-pipelines.core/Runtime/Textures/RTHandleSystem.cs
 0.1 kb	 0.0% Packages/com.unity.render-pipelines.core/Runtime/RenderPipeline/IVolumetricCloud.cs
 0.1 kb	 0.0% Packages/com.unity.render-pipelines.core/Runtime/RenderPipeline/ICloudBackground.cs
 0.1 kb	 0.0% Packages/com.unity.render-pipelines.core/Runtime/PostProcessing/LensFlareDataSRP.cs
 0.1 kb	 0.0% Packages/com.unity.render-pipelines.core/Runtime/MetalFX/MetalFXCoreUtils.cs
 0.1 kb	 0.0% Packages/com.unity.render-pipelines.core/Runtime/Lighting/ProbeVolume/ProbeVolumeAsset.cs
 0.1 kb	 0.0% Packages/com.unity.render-pipelines.core/Runtime/Lighting/ProbeVolume/ProbeBrickPool.cs
 0.1 kb	 0.0% Packages/com.unity.render-pipelines.core/Runtime/Lighting/ProbeVolume/ProbeBrickIndex.cs
 0.1 kb	 0.0% Packages/com.unity.render-pipelines.core/Runtime/Debugging/ProfilingScope.cs
 0.1 kb	 0.0% Packages/com.unity.render-pipelines.core/Runtime/Debugging/FrameTiming/FrameTimeSample.cs
 0.1 kb	 0.0% Packages/com.unity.render-pipelines.core/Runtime/Debugging/DebugManager.UIState.cs
 0.1 kb	 0.0% Packages/com.unity.render-pipelines.core/Runtime/Debugging/DebugManager.Actions.cs
 0.1 kb	 0.0% Packages/com.unity.render-pipelines.core/Runtime/Debugging/DebugFrameTiming.cs
 0.1 kb	 0.0% Packages/com.unity.render-pipelines.core/Runtime/Common/SerializableEnum.cs
 0.1 kb	 0.0% Packages/com.unity.render-pipelines.core/Runtime/Common/IAdditionalData.cs
 0.1 kb	 0.0% Packages/com.unity.render-pipelines.core/Runtime/Common/CoreUnsafeUtils.cs
 0.1 kb	 0.0% Packages/com.unity.render-pipelines.core/Runtime/Common/ConstantBuffer.cs
 0.1 kb	 0.0% Packages/com.unity.render-pipelines.core/Runtime/Camera/CameraSwitcher.cs
 0.1 kb	 0.0% Assets/Game/ScriptableObjects/Towers/Needle.asset
 0.1 kb	 0.0% Assets/Game/ScriptableObjects/Rewards/WaveHeal.asset
 0.1 kb	 0.0% Assets/Game/ScriptableObjects/Rewards/NextDraw.asset
 0.1 kb	 0.0% Assets/Game/ScriptableObjects/Rewards/BaseHP.asset
 0.1 kb	 0.0% Packages/com.unity.ugui/Runtime/EventSystem/InputModules/StandaloneInputModule.cs
 0.1 kb	 0.0% Packages/com.unity.render-pipelines.universal/Runtime/Overrides/Vignette.cs
 0.1 kb	 0.0% Packages/com.unity.render-pipelines.universal/Runtime/Overrides/Bloom.cs
 0.1 kb	 0.0% Packages/com.unity.render-pipelines.universal/Runtime/2D/Light2D.cs
 0.1 kb	 0.0% Packages/com.unity.render-pipelines.universal/Runtime/2D/Clipper.cs
 0.1 kb	 0.0% Packages/com.unity.render-pipelines.core/Runtime/XR/XRView.cs
 0.1 kb	 0.0% Packages/com.unity.render-pipelines.core/Runtime/XR/XRSystem.cs
 0.1 kb	 0.0% Packages/com.unity.render-pipelines.core/Runtime/XR/XRPass.cs
 0.1 kb	 0.0% Packages/com.unity.render-pipelines.core/Runtime/XR/XRLayout.cs
 0.1 kb	 0.0% Packages/com.unity.render-pipelines.core/Runtime/Debugging/DebugUI.Containers.cs
 0.1 kb	 0.0% Packages/com.unity.burst/Runtime/CompilerServices/SkipLocalsInitAttribute.cs
 0.1 kb	 0.0% Packages/com.unity.burst/Runtime/CompilerServices/IgnoreWarningAttribute.cs
 0.1 kb	 0.0% Packages/com.unity.render-pipelines.core/Runtime/Volume/VolumeStack.cs
 0.1 kb	 0.0% Packages/com.unity.render-pipelines.core/Runtime/Utilities/TextureCurve.cs
 0.1 kb	 0.0% Packages/com.unity.render-pipelines.core/Runtime/Utilities/MeshGizmo.cs
 0.1 kb	 0.0% Packages/com.unity.render-pipelines.core/Runtime/Utilities/HashFNV1A32.cs
 0.1 kb	 0.0% Packages/com.unity.render-pipelines.core/Runtime/Utilities/HableCurve.cs
 0.1 kb	 0.0% Packages/com.unity.render-pipelines.core/Runtime/Utilities/CoreUtils.cs
 0.1 kb	 0.0% Packages/com.unity.render-pipelines.core/Runtime/Utilities/ColorUtils.cs
 0.1 kb	 0.0% Packages/com.unity.render-pipelines.core/Runtime/Textures/TextureXR.cs
 0.1 kb	 0.0% Packages/com.unity.render-pipelines.core/Runtime/Textures/RTHandles.cs
 0.1 kb	 0.0% Packages/com.unity.render-pipelines.core/Runtime/ShaderLibrary/Sampling/Hammersley.cs
 0.1 kb	 0.0% Packages/com.unity.render-pipelines.core/Runtime/Lighting/ProbeVolume/ProbeVolume.cs
 0.1 kb	 0.0% Packages/com.unity.render-pipelines.core/Runtime/Debugging/Prefabs/Scripts/UIFoldout.cs
 0.1 kb	 0.0% Packages/com.unity.render-pipelines.core/Runtime/Debugging/DebugUpdater.cs
 0.1 kb	 0.0% Packages/com.unity.render-pipelines.core/Runtime/Debugging/DebugUI.Panel.cs
 0.1 kb	 0.0% Packages/com.unity.render-pipelines.core/Runtime/Debugging/DebugUI.Fields.cs
 0.1 kb	 0.0% Packages/com.unity.render-pipelines.core/Runtime/Debugging/DebugShapes.cs
 0.1 kb	 0.0% Packages/com.unity.render-pipelines.core/Runtime/Debugging/DebugManager.cs
 0.1 kb	 0.0% Packages/com.unity.render-pipelines.core/Runtime/Common/XRGraphics.cs
 0.1 kb	 0.0% Packages/com.unity.render-pipelines.core/Runtime/Camera/FreeCamera.cs
 0.1 kb	 0.0% Packages/com.unity.mathematics/Unity.Mathematics/PropertyAttributes.cs
 0.1 kb	 0.0% Assets/Game/ScriptableObjects/Waves/Wave03.asset
 0.1 kb	 0.0% Assets/Game/ScriptableObjects/Rewards/AllRange.asset
 0.1 kb	 0.0% Packages/com.unity.ugui/Runtime/UI/Core/Utility/ReflectionMethodsCache.cs
 0.1 kb	 0.0% Packages/com.unity.ugui/Runtime/UI/Core/MultipleDisplayUtilities.cs
 0.1 kb	 0.0% Packages/com.unity.ugui/Runtime/UI/Core/Layout/HorizontalLayoutGroup.cs
 0.1 kb	 0.0% Packages/com.unity.ugui/Runtime/UI/Core/IGraphicEnabledDisabled.cs
 0.1 kb	 0.0% Packages/com.unity.ugui/Runtime/UI/Core/GraphicRebuildTracker.cs
 0.1 kb	 0.0% Packages/com.unity.ugui/Runtime/UI/Core/Culling/RectangularVertexClipper.cs
 0.1 kb	 0.0% Packages/com.unity.ugui/Runtime/EventSystem/Raycasters/Physics2DRaycaster.cs
 0.1 kb	 0.0% Packages/com.unity.ugui/Runtime/EventSystem/InputModules/PointerInputModule.cs
 0.1 kb	 0.0% Packages/com.unity.render-pipelines.universal/Editor/ShaderGUI/MaterialAssemblyReference/RawRenderQueue.cs
 0.1 kb	 0.0% Packages/com.unity.render-pipelines.core/ShaderLibrary/DummyShaderLibrary.cs
 0.1 kb	 0.0% Packages/com.unity.render-pipelines.core/Runtime/Utilities/BitArray.cs
 0.1 kb	 0.0% Packages/com.unity.render-pipelines.core/Runtime/Inputs/InputRegistering.cs
 0.1 kb	 0.0% Packages/com.unity.burst/Runtime/CompilerServices/AssumeRangeAttribute.cs
 0.1 kb	 0.0% Packages/com.unity.ugui/Runtime/UI/Animation/CoroutineTween.cs
 0.1 kb	 0.0% Packages/com.unity.ugui/Runtime/EventSystem/EventInterfaces.cs
 0.1 kb	 0.0% Packages/com.unity.render-pipelines.core/Runtime/Volume/Volume.cs
 0.1 kb	 0.0% Packages/com.unity.render-pipelines.core/Runtime/Volume/IVolume.cs
 0.1 kb	 0.0% Packages/com.unity.render-pipelines.core/Runtime/Utilities/XRUtils.cs
 0.1 kb	 0.0% Packages/com.unity.render-pipelines.core/Runtime/Utilities/FSRUtils.cs
 0.1 kb	 0.0% Packages/com.unity.render-pipelines.core/Runtime/Utilities/Blitter.cs
 0.1 kb	 0.0% Packages/com.unity.render-pipelines.core/Runtime/Textures/RTHandle.cs
 0.1 kb	 0.0% Packages/com.unity.render-pipelines.core/Runtime/Debugging/DebugUI.cs
 0.1 kb	 0.0% Assets/Game/Scripts/Blocks/BlockPlacementManager.cs
 0.1 kb	 0.0% Packages/com.unity.ugui/Runtime/UI/Core/SetPropertyUtility.cs
 0.1 kb	 0.0% Packages/com.unity.ugui/Runtime/UI/Core/MaterialModifiers/IMaterialModifier.cs
 0.1 kb	 0.0% Packages/com.unity.ugui/Runtime/UI/Core/Layout/VerticalLayoutGroup.cs
 0.1 kb	 0.0% Packages/com.unity.ugui/Runtime/UI/Core/Layout/ContentSizeFitter.cs
 0.1 kb	 0.0% Packages/com.unity.ugui/Runtime/UI/Core/Layout/AspectRatioFitter.cs
 0.1 kb	 0.0% Packages/com.unity.ugui/Runtime/UI/Core/FontUpdateTracker.cs
 0.1 kb	 0.0% Packages/com.unity.ugui/Runtime/UI/Core/CanvasUpdateRegistry.cs
 0.1 kb	 0.0% Packages/com.unity.ugui/Runtime/UI/Core/AnimationTriggers.cs
 0.1 kb	 0.0% Packages/com.unity.ugui/Runtime/EventSystem/Raycasters/PhysicsRaycaster.cs
 0.1 kb	 0.0% Packages/com.unity.ugui/Runtime/EventSystem/Raycasters/BaseRaycaster.cs
 0.1 kb	 0.0% Packages/com.unity.ugui/Runtime/EventSystem/RaycasterManager.cs
 0.1 kb	 0.0% Packages/com.unity.ugui/Runtime/EventSystem/RaycastResult.cs
 0.1 kb	 0.0% Packages/com.unity.ugui/Runtime/EventSystem/InputModules/TouchInputModule.cs
 0.1 kb	 0.0% Packages/com.unity.ugui/Runtime/EventSystem/InputModules/BaseInputModule.cs
 0.1 kb	 0.0% Packages/com.unity.ugui/Runtime/EventSystem/ExecuteEvents.cs
 0.1 kb	 0.0% Packages/com.unity.ugui/Runtime/EventSystem/EventData/PointerEventData.cs
 0.1 kb	 0.0% Packages/com.unity.ugui/Runtime/EventSystem/EventData/BaseEventData.cs
 0.1 kb	 0.0% Packages/com.unity.ugui/Runtime/EventSystem/EventData/AxisEventData.cs
 0.1 kb	 0.0% Packages/com.unity.render-pipelines.core/Runtime/Lights/LightAnchor.cs
 0.1 kb	 0.0% Packages/com.unity.mathematics/Unity.Mathematics/rigid_transform.cs
 0.1 kb	 0.0% Packages/com.unity.mathematics/Unity.Mathematics/math_unity_conversion.cs
 0.1 kb	 0.0% Packages/com.unity.mathematics/Unity.Mathematics/affine_transform.cs
 0.1 kb	 0.0% Packages/com.unity.mathematics/Unity.Mathematics/Geometry/MinMaxAABB.cs
 0.1 kb	 0.0% Packages/com.unity.burst/Runtime/SafeStringArrayHelper.cs
 0.1 kb	 0.0% Packages/com.unity.burst/Runtime/Editor/BurstEditorOptions.cs
 0.1 kb	 0.0% Packages/com.unity.burst/Runtime/Editor/BurstCompileTarget.cs
 0.1 kb	 0.0% Packages/com.unity.burst/Runtime/Editor/BurstAssemblyDisable.cs
 0.1 kb	 0.0% Packages/com.unity.burst/Runtime/BurstCompileAttribute.cs
 0.1 kb	 0.0% Packages/com.unity.render-pipelines.core/Runtime/TJSR/TJSR.cs
 0.1 kb	 0.0% Packages/com.unity.mathematics/Unity.Mathematics/double4x4.gen.cs
 0.1 kb	 0.0% Packages/com.unity.mathematics/Unity.Mathematics/double4x3.gen.cs
 0.1 kb	 0.0% Packages/com.unity.mathematics/Unity.Mathematics/double4x2.gen.cs
 0.1 kb	 0.0% Packages/com.unity.mathematics/Unity.Mathematics/double3x4.gen.cs
 0.1 kb	 0.0% Packages/com.unity.mathematics/Unity.Mathematics/double3x3.gen.cs
 0.1 kb	 0.0% Packages/com.unity.mathematics/Unity.Mathematics/double3x2.gen.cs
 0.1 kb	 0.0% Packages/com.unity.mathematics/Unity.Mathematics/double2x4.gen.cs
 0.1 kb	 0.0% Packages/com.unity.mathematics/Unity.Mathematics/double2x3.gen.cs
 0.1 kb	 0.0% Packages/com.unity.mathematics/Unity.Mathematics/double2x2.gen.cs
 0.1 kb	 0.0% Assets/Game/Scripts/Pathfinding/PathfindingManager.cs
 0.1 kb	 0.0% Assets/Game/Scripts/Diagnostics/PrototypeSmokeTest.cs
 0.1 kb	 0.0% Assets/Game/Scripts/Blocks/PlacementValidator.cs
 0.1 kb	 0.0% Packages/com.unity.ugui/Runtime/UI/Core/VertexModifiers/PositionAsUV1.cs
 0.1 kb	 0.0% Packages/com.unity.ugui/Runtime/UI/Core/VertexModifiers/IMeshModifier.cs
 0.1 kb	 0.0% Packages/com.unity.ugui/Runtime/UI/Core/VertexModifiers/BaseMeshEffect.cs
 0.1 kb	 0.0% Packages/com.unity.ugui/Runtime/UI/Core/StencilMaterial.cs
 0.1 kb	 0.0% Packages/com.unity.ugui/Runtime/UI/Core/MaskableGraphic.cs
 0.1 kb	 0.0% Packages/com.unity.ugui/Runtime/UI/Core/MaskUtilities.cs
 0.1 kb	 0.0% Packages/com.unity.ugui/Runtime/UI/Core/Layout/LayoutUtility.cs
 0.1 kb	 0.0% Packages/com.unity.ugui/Runtime/UI/Core/Layout/LayoutRebuilder.cs
 0.1 kb	 0.0% Packages/com.unity.ugui/Runtime/UI/Core/Layout/LayoutElement.cs
 0.1 kb	 0.0% Packages/com.unity.ugui/Runtime/UI/Core/Layout/ILayoutElement.cs
 0.1 kb	 0.0% Packages/com.unity.ugui/Runtime/UI/Core/Layout/GridLayoutGroup.cs
 0.1 kb	 0.0% Packages/com.unity.ugui/Runtime/UI/Core/GraphicRegistry.cs
 0.1 kb	 0.0% Packages/com.unity.ugui/Runtime/UI/Core/GraphicRaycaster.cs
 0.1 kb	 0.0% Packages/com.unity.ugui/Runtime/UI/Core/DefaultControls.cs
 0.1 kb	 0.0% Packages/com.unity.ugui/Runtime/UI/Core/Culling/ClipperRegistry.cs
 0.1 kb	 0.0% Packages/com.unity.ugui/Runtime/EventSystem/UIBehaviour.cs
 0.1 kb	 0.0% Packages/com.unity.ugui/Runtime/EventSystem/InputModules/BaseInput.cs
 0.1 kb	 0.0% Packages/com.unity.ugui/Runtime/EventSystem/EventTrigger.cs
 0.1 kb	 0.0% Packages/com.unity.ugui/Runtime/EventSystem/EventSystem.cs
 0.1 kb	 0.0% Packages/com.unity.mathematics/Unity.Mathematics/quaternion.cs
 0.1 kb	 0.0% Packages/com.unity.mathematics/Unity.Mathematics/Noise/classicnoise4D.cs
 0.1 kb	 0.0% Packages/com.unity.mathematics/Unity.Mathematics/Noise/classicnoise3D.cs
 0.1 kb	 0.0% Packages/com.unity.mathematics/Unity.Mathematics/Noise/classicnoise2D.cs
 0.1 kb	 0.0% Packages/com.unity.mathematics/Unity.Mathematics/Noise/cellular2x2x2.cs
 0.1 kb	 0.0% Packages/com.unity.mathematics/Unity.Mathematics/Geometry/Plane.cs
 0.1 kb	 0.0% Packages/com.unity.burst/Runtime/Intrinsics/SimdDebugViews.cs
 0.1 kb	 0.0% Packages/com.unity.burst/Runtime/Editor/BurstReflection.cs
 0.1 kb	 0.0% Packages/com.unity.burst/Runtime/BurstCompilerOptions.cs
 0.1 kb	 0.0% Packages/com.unity.render-pipelines.universal/Shaders/Shaders.cs
 0.1 kb	 0.0% Packages/com.unity.mathematics/Unity.Mathematics/uint4x4.gen.cs
 0.1 kb	 0.0% Packages/com.unity.mathematics/Unity.Mathematics/uint4x3.gen.cs
 0.1 kb	 0.0% Packages/com.unity.mathematics/Unity.Mathematics/uint4x2.gen.cs
 0.1 kb	 0.0% Packages/com.unity.mathematics/Unity.Mathematics/uint4.gen.cs
 0.1 kb	 0.0% Packages/com.unity.mathematics/Unity.Mathematics/uint3x4.gen.cs
 0.1 kb	 0.0% Packages/com.unity.mathematics/Unity.Mathematics/uint3x3.gen.cs
 0.1 kb	 0.0% Packages/com.unity.mathematics/Unity.Mathematics/uint3x2.gen.cs
 0.1 kb	 0.0% Packages/com.unity.mathematics/Unity.Mathematics/uint3.gen.cs
 0.1 kb	 0.0% Packages/com.unity.mathematics/Unity.Mathematics/uint2x4.gen.cs
 0.1 kb	 0.0% Packages/com.unity.mathematics/Unity.Mathematics/uint2x3.gen.cs
 0.1 kb	 0.0% Packages/com.unity.mathematics/Unity.Mathematics/uint2x2.gen.cs
 0.1 kb	 0.0% Packages/com.unity.mathematics/Unity.Mathematics/uint2.gen.cs
 0.1 kb	 0.0% Packages/com.unity.mathematics/Unity.Mathematics/int4x4.gen.cs
 0.1 kb	 0.0% Packages/com.unity.mathematics/Unity.Mathematics/int4x3.gen.cs
 0.1 kb	 0.0% Packages/com.unity.mathematics/Unity.Mathematics/int4x2.gen.cs
 0.1 kb	 0.0% Packages/com.unity.mathematics/Unity.Mathematics/int3x4.gen.cs
 0.1 kb	 0.0% Packages/com.unity.mathematics/Unity.Mathematics/int3x3.gen.cs
 0.1 kb	 0.0% Packages/com.unity.mathematics/Unity.Mathematics/int3x2.gen.cs
 0.1 kb	 0.0% Packages/com.unity.mathematics/Unity.Mathematics/int2x4.gen.cs
 0.1 kb	 0.0% Packages/com.unity.mathematics/Unity.Mathematics/int2x3.gen.cs
 0.1 kb	 0.0% Packages/com.unity.mathematics/Unity.Mathematics/int2x2.gen.cs
 0.1 kb	 0.0% Packages/com.unity.mathematics/Unity.Mathematics/half4.gen.cs
 0.1 kb	 0.0% Packages/com.unity.mathematics/Unity.Mathematics/half3.gen.cs
 0.1 kb	 0.0% Packages/com.unity.mathematics/Unity.Mathematics/half2.gen.cs
 0.1 kb	 0.0% Packages/com.unity.mathematics/Unity.Mathematics/float4x4.gen.cs
 0.1 kb	 0.0% Packages/com.unity.mathematics/Unity.Mathematics/float4x3.gen.cs
 0.1 kb	 0.0% Packages/com.unity.mathematics/Unity.Mathematics/float4x2.gen.cs
 0.1 kb	 0.0% Packages/com.unity.mathematics/Unity.Mathematics/float4.gen.cs
 0.1 kb	 0.0% Packages/com.unity.mathematics/Unity.Mathematics/float3x4.gen.cs
 0.1 kb	 0.0% Packages/com.unity.mathematics/Unity.Mathematics/float3x3.gen.cs
 0.1 kb	 0.0% Packages/com.unity.mathematics/Unity.Mathematics/float3x2.gen.cs
 0.1 kb	 0.0% Packages/com.unity.mathematics/Unity.Mathematics/float3.gen.cs
 0.1 kb	 0.0% Packages/com.unity.mathematics/Unity.Mathematics/float2x4.gen.cs
 0.1 kb	 0.0% Packages/com.unity.mathematics/Unity.Mathematics/float2x3.gen.cs
 0.1 kb	 0.0% Packages/com.unity.mathematics/Unity.Mathematics/float2x2.gen.cs
 0.1 kb	 0.0% Packages/com.unity.mathematics/Unity.Mathematics/float2.gen.cs
 0.1 kb	 0.0% Packages/com.unity.mathematics/Unity.Mathematics/double4.gen.cs
 0.1 kb	 0.0% Packages/com.unity.mathematics/Unity.Mathematics/double3.gen.cs
 0.1 kb	 0.0% Packages/com.unity.mathematics/Unity.Mathematics/double2.gen.cs
 0.1 kb	 0.0% Packages/com.unity.mathematics/Unity.Mathematics/bool4x4.gen.cs
 0.1 kb	 0.0% Packages/com.unity.mathematics/Unity.Mathematics/bool4x3.gen.cs
 0.1 kb	 0.0% Packages/com.unity.mathematics/Unity.Mathematics/bool4x2.gen.cs
 0.1 kb	 0.0% Packages/com.unity.mathematics/Unity.Mathematics/bool4.gen.cs
 0.1 kb	 0.0% Packages/com.unity.mathematics/Unity.Mathematics/bool3x4.gen.cs
 0.1 kb	 0.0% Packages/com.unity.mathematics/Unity.Mathematics/bool3x3.gen.cs
 0.1 kb	 0.0% Packages/com.unity.mathematics/Unity.Mathematics/bool3x2.gen.cs
 0.1 kb	 0.0% Packages/com.unity.mathematics/Unity.Mathematics/bool3.gen.cs
 0.1 kb	 0.0% Packages/com.unity.mathematics/Unity.Mathematics/bool2x4.gen.cs
 0.1 kb	 0.0% Packages/com.unity.mathematics/Unity.Mathematics/bool2x3.gen.cs
 0.1 kb	 0.0% Packages/com.unity.mathematics/Unity.Mathematics/bool2x2.gen.cs
 0.1 kb	 0.0% Packages/com.unity.mathematics/Unity.Mathematics/bool2.gen.cs
 0.1 kb	 0.0% Packages/com.unity.mathematics/Unity.Mathematics/Noise/psrdnoise2D.cs
 0.1 kb	 0.0% Packages/com.unity.mathematics/Unity.Mathematics/Noise/noise3Dgrad.cs
 0.1 kb	 0.0% Packages/com.unity.mathematics/Unity.Mathematics/Noise/cellular3D.cs
 0.1 kb	 0.0% Packages/com.unity.mathematics/Unity.Mathematics/Noise/cellular2x2.cs
 0.1 kb	 0.0% Packages/com.unity.mathematics/Unity.Mathematics/Noise/cellular2D.cs
 0.1 kb	 0.0% Packages/com.unity.burst/Runtime/Intrinsics/Arm/NEON_AArch64_rdma.cs
 0.1 kb	 0.0% Packages/com.unity.burst/Runtime/Intrinsics/Arm/NEON_AArch64_dotprod.cs
 0.1 kb	 0.0% Packages/com.unity.burst/Runtime/Intrinsics/Arm/NEON_AArch64_crypto.cs
 0.1 kb	 0.0% Assets/Game/Scripts/Roguelike/RewardManager.cs
 0.1 kb	 0.0% Assets/Game/Scripts/Core/VisualPalette.cs
 0.1 kb	 0.0% Assets/Game/Scripts/Core/GameBootstrap.cs
 0.1 kb	 0.0% Assets/Game/Scripts/Combat/FloatingDamage.cs
 0.1 kb	 0.0% Assets/Game/Scripts/Combat/CombatFeedback.cs
 0.1 kb	 0.0% Assets/Game/Scripts/Blocks/BlockShapeData.cs
 0.1 kb	 0.0% Assets/Game/Scripts/Blocks/BlockHandManager.cs
 0.1 kb	 0.0% Assets/Game/Scripts/Blocks/BlockDeckManager.cs
 0.1 kb	 0.0% Packages/com.unity.ugui/Runtime/UI/Core/Utility/VertexHelper.cs
 0.1 kb	 0.0% Packages/com.unity.ugui/Runtime/UI/Core/ToggleGroup.cs
 0.1 kb	 0.0% Packages/com.unity.ugui/Runtime/UI/Core/SpriteState.cs
 0.1 kb	 0.0% Packages/com.unity.ugui/Runtime/UI/Core/Selectable.cs
 0.1 kb	 0.0% Packages/com.unity.ugui/Runtime/UI/Core/Scrollbar.cs
 0.1 kb	 0.0% Packages/com.unity.ugui/Runtime/UI/Core/ScrollRect.cs
 0.1 kb	 0.0% Packages/com.unity.ugui/Runtime/UI/Core/RectMask2D.cs
 0.1 kb	 0.0% Packages/com.unity.ugui/Runtime/UI/Core/Navigation.cs
 0.1 kb	 0.0% Packages/com.unity.ugui/Runtime/UI/Core/Layout/LayoutGroup.cs
 0.1 kb	 0.0% Packages/com.unity.ugui/Runtime/UI/Core/Layout/CanvasScaler.cs
 0.1 kb	 0.0% Packages/com.unity.ugui/Runtime/UI/Core/InputField.cs
 0.1 kb	 0.0% Packages/com.unity.ugui/Runtime/UI/Core/IMaskable.cs
 0.1 kb	 0.0% Packages/com.unity.ugui/Runtime/UI/Core/ColorBlock.cs
 0.1 kb	 0.0% Packages/com.unity.mathematics/Unity.Mathematics/random.cs
 0.1 kb	 0.0% Packages/com.unity.mathematics/Unity.Mathematics/matrix.gen.cs
 0.1 kb	 0.0% Packages/com.unity.mathematics/Unity.Mathematics/matrix.cs
 0.1 kb	 0.0% Packages/com.unity.mathematics/Unity.Mathematics/Noise/noise4D.cs
 0.1 kb	 0.0% Packages/com.unity.mathematics/Unity.Mathematics/Noise/noise3D.cs
 0.1 kb	 0.0% Packages/com.unity.mathematics/Unity.Mathematics/Noise/noise2D.cs
 0.1 kb	 0.0% Packages/com.unity.mathematics/Unity.Mathematics/Noise/common.cs
 0.1 kb	 0.0% Packages/com.unity.burst/Runtime/NoAliasAttribute.cs
 0.1 kb	 0.0% Packages/com.unity.burst/Runtime/FunctionPointer.cs
 0.1 kb	 0.0% Packages/com.unity.burst/Runtime/Editor/BurstLoader.cs
 0.1 kb	 0.0% Packages/com.unity.burst/Runtime/CompilerServices/Constant.cs
 0.1 kb	 0.0% Packages/com.unity.burst/Runtime/CompilerServices/Aliasing.cs
 0.1 kb	 0.0% Packages/com.unity.burst/Runtime/BurstString.Float.cs
 0.1 kb	 0.0% Packages/com.unity.burst/Runtime/BurstCompiler.cs
 0.1 kb	 0.0% Assets/Game/ScriptableObjects/Enemies/Splitter.asset
 0.1 kb	 0.0% Assets/Game/ScriptableObjects/Enemies/Skimmer.asset
 0.1 kb	 0.0% Assets/Game/ScriptableObjects/Enemies/Shard.asset
 0.1 kb	 0.0% Assets/Game/ScriptableObjects/Enemies/Drifter.asset
 0.1 kb	 0.0% Assets/Game/ScriptableObjects/Enemies/Bulwark.asset
 0.1 kb	 0.0% Packages/com.unity.ugui/Runtime/UI/Core/Culling/IClipRegion.cs
 0.1 kb	 0.0% Packages/com.unity.mathematics/Unity.Mathematics/int4.gen.cs
 0.1 kb	 0.0% Packages/com.unity.mathematics/Unity.Mathematics/int3.gen.cs
 0.1 kb	 0.0% Packages/com.unity.mathematics/Unity.Mathematics/int2.gen.cs
 0.1 kb	 0.0% Packages/com.unity.burst/Runtime/Intrinsics/Common.cs
 0.1 kb	 0.0% Packages/com.unity.burst/Runtime/Intrinsics/Arm/NEON_ctor.cs
 0.1 kb	 0.0% Packages/com.unity.burst/Runtime/Intrinsics/Arm/NEON_AArch64.cs
 0.1 kb	 0.0% Assets/Game/Scripts/Waves/WaveManager.cs
 0.1 kb	 0.0% Assets/Game/Scripts/Towers/TowerManager.cs
 0.1 kb	 0.0% Assets/Game/Scripts/Towers/TowerData.cs
 0.1 kb	 0.0% Assets/Game/Scripts/Roguelike/RunModifiers.cs
 0.1 kb	 0.0% Assets/Game/Scripts/Roguelike/RewardData.cs
 0.1 kb	 0.0% Assets/Game/Scripts/Grid/GridManager.cs
 0.1 kb	 0.0% Assets/Game/Scripts/Enemies/EnemySpawner.cs
 0.1 kb	 0.0% Assets/Game/Scripts/Enemies/EnemyManager.cs
 0.1 kb	 0.0% Assets/Game/Scripts/Enemies/EnemyData.cs
 0.1 kb	 0.0% Assets/Game/Scripts/Core/RunEconomy.cs
 0.1 kb	 0.0% Assets/Game/Scripts/Core/GameManager.cs
 0.1 kb	 0.0% Assets/Game/Scripts/Core/GameConfig.cs
 0.1 kb	 0.0% Assets/Game/Scripts/Combat/Projectile.cs
 0.1 kb	 0.0% Assets/Game/ScriptableObjects/Waves/Wave02.asset
 0.1 kb	 0.0% Packages/com.unity.ugui/Runtime/UI/Core/VertexModifiers/Shadow.cs
 0.1 kb	 0.0% Packages/com.unity.ugui/Runtime/UI/Core/VertexModifiers/Outline.cs
 0.1 kb	 0.0% Packages/com.unity.ugui/Runtime/UI/Core/Toggle.cs
 0.1 kb	 0.0% Packages/com.unity.ugui/Runtime/UI/Core/Slider.cs
 0.1 kb	 0.0% Packages/com.unity.ugui/Runtime/UI/Core/RawImage.cs
 0.1 kb	 0.0% Packages/com.unity.ugui/Runtime/UI/Core/Image.cs
 0.1 kb	 0.0% Packages/com.unity.ugui/Runtime/UI/Core/IMask.cs
 0.1 kb	 0.0% Packages/com.unity.ugui/Runtime/UI/Core/Graphic.cs
 0.1 kb	 0.0% Packages/com.unity.ugui/Runtime/UI/Core/FontData.cs
 0.1 kb	 0.0% Packages/com.unity.ugui/Runtime/UI/Core/Dropdown.cs
 0.1 kb	 0.0% Packages/com.unity.ugui/Runtime/UI/Core/Culling/Clipping.cs
 0.1 kb	 0.0% Packages/com.unity.ugui/Runtime/UI/Core/Button.cs
 0.1 kb	 0.0% Packages/com.unity.mathematics/Unity.Mathematics/svd.cs
 0.1 kb	 0.0% Packages/com.unity.mathematics/Unity.Mathematics/math.cs
 0.1 kb	 0.0% Packages/com.unity.mathematics/Unity.Mathematics/half.cs
 0.1 kb	 0.0% Packages/com.unity.burst/Runtime/SharedStatic.cs
 0.1 kb	 0.0% Packages/com.unity.burst/Runtime/Intrinsics/x86/Ssse3.cs
 0.1 kb	 0.0% Packages/com.unity.burst/Runtime/Intrinsics/x86/Sse4_2.cs
 0.1 kb	 0.0% Packages/com.unity.burst/Runtime/Intrinsics/x86/Sse4_1.cs
 0.1 kb	 0.0% Packages/com.unity.burst/Runtime/Intrinsics/x86/Popcnt.cs
 0.1 kb	 0.0% Packages/com.unity.burst/Runtime/Intrinsics/x86/Common.cs
 0.1 kb	 0.0% Packages/com.unity.burst/Runtime/CompilerServices/Hint.cs
 0.1 kb	 0.0% Packages/com.unity.burst/Runtime/BurstString.cs
 0.1 kb	 0.0% Packages/com.unity.burst/Runtime/BurstRuntime.cs
 0.1 kb	 0.0% Assets/Game/ScriptableObjects/Blocks/T.asset
 0.1 kb	 0.0% Assets/Game/ScriptableObjects/Blocks/S.asset
 0.1 kb	 0.0% Assets/Game/ScriptableObjects/Blocks/O.asset
 0.1 kb	 0.0% Assets/Game/ScriptableObjects/Blocks/L.asset
 0.1 kb	 0.0% Assets/Game/ScriptableObjects/Blocks/I.asset
 0.1 kb	 0.0% Packages/com.unity.burst/Runtime/Intrinsics/x86/Sse3.cs
 0.1 kb	 0.0% Packages/com.unity.burst/Runtime/Intrinsics/x86/Sse2.cs
 0.1 kb	 0.0% Packages/com.unity.burst/Runtime/Intrinsics/x86/Sse.cs
 0.1 kb	 0.0% Packages/com.unity.burst/Runtime/Intrinsics/x86/Fma.cs
 0.1 kb	 0.0% Packages/com.unity.burst/Runtime/Intrinsics/x86/F16C.cs
 0.1 kb	 0.0% Packages/com.unity.burst/Runtime/Intrinsics/x86/Csr.cs
 0.1 kb	 0.0% Packages/com.unity.burst/Runtime/Intrinsics/x86/Bmi2.cs
 0.1 kb	 0.0% Packages/com.unity.burst/Runtime/Intrinsics/x86/Bmi1.cs
 0.1 kb	 0.0% Packages/com.unity.burst/Runtime/Intrinsics/x86/Avx2.cs
 0.1 kb	 0.0% Packages/com.unity.burst/Runtime/Intrinsics/x86/Avx.cs
 0.1 kb	 0.0% Packages/com.unity.burst/Runtime/Intrinsics/v64.cs
 0.1 kb	 0.0% Packages/com.unity.burst/Runtime/Intrinsics/v256.cs
 0.1 kb	 0.0% Packages/com.unity.burst/Runtime/Intrinsics/v128.cs
 0.1 kb	 0.0% Packages/com.unity.burst/Runtime/Intrinsics/Arm/NEON.cs
 0.1 kb	 0.0% Assets/Game/Scripts/Waves/WaveData.cs
 0.1 kb	 0.0% Assets/Game/Scripts/UI/GameUI.cs
 0.1 kb	 0.0% Assets/Game/Scripts/Towers/Tower.cs
 0.1 kb	 0.0% Assets/Game/Scripts/Grid/GridView.cs
 0.1 kb	 0.0% Assets/Game/Scripts/Enemies/Enemy.cs
 0.1 kb	 0.0% Packages/com.unity.ugui/Runtime/UI/Core/Text.cs
 0.1 kb	 0.0% Packages/com.unity.ugui/Runtime/UI/Core/Misc.cs
 0.1 kb	 0.0% Packages/com.unity.ugui/Runtime/UI/Core/Mask.cs
 0.1 kb	 0.0% Assets/Game/ScriptableObjects/Waves/Wave01.asset
-------------------------------------------------------------------------------
Build succeeded. BuildSettings licensing values: isNoWatermarkBuild=1, isEducationalBuild=0, isPrototypingBuild=0, hasPublishingRights=0, isPlayableAdsWatermarkEnabled=0, isTrial=0, licenseExpirationTime='1791463944' (UTC: 2026-10-08 12:52:24 GMT)
Unloading 107 Unused Serialized files (Serialized files now loaded: 0)
Unloading 1484 unused Assets / (2.1 MB). Loaded Objects now: 2919.
Memory consumption went from 128.4 MB to 126.3 MB.
Total: 5.672300 ms (FindLiveObjects: 0.184400 ms CreateObjectMapping: 0.098800 ms MarkObjects: 3.229400 ms  DeleteObjects: 2.157000 ms)

DisplayProgressNotification: Build Successful
Build Finished, Result: Success.
##utp:{"type":"PlayerBuildInfo","version":2,"phase":"Immediate","time":1791291149608,"processId":33852,"steps":[{"description":"Preprocess Player","duration":31},{"description":"Prepare For Build","duration":28},{"description":"ProducePlayerScriptAssemblies","duration":3177},{"description":"Verify Build setup","duration":114},{"description":"Prepare assets for target platform","duration":32},{"description":"Prepare splash screen","duration":0},{"description":"Building scenes","duration":231},{"description":"Strip built-in resources","duration":0},{"description":"Build scripts DLLs","duration":1080},{"description":"Build GlobalGameManagers file","duration":98},{"description":"Writing asset files","duration":862},{"description":"Building Resources/tuanjie_builtin_extra","duration":129},{"description":"Write data build dirty tracking information","duration":96},{"description":"Postprocess built player","duration":2107}],"duration":7985}
Unloading 48 Unused Serialized files (Serialized files now loaded: 0)
Loaded scene 'Temp/__Backupscenes/0.backup'
	Deserialize:            11.098 ms
	Integration:            94.630 ms
	Integration of assets:  1.133 ms
	Thread Wait Time:       0.015 ms
	Total Operation Time:   106.877 ms
Unloading 0 unused Assets / (9.6 KB). Loaded Objects now: 2975.
Memory consumption went from 118.8 MB to 118.8 MB.
Total: 3.729400 ms (FindLiveObjects: 0.238000 ms CreateObjectMapping: 0.124200 ms MarkObjects: 3.323400 ms  DeleteObjects: 0.041600 ms)

PLAYER BUILD PASS: C:\Users\Admin\Documents\Codex\2026-10-06\unity-6-unity-emberward-3d-roguelite\outputs\StoneSignal-PC\StoneSignal.exe
UnityEngine.StackTraceUtility:ExtractStackTrace ()
UnityEngine.DebugLogHandler:LogFormat (UnityEngine.LogType,UnityEngine.Object,string,object[])
UnityEngine.Logger:Log (UnityEngine.LogType,object)
UnityEngine.Debug:Log (object)
PrototypeBuild:Build () (at Assets/Game/Editor/PrototypeBuild.cs:137)
Stage2Validation:Build () (at Assets/Game/Editor/Stage2Validation.cs:67)

(Filename: Assets/Game/Editor/PrototypeBuild.cs Line: 137)

Batchmode quit successfully invoked - shutting down!
Input System module state changed to: ShutdownInProgress.
Input System polling thread exited.
Input System module state changed to: Shutdown.
[Licensing::IpcConnector] License Notification channel disconnected successfully.
[Licensing::IpcConnector] License Client channel disconnected successfully.
Shutting down server...
Cleanup mono
[Performance] WinEditorMain                                                                                                   :        1 samples, Peak.   804 ms (1.0x), Avg.   804 ms, Total. 804.3 ms (4.3%)
[Performance] WinEditorMain.ConfigureCrashHandler                                                                             :        1 samples, Peak.  22.8 us (1.0x), Avg.  22.8 us, Total. 22.80 us (0.0%)
[Performance] WinEditorMain.CurlRequestInitialize                                                                             :        1 samples, Peak.   415 us (1.0x), Avg.   415 us, Total. 414.7 us (0.0%)
[Performance] WinEditorMain.SetupLogFile                                                                                      :        1 samples, Peak.   712 us (1.0x), Avg.   712 us, Total. 712.1 us (0.0%)
[Performance] WinEditorMain.RunNativeTestsIfRequiredAndExit                                                                   :        1 samples, Peak. 100.0 ns (1.0x), Avg. 100.0 ns, Total. 100.00 ns (0.0%)
[Performance] WinEditorMain.Licensing                                                                                         :        1 samples, Peak.   772 ms (1.0x), Avg.   772 ms, Total. 772.0 ms (4.1%)
[Performance] WinEditorMain.InitializeCrashHandler                                                                            :        1 samples, Peak.  26.9 ms (1.0x), Avg.  26.9 ms, Total. 26.91 ms (0.1%)
[Performance] WinEditorMain.CreateApplication                                                                                 :        1 samples, Peak.   135 us (1.0x), Avg.   135 us, Total. 134.9 us (0.0%)
[Performance] Application.InitializeProject                                                                                   :        1 samples, Peak.  8.45 s (1.0x), Avg.  8.45 s, Total. 8.449 s (45.0%)
[Performance] Application.PackageManager.StartServer                                                                          :        1 samples, Peak.  5.26 ms (1.0x), Avg.  5.26 ms, Total. 5.259 ms (0.0%)
[Performance] Application.AcquireProjectLock                                                                                  :        1 samples, Peak.  3.55 ms (1.0x), Avg.  3.55 ms, Total. 3.550 ms (0.0%)
[Performance] Application.InitializeEngineNoGraphics                                                                          :        1 samples, Peak.   380 ms (1.0x), Avg.   380 ms, Total. 380.1 ms (2.0%)
[Performance] Application.PackageManager.Initialize                                                                           :        1 samples, Peak.   115 us (1.0x), Avg.   115 us, Total. 115.0 us (0.0%)
[Performance] Connecting to Package Manager                                                                                   :        1 samples, Peak.  50.3 us (1.0x), Avg.  50.3 us, Total. 50.30 us (0.0%)
[Performance] PackageManager::Api::RunRequestSynchronously                                                                    :       21 samples, Peak.  14.6 us (3.5x), Avg.  4.12 us, Total. 86.60 us (0.0%)
[Performance] Application.EngineGraphics.Initialize                                                                           :        1 samples, Peak.  35.4 ms (1.0x), Avg.  35.4 ms, Total. 35.44 ms (0.2%)
[Performance] Application.GI.Initialize                                                                                       :        1 samples, Peak.  2.68 ms (1.0x), Avg.  2.68 ms, Total. 2.685 ms (0.0%)
[Performance] Application.LoadAllDefaultResourcesFromEditor                                                                   :        1 samples, Peak.  1.87 ms (1.0x), Avg.  1.87 ms, Total. 1.872 ms (0.0%)
[Performance] Application.LoadMonoAssemblies                                                                                  :        1 samples, Peak.   684 ms (1.0x), Avg.   684 ms, Total. 684.3 ms (3.6%)
[Performance] RestoreManagedReferences                                                                                        :        2 samples, Peak.  51.2 ms (2.0x), Avg.  25.6 ms, Total. 51.17 ms (0.3%)
[Performance] InitializeOnLoad ProfilerConnectionPopupWindow                                                                  :        2 samples, Peak.   190 us (1.1x), Avg.   171 us, Total. 342.9 us (0.0%)
[Performance] InitializeOnLoad PlayableAdsHtmlChannelManager                                                                  :        2 samples, Peak.   740 us (1.1x), Avg.   669 us, Total. 1.337 ms (0.0%)
[Performance] InitializeOnLoad ManagedDebuggerWindow                                                                          :        2 samples, Peak.   678 us (1.3x), Avg.   509 us, Total. 1.019 ms (0.0%)
[Performance] InitializeOnLoad WindowLayout                                                                                   :        2 samples, Peak.   569 us (1.2x), Avg.   488 us, Total. 975.9 us (0.0%)
[Performance] InitializeOnLoad NativeFormatImporterUtility                                                                    :        2 samples, Peak.  2.35 ms (1.2x), Avg.  1.88 ms, Total. 3.769 ms (0.0%)
[Performance] InitializeOnLoad ProjectSearch                                                                                  :        2 samples, Peak.   217 us (1.0x), Avg.   215 us, Total. 430.9 us (0.0%)
[Performance] InitializeOnLoad BuildProfileHelperManager                                                                      :        2 samples, Peak.   200 ms (1.9x), Avg.   104 ms, Total. 207.6 ms (1.1%)
[Performance] InitializeOnLoad PoolManager                                                                                    :        2 samples, Peak.  79.6 us (1.3x), Avg.  61.8 us, Total. 123.6 us (0.0%)
[Performance] InitializeOnLoad TuanjiePathAndNameFix                                                                          :        2 samples, Peak.   145 us (1.1x), Avg.   130 us, Total. 260.8 us (0.0%)
[Performance] InitializeOnLoad EditMode                                                                                       :        2 samples, Peak.   328 us (1.1x), Avg.   309 us, Total. 618.6 us (0.0%)
[Performance] InitializeOnLoad SearchService                                                                                  :        2 samples, Peak.   122 us (1.1x), Avg.   108 us, Total. 216.6 us (0.0%)
[Performance] InitializeOnLoad ObjectSelectorSearch                                                                           :        2 samples, Peak.  46.0 us (1.2x), Avg.  38.9 us, Total. 77.80 us (0.0%)
[Performance] InitializeOnLoad SceneViewCullingDebugSettings                                                                  :        2 samples, Peak.  2.23 ms (1.0x), Avg.  2.20 ms, Total. 4.400 ms (0.0%)
[Performance] InitializeOnLoad PlayModeDownload                                                                               :        2 samples, Peak.   410 us (1.6x), Avg.   256 us, Total. 511.6 us (0.0%)
[Performance] InitializeOnLoad MixerEffectDefinitionReloader                                                                  :        2 samples, Peak.  1.66 ms (1.1x), Avg.  1.49 ms, Total. 2.983 ms (0.0%)
[Performance] InitializeOnLoad UISystemProfilerRenderService                                                                  :        2 samples, Peak.  8.60 us (1.0x), Avg.  8.35 us, Total. 16.70 us (0.0%)
[Performance] InitializeOnLoad SceneSearch                                                                                    :        2 samples, Peak.  52.8 us (1.0x), Avg.  50.5 us, Total. 101.0 us (0.0%)
[Performance] InitializeOnLoad AssetStoreContext                                                                              :        2 samples, Peak.  20.5 ms (1.0x), Avg.  20.2 ms, Total. 40.47 ms (0.2%)
[Performance] InitializeOnLoad DrivenRectTransformUndo                                                                        :        2 samples, Peak.   215 us (1.1x), Avg.   200 us, Total. 399.7 us (0.0%)
[Performance] InitializeOnLoad UnityConnect                                                                                   :        2 samples, Peak.  1.00 us (1.2x), Avg.   850 ns, Total. 1.700 us (0.0%)
[Performance] InitializeOnLoad PrefabInstanceChangedListener                                                                  :        2 samples, Peak.   105 us (1.0x), Avg.   101 us, Total. 202.1 us (0.0%)
[Performance] InitializeOnLoad CloudBuild                                                                                     :        2 samples, Peak.  3.70 us (1.2x), Avg.  3.05 us, Total. 6.100 us (0.0%)
[Performance] InitializeOnLoad CacheServerWindow                                                                              :        2 samples, Peak.  13.9 us (1.3x), Avg.  10.4 us, Total. 20.90 us (0.0%)
[Performance] InitializeOnLoad ShortcutIntegration                                                                            :        2 samples, Peak.  47.6 us (1.1x), Avg.  44.0 us, Total. 88.00 us (0.0%)
[Performance] InitializeOnLoad AddComponentWindow                                                                             :        2 samples, Peak.  80.1 us (1.0x), Avg.  76.5 us, Total. 153.0 us (0.0%)
[Performance] InitializeOnLoad MenuItems                                                                                      :        2 samples, Peak.  64.9 us (1.1x), Avg.  59.9 us, Total. 119.8 us (0.0%)
[Performance] InitializeOnLoad SettingsService                                                                                :        2 samples, Peak.  7.60 us (1.3x), Avg.  5.95 us, Total. 11.90 us (0.0%)
[Performance] InitializeOnLoad ManagedDebugger                                                                                :        2 samples, Peak.   400 ns (1.1x), Avg.   350 ns, Total. 700.0 ns (0.0%)
[Performance] InitializeOnLoad EditorMonitor                                                                                  :        2 samples, Peak.   509 us (1.2x), Avg.   440 us, Total. 879.1 us (0.0%)
[Performance] InitializeOnLoad RetainedMode                                                                                   :        2 samples, Peak.  1.87 ms (1.1x), Avg.  1.73 ms, Total. 3.459 ms (0.0%)
[Performance] InitializeOnLoad EditorShaderLoader                                                                             :        2 samples, Peak.   565 us (1.0x), Avg.   541 us, Total. 1.081 ms (0.0%)
[Performance] InitializeOnLoad EditorDelegateRegistration                                                                     :        2 samples, Peak.   588 us (1.2x), Avg.   498 us, Total. 995.1 us (0.0%)
[Performance] InitializeOnLoad UIDocumentHierarchyWatcher                                                                     :        2 samples, Peak.   111 us (1.3x), Avg.  88.2 us, Total. 176.5 us (0.0%)
[Performance] InitializeOnLoad LiveReloadTrackerCreator                                                                       :        2 samples, Peak.   166 us (1.0x), Avg.   166 us, Total. 331.1 us (0.0%)
[Performance] InitializeOnLoad UxmlObjectEditorFactories                                                                      :        2 samples, Peak.   960 us (1.3x), Avg.   712 us, Total. 1.424 ms (0.0%)
[Performance] InitializeOnLoad UXMLEditorFactories                                                                            :        2 samples, Peak.  46.2 ms (1.0x), Avg.  45.3 ms, Total. 90.54 ms (0.5%)
[Performance] InitializeOnLoad PurchasingService                                                                              :        2 samples, Peak.  6.09 ms (1.0x), Avg.  5.97 ms, Total. 11.94 ms (0.1%)
[Performance] InitializeOnLoad CloudBuildPoller                                                                               :        2 samples, Peak.   106 us (1.0x), Avg.   102 us, Total. 204.8 us (0.0%)
[Performance] InitializeOnLoad EditorGameServicesAnalytics                                                                    :        2 samples, Peak.  2.21 ms (1.8x), Avg.  1.26 ms, Total. 2.516 ms (0.0%)
[Performance] InitializeOnLoad AnalyticsService                                                                               :        2 samples, Peak.   153 us (1.1x), Avg.   145 us, Total. 289.7 us (0.0%)
[Performance] InitializeOnLoad BuildService                                                                                   :        2 samples, Peak.   127 us (1.1x), Avg.   115 us, Total. 229.9 us (0.0%)
[Performance] InitializeOnLoad AdsService                                                                                     :        2 samples, Peak.   323 us (1.0x), Avg.   314 us, Total. 627.4 us (0.0%)
[Performance] InitializeOnLoad UDPService                                                                                     :        2 samples, Peak.   109 us (1.0x), Avg.   109 us, Total. 218.3 us (0.0%)
[Performance] InitializeOnLoad CrashService                                                                                   :        2 samples, Peak.   107 us (1.1x), Avg.   100 us, Total. 200.5 us (0.0%)
[Performance] InitializeOnLoad ServicesRepository                                                                             :        2 samples, Peak.   400 ns (1.1x), Avg.   350 ns, Total. 700.0 ns (0.0%)
[Performance] InitializeOnLoad SearchWindow                                                                                   :        2 samples, Peak.   108 us (1.1x), Avg.  96.6 us, Total. 193.2 us (0.0%)
[Performance] InitializeOnLoad CustomIndexers                                                                                 :        2 samples, Peak.  15.4 ms (1.1x), Avg.  14.4 ms, Total. 28.85 ms (0.2%)
[Performance] InitializeOnLoad SearchMonitor                                                                                  :        2 samples, Peak.   785 us (1.1x), Avg.   726 us, Total. 1.452 ms (0.0%)
[Performance] InitializeOnLoad ParameterControllerEditor                                                                      :        2 samples, Peak.  17.1 us (1.0x), Avg.  16.8 us, Total. 33.60 us (0.0%)
[Performance] InitializeOnLoad LayerSettingsWindow                                                                            :        2 samples, Peak.  22.4 us (1.8x), Avg.  12.7 us, Total. 25.50 us (0.0%)
[Performance] InitializeOnLoad PackageManagerHookGUIDConverter.RegisterPackagesEventHandler                                   :        2 samples, Peak.   648 us (1.4x), Avg.   461 us, Total. 922.6 us (0.0%)
[Performance] InitializeOnLoad EditorDragAndDrop.RegisterEditorClient                                                         :        2 samples, Peak.   443 us (1.5x), Avg.   296 us, Total. 592.7 us (0.0%)
[Performance] InitializeOnLoad EditorEventCallbacks.InitializeFontAssetResourceChangeCallBacks                                :        2 samples, Peak.  1.72 ms (1.3x), Avg.  1.29 ms, Total. 2.576 ms (0.0%)
[Performance] InitializeOnLoad SceneTemplateService.Init                                                                      :        2 samples, Peak.  1.27 ms (1.2x), Avg.  1.02 ms, Total. 2.033 ms (0.0%)
[Performance] InitializeOnLoad DiagnosticSwitchesConsoleMessage.Init                                                          :        2 samples, Peak.  5.92 ms (1.7x), Avg.  3.47 ms, Total. 6.940 ms (0.0%)
[Performance] InitializeOnLoad MemoryProfilerCompilationGuard.InjectCompileGuard                                              :        2 samples, Peak.   161 us (1.0x), Avg.   154 us, Total. 307.3 us (0.0%)
[Performance] InitializeOnLoad SysrootManager.Initialize                                                                      :        2 samples, Peak.  49.4 us (1.6x), Avg.  30.1 us, Total. 60.30 us (0.0%)
[Performance] InitializeOnLoad EditorWindow.Initialize                                                                        :        2 samples, Peak.   681 us (1.6x), Avg.   435 us, Total. 870.6 us (0.0%)
[Performance] InitializeOnLoad SceneVisibilityManager.Initialize                                                              :        2 samples, Peak.  5.15 ms (1.6x), Avg.  3.24 ms, Total. 6.488 ms (0.0%)
[Performance] InitializeOnLoad ScopedRegistryAddedPopup.SubscribeToRegistriesAdded                                            :        2 samples, Peak.   217 us (1.1x), Avg.   191 us, Total. 381.0 us (0.0%)
[Performance] InitializeOnLoad ToolShortcutContext.Init                                                                       :        2 samples, Peak.   152 us (1.2x), Avg.   130 us, Total. 260.3 us (0.0%)
[Performance] InitializeOnLoad PackageManagerWindow.EditorInitializedInSafeMode                                               :        2 samples, Peak.  79.6 us (1.4x), Avg.  56.5 us, Total. 113.1 us (0.0%)
[Performance] InitializeOnLoad AssetPostprocessingInternal.RefreshCustomDependencies                                          :        2 samples, Peak.  2.08 ms (1.0x), Avg.  1.98 ms, Total. 3.965 ms (0.0%)
[Performance] AssemblyReloadEvents.afterAssemblyReload: UnityEditor.PackageManager.TuanjiePathAndNameFix.FixTuanjieNameOrPath :        2 samples, Peak.  3.58 ms (1.1x), Avg.  3.32 ms, Total. 6.642 ms (0.0%)
[Performance] AssemblyReloadEvents.afterAssemblyReload: UnityEditor.SceneTemplate.SceneTemplateService.AfterAssemblyReload    :        2 samples, Peak.  7.81 ms (1.9x), Avg.  4.03 ms, Total. 8.052 ms (0.0%)
[Performance] ProcessService.EditorAfterLoadAllAssemblies                                                                     :        2 samples, Peak.   372 us (1.3x), Avg.   294 us, Total. 587.3 us (0.0%)
[Performance] Application.ReadLicenseInfo                                                                                     :        1 samples, Peak.   241 us (1.0x), Avg.   241 us, Total. 240.7 us (0.0%)
[Performance] Application.InitialRefresh                                                                                      :        1 samples, Peak.  5.34 s (1.0x), Avg.  5.34 s, Total. 5.345 s (28.5%)
[Performance] ShaderImporter.SourceAssetModified                                                                              :        3 samples, Peak.   900 ns (1.2x), Avg.   767 ns, Total. 2.300 us (0.0%)
[Performance] ShaderIncludeImporter.SourceAssetModified                                                                       :        3 samples, Peak.  1.60 us (1.5x), Avg.  1.07 us, Total. 3.200 us (0.0%)
[Performance] Compiling Scripts                                                                                               :        1 samples, Peak.  1.99 s (1.0x), Avg.  1.99 s, Total. 1.988 s (10.6%)
[Performance] AssemblyReloadEvents.beforeAssemblyReload: UnityEditor.SceneTemplate.SceneTemplateService.BeforeAssemblyReload  :        1 samples, Peak.   400 us (1.0x), Avg.   400 us, Total. 399.9 us (0.0%)
[Performance] PresetManagerPostProcessor.OnPreprocessAsset                                                                    :       16 samples, Peak.   898 us (11.6x), Avg.  77.2 us, Total. 1.235 ms (0.0%)
[Performance] CancelSplashScreenOnAssetChange.OnPreprocessAsset                                                               :       16 samples, Peak.  99.9 us (12.0x), Avg.  8.33 us, Total. 133.2 us (0.0%)
[Performance] ShaderGraphAssetPostProcessor.OnPreprocessAsset                                                                 :       16 samples, Peak.   148 us (12.8x), Avg.  11.6 us, Total. 185.6 us (0.0%)
[Performance] InitializeOnLoad BurstLoader                                                                                    :        1 samples, Peak.  1.21 s (1.0x), Avg.  1.21 s, Total. 1.210 s (6.5%)
[Performance] InitializeOnLoad ShadowCasterGroup2DManager                                                                     :        1 samples, Peak.   143 us (1.0x), Avg.   143 us, Total. 142.9 us (0.0%)
[Performance] InitializeOnLoad ProbeGIBaking                                                                                  :        1 samples, Peak.  2.79 ms (1.0x), Avg.  2.79 ms, Total. 2.787 ms (0.0%)
[Performance] InitializeOnLoad VGWizard                                                                                       :        1 samples, Peak.   902 us (1.0x), Avg.   902 us, Total. 902.2 us (0.0%)
[Performance] InitializeOnLoad RenderingDefineManager                                                                         :        1 samples, Peak.   184 us (1.0x), Avg.   184 us, Total. 184.5 us (0.0%)
[Performance] InitializeOnLoad RealtimeProbeSubdivisionDebug                                                                  :        1 samples, Peak.  1.37 ms (1.0x), Avg.  1.37 ms, Total. 1.366 ms (0.0%)
[Performance] InitializeOnLoad FilterWindow                                                                                   :        1 samples, Peak.  48.8 us (1.0x), Avg.  48.8 us, Total. 48.80 us (0.0%)
[Performance] InitializeOnLoad NodeClassCache                                                                                 :        1 samples, Peak.  4.90 us (1.0x), Avg.  4.90 us, Total. 4.900 us (0.0%)
[Performance] InitializeOnLoad ShaderGraphMaterialsUpdater                                                                    :        2 samples, Peak.   491 us (1.7x), Avg.   294 us, Total. 587.2 us (0.0%)
[Performance] InitializeOnLoad PrefabLayoutRebuilder                                                                          :        1 samples, Peak.   259 us (1.0x), Avg.   259 us, Total. 259.3 us (0.0%)
[Performance] InitializeOnLoad Renderer2DAnalytics                                                                            :        1 samples, Peak.  68.1 us (1.0x), Avg.  68.1 us, Total. 68.10 us (0.0%)
[Performance] InitializeOnLoad MaterialReimporter.RegisterUpgraderReimport                                                    :        2 samples, Peak.   438 us (1.9x), Avg.   231 us, Total. 461.5 us (0.0%)
[Performance] InitializeOnLoad DebugManagerWindowLifetimeAnalytic.SubscribeToDebugManagerOpenCloseWindows                     :        1 samples, Peak.  1.61 ms (1.0x), Avg.  1.61 ms, Total. 1.612 ms (0.0%)
[Performance] InitializeOnLoad CoreRenderPipelinePreferences.InitPreferenceProviders                                          :        1 samples, Peak.  54.6 ms (1.0x), Avg.  54.6 ms, Total. 54.62 ms (0.3%)
[Performance] InitializeOnLoad VolumeGizmoDrawer.InitVolumeGizmoCallbacks                                                     :        1 samples, Peak.   362 us (1.0x), Avg.   362 us, Total. 361.7 us (0.0%)
[Performance] InitializeOnLoad $BurstDirectCallInitializer.Initialize                                                         :        2 samples, Peak.  14.1 ms (1.0x), Avg.  13.9 ms, Total. 27.86 ms (0.1%)
[Performance] DidReloadScriptsDebugWindow.OnEditorReload                                                                      :        1 samples, Peak.  11.3 ms (1.0x), Avg.  11.3 ms, Total. 11.35 ms (0.1%)
[Performance] DidReloadScriptsLookDev.OnEditorReload                                                                          :        1 samples, Peak.   218 us (1.0x), Avg.   218 us, Total. 218.0 us (0.0%)
[Performance] DidReloadScriptsVolumeComponentEditor.OnEditorReload                                                            :        1 samples, Peak.  21.5 ms (1.0x), Avg.  21.5 ms, Total. 21.53 ms (0.1%)
[Performance] DidReloadScriptsVGWizard.WizardBehaviour                                                                        :        1 samples, Peak.  20.9 us (1.0x), Avg.  20.9 us, Total. 20.90 us (0.0%)
[Performance] DidReloadScriptsAdvancedDropdownWindow.OnScriptReload                                                           :        1 samples, Peak.   213 us (1.0x), Avg.   213 us, Total. 213.2 us (0.0%)
[Performance] AssetDatabase.ImportAssets                                                                                      :       10 samples, Peak.  21.6 ms (5.5x), Avg.  3.92 ms, Total. 39.22 ms (0.2%)
[Performance] VersionControl.Task.Wait                                                                                        :        1 samples, Peak.  5.70 us (1.0x), Avg.  5.70 us, Total. 5.700 us (0.0%)
[Performance] BuilderAssetPostprocessor.OnPostprocessAllAssets                                                                :        8 samples, Peak.  2.45 ms (4.0x), Avg.   614 us, Total. 4.914 ms (0.0%)
[Performance] ArtifactBrowserPostProcessor.OnPostprocessAllAssets                                                             :        8 samples, Peak.   428 us (3.9x), Avg.   109 us, Total. 868.4 us (0.0%)
[Performance] AssetEvents.OnPostprocessAllAssets                                                                              :       16 samples, Peak.   163 us (5.7x), Avg.  28.4 us, Total. 454.6 us (0.0%)
[Performance] AudioMixerPostprocessor.OnPostprocessAllAssets                                                                  :        8 samples, Peak.   231 us (3.6x), Avg.  65.0 us, Total. 520.0 us (0.0%)
[Performance] DomainReloadPostprocessor.OnPostprocessAllAssets                                                                :        8 samples, Peak.  1.23 ms (3.9x), Avg.   317 us, Total. 2.533 ms (0.0%)
[Performance] StyleCatalogPostProcessor.OnPostprocessAllAssets                                                                :        8 samples, Peak.  12.2 ms (4.0x), Avg.  3.06 ms, Total. 24.46 ms (0.1%)
[Performance] BuildCatalog                                                                                                    :        1 samples, Peak.  11.4 ms (1.0x), Avg.  11.4 ms, Total. 11.36 ms (0.1%)
[Performance] ModelImporterPostProcessor.OnPostprocessAllAssets                                                               :        8 samples, Peak.   890 us (3.8x), Avg.   232 us, Total. 1.857 ms (0.0%)
[Performance] MaterialPostprocessor.OnPostprocessAllAssets                                                                    :       16 samples, Peak.   616 us (4.3x), Avg.   144 us, Total. 2.306 ms (0.0%)
[Performance] UniversalRenderPipelineGlobalSettingsPostprocessor.OnPostprocessAllAssets                                       :        8 samples, Peak.  1.00 ms (3.9x), Avg.   258 us, Total. 2.061 ms (0.0%)
[Performance] RetainedModeAssetPostprocessor.OnPostprocessAllAssets                                                           :        8 samples, Peak.  5.42 ms (4.0x), Avg.  1.36 ms, Total. 10.90 ms (0.1%)
[Performance] AssetChangedListener.OnPostprocessAllAssets                                                                     :        8 samples, Peak.  1.54 ms (3.9x), Avg.   394 us, Total. 3.155 ms (0.0%)
[Performance] PostProcessor.OnPostprocessAllAssets                                                                            :        8 samples, Peak.   252 us (3.7x), Avg.  68.3 us, Total. 546.3 us (0.0%)
[Performance] ShaderFunctionAssetPostProcessor.OnPostprocessAllAssets                                                         :        8 samples, Peak.   472 ms (4.0x), Avg.   118 ms, Total. 944.6 ms (5.0%)
[Performance] ShaderGraphAssetPostProcessor.OnPostprocessAllAssets                                                            :        8 samples, Peak.  2.55 ms (3.7x), Avg.   681 us, Total. 5.445 ms (0.0%)
[Performance] SpeedTreePostProcessor.OnPostprocessAllAssets                                                                   :        8 samples, Peak.   217 us (3.8x), Avg.  57.6 us, Total. 460.4 us (0.0%)
[Performance] TextAssetPostProcessor.OnPostprocessAllAssets                                                                   :        8 samples, Peak.   504 us (3.9x), Avg.   129 us, Total. 1.031 ms (0.0%)
[Performance] SyncVS.PostprocessSyncProject                                                                                   :        4 samples, Peak.  5.85 ms (3.9x), Avg.  1.48 ms, Total. 5.926 ms (0.0%)
[Performance] EditorApplication.projectChanged: UnityEditor.Audio.MixerEffectDefinitionReloader.OnProjectChanged              :        2 samples, Peak.  1.45 ms (1.7x), Avg.   865 us, Total. 1.731 ms (0.0%)
[Performance] EditorApplication.projectChanged: UnityEngine.Rendering.RenderingDefineManager.OnProjectChanged                 :        2 samples, Peak.   373 us (1.8x), Avg.   202 us, Total. 404.6 us (0.0%)
[Performance] Application.ImportPackagesAndSetTemplateWhenCreatingProject                                                     :        1 samples, Peak.  15.0 ms (1.0x), Avg.  15.0 ms, Total. 14.99 ms (0.1%)
[Performance] Application.SyncCurrentColorSpace                                                                               :        1 samples, Peak.  44.7 ms (1.0x), Avg.  44.7 ms, Total. 44.66 ms (0.2%)
[Performance] Application.OnUsbDevicesChanged                                                                                 :        1 samples, Peak.  2.40 ms (1.0x), Avg.  2.40 ms, Total. 2.402 ms (0.0%)
[Performance] Application.AssetInstanceCacheUpdate                                                                            :        1 samples, Peak.   600 ns (1.0x), Avg.   600 ns, Total. 600.0 ns (0.0%)
[Performance] Application.UnityExtensions.Initialize                                                                          :        1 samples, Peak.  2.56 ms (1.0x), Avg.  2.56 ms, Total. 2.556 ms (0.0%)
[Performance] CodeEditorProjectSync.SyncEditorProject                                                                         :        1 samples, Peak.   226 us (1.0x), Avg.   226 us, Total. 225.7 us (0.0%)
[Performance] Application.ExecuteStartups                                                                                     :        1 samples, Peak.  42.8 ms (1.0x), Avg.  42.8 ms, Total. 42.85 ms (0.2%)
[Performance] Menu.RegisterMenuInterface                                                                                      :       27 samples, Peak.  2.40 us (8.5x), Avg.   281 ns, Total. 7.600 us (0.0%)
[Performance] Gizmo.RebuildRenderers                                                                                          :        2 samples, Peak.  39.5 ms (1.5x), Avg.  26.0 ms, Total. 52.00 ms (0.3%)
[Performance] Gizmo.AddGizmoRenderers                                                                                         :      100 samples, Peak.  1.41 ms (58.4x), Avg.  24.2 us, Total. 2.417 ms (0.0%)
[Performance] Application.editorInitializingProject                                                                           :        1 samples, Peak.   200 ms (1.0x), Avg.   200 ms, Total. 200.2 ms (1.1%)
[Performance] Application.InitializeMenu                                                                                      :        1 samples, Peak.  40.6 ms (1.0x), Avg.  40.6 ms, Total. 40.62 ms (0.2%)
[Performance] Menu.RebuildAll                                                                                                 :        1 samples, Peak.  40.6 ms (1.0x), Avg.  40.6 ms, Total. 40.61 ms (0.2%)
[Performance] Menu.BuildRegisteredMenuInterfaces                                                                              :        1 samples, Peak.  38.9 ms (1.0x), Avg.  38.9 ms, Total. 38.94 ms (0.2%)
[Performance] Menu.FilterMenuItem                                                                                             :      643 samples, Peak.  14.8 ms (635.8x), Avg.  23.3 us, Total. 14.96 ms (0.1%)
[Performance] UpdateAllMenus                                                                                                  :        1 samples, Peak.   456 us (1.0x), Avg.   456 us, Total. 456.1 us (0.0%)
[Performance] Menu.RebuildOSMainMenu                                                                                          :        3 samples, Peak.  1.93 ms (1.3x), Avg.  1.44 ms, Total. 4.323 ms (0.0%)
[Performance] EditorSceneManager.sceneClosing: UnityEditor.SceneVisibilityManager.EditorSceneManagerOnSceneClosing            :        8 samples, Peak.   266 us (7.4x), Avg.  35.9 us, Total. 286.8 us (0.0%)
[Performance] EditorSceneManager.activeSceneChangedInEditMode: UnityEditor.Rendering.VGWizard.OnSceneChanged                  :        8 samples, Peak.   237 us (3.8x), Avg.  63.0 us, Total. 503.7 us (0.0%)
[Performance] GUIView.RepaintAll.PlayerLoopController                                                                         :        4 samples, Peak.  1.30 us (1.5x), Avg.   875 ns, Total. 3.500 us (0.0%)
[Performance] EditorSceneManager.newSceneCreated: UnityEditor.SceneTemplate.SceneTemplateService.OnNewSceneCreated            :        3 samples, Peak.   231 us (3.0x), Avg.  78.3 us, Total. 234.8 us (0.0%)
[Performance] EditorSceneManager.newSceneCreated: UnityEditor.SceneVisibilityManager.EditorSceneManagerOnNewSceneCreated      :        3 samples, Peak.   196 us (2.7x), Avg.  73.2 us, Total. 219.5 us (0.0%)
[Performance] EditorSceneManager.newSceneCreated: UnityEditor.SceneManagement.StageNavigationManager.OnNewSceneCreated        :        3 samples, Peak.  50.7 us (2.8x), Avg.  18.0 us, Total. 54.00 us (0.0%)
[Performance] Application.InvokeFinishedLoadingProject                                                                        :        1 samples, Peak.  4.70 ms (1.0x), Avg.  4.70 ms, Total. 4.699 ms (0.0%)
[Performance] ProcessService.OnProjectLoaded                                                                                  :        1 samples, Peak.  35.5 us (1.0x), Avg.  35.5 us, Total. 35.50 us (0.0%)
[Performance] EditorSceneManager.sceneOpening: UnityEditor.SceneVisibilityManager.EditorSceneManagerOnSceneOpening            :        3 samples, Peak.   130 us (2.7x), Avg.  47.6 us, Total. 142.8 us (0.0%)
[Performance] Inspector.InitOrRebuild                                                                                         :        6 samples, Peak.   395 us (2.3x), Avg.   168 us, Total. 1.009 ms (0.0%)
[Performance] EditorSceneManager.sceneOpened: UnityEditor.SceneTemplate.SceneTemplateService.OnSceneOpened                    :        4 samples, Peak.   188 us (3.9x), Avg.  48.3 us, Total. 193.3 us (0.0%)
[Performance] EditorSceneManager.sceneOpened: UnityEditor.SceneVisibilityManager.EditorSceneManagerOnSceneOpened              :        4 samples, Peak.   102 us (3.1x), Avg.  32.9 us, Total. 131.6 us (0.0%)
[Performance] EditorSceneManager.sceneOpened: UnityEditor.SceneManagement.StageNavigationManager.OnSceneOpened                :        4 samples, Peak.  40.8 us (3.7x), Avg.  10.9 us, Total. 43.70 us (0.0%)
[Performance] SceneDataContainer.TransformHierarchyChangedSetParentCallback                                                   :      432 samples, Peak.  19.8 us (61.9x), Avg.   320 ns, Total. 138.1 us (0.0%)
[Performance] SceneVisibilityState.IsFlagSetInParents                                                                         :      573 samples, Peak.  1000 ns (9.3x), Avg.   107 ns, Total. 61.50 us (0.0%)
[Performance] AssetDatabase.Refresh                                                                                           :        2 samples, Peak.  29.4 ms (1.7x), Avg.  17.1 ms, Total. 34.21 ms (0.2%)
[Performance] BuilderAssetModificationProcessor.OnWillSaveAssets                                                              :        3 samples, Peak.   305 us (2.8x), Avg.   108 us, Total. 323.6 us (0.0%)
[Performance] TerrainModificationProcessor.OnWillSaveAssets                                                                   :        3 samples, Peak.   442 us (3.0x), Avg.   148 us, Total. 445.3 us (0.0%)
[Performance] GenerateAssemblyTypeInfos                                                                                       :        2 samples, Peak.  14.5 ms (1.2x), Avg.  12.2 ms, Total. 24.44 ms (0.1%)
[Performance] UnityBuildPostprocessor.OnProcessScene                                                                          :        1 samples, Peak.   544 us (1.0x), Avg.   544 us, Total. 544.2 us (0.0%)
[Performance] EditorApplication.quitting: Unity.Burst.Editor.BurstLoader.OnEditorApplicationQuitting                          :        1 samples, Peak.  53.1 us (1.0x), Avg.  53.1 us, Total. 53.10 us (0.0%)
[Performance] EditorApplication.quitting: callback in UnityEditor.TextCore.Text.EditorEventCallbacks                          :        1 samples, Peak.  14.4 ms (1.0x), Avg.  14.4 ms, Total. 14.36 ms (0.1%)
[Performance] Application.Shutdown.PauseProfilerSession                                                                       :        1 samples, Peak.  30.8 us (1.0x), Avg.  30.8 us, Total. 30.80 us (0.0%)
[Performance] Application.Shutdown.PauseAssetImportWorkers                                                                    :        1 samples, Peak.   134 us (1.0x), Avg.   134 us, Total. 134.3 us (0.0%)
[Performance] Application.Shutdown.SaveAssets                                                                                 :        1 samples, Peak.  3.00 ms (1.0x), Avg.  3.00 ms, Total. 2.999 ms (0.0%)
[Performance] Application.Shutdown.CleanupRenderPipeline                                                                      :        1 samples, Peak.  4.29 ms (1.0x), Avg.  4.29 ms, Total. 4.295 ms (0.0%)
[Performance] Application.Shutdown.StopPreloadManager                                                                         :        1 samples, Peak.  9.87 ms (1.0x), Avg.  9.87 ms, Total. 9.866 ms (0.1%)
[Performance] Application.Shutdown.DestroyWorld                                                                               :        1 samples, Peak.   455 us (1.0x), Avg.   455 us, Total. 455.0 us (0.0%)
[Performance] Application.Shutdown.CleanupAfterLoad                                                                           :        1 samples, Peak.  93.6 ms (1.0x), Avg.  93.6 ms, Total. 93.60 ms (0.5%)
[Performance] Application.Shutdown.Progress                                                                                   :        1 samples, Peak.  7.10 us (1.0x), Avg.  7.10 us, Total. 7.100 us (0.0%)
[Performance] Application.Shutdown.GICleanupManagers                                                                          :        1 samples, Peak.   508 us (1.0x), Avg.   508 us, Total. 507.9 us (0.0%)
[Performance] Application.Shutdown.MenuCleanupClass                                                                           :        1 samples, Peak.   185 us (1.0x), Avg.   185 us, Total. 184.6 us (0.0%)
[Performance] Application.Shutdown.ADBSaveStateBeforeShutdown                                                                 :        1 samples, Peak.  8.90 us (1.0x), Avg.  8.90 us, Total. 8.900 us (0.0%)
[Performance] Application.Shutdown.RemoteShutdown                                                                             :        1 samples, Peak.  1.90 us (1.0x), Avg.  1.90 us, Total. 1.900 us (0.0%)
[Performance] Application.Shutdown.CleanupVCProvider                                                                          :        1 samples, Peak.  9.50 us (1.0x), Avg.  9.50 us, Total. 9.500 us (0.0%)
[Performance] Application.Shutdown.InputShutdown                                                                              :        1 samples, Peak.   400 ns (1.0x), Avg.   400 ns, Total. 400.0 ns (0.0%)
[Performance] Application.Shutdown.GizmoManagerDestroy                                                                        :        1 samples, Peak.   625 us (1.0x), Avg.   625 us, Total. 625.4 us (0.0%)
[Performance] Application.Shutdown.ProfilerSession                                                                            :        1 samples, Peak.   184 us (1.0x), Avg.   184 us, Total. 184.1 us (0.0%)
[Performance] Application.Shutdown.ReleaseGfxWindowOnAllGUIViews                                                              :        1 samples, Peak.   400 ns (1.0x), Avg.   400 ns, Total. 400.0 ns (0.0%)
[Performance] Application.Shutdown.CleanupEngine                                                                              :        1 samples, Peak.  52.9 ms (1.0x), Avg.  52.9 ms, Total. 52.92 ms (0.3%)
[Performance] Application.Shutdown.CleanupAssetDatabase                                                                       :        1 samples, Peak.  7.44 ms (1.0x), Avg.  7.44 ms, Total. 7.445 ms (0.0%)
[Performance] Application.Shutdown.ScriptCompilationCleanUp                                                                   :        1 samples, Peak.  17.5 ms (1.0x), Avg.  17.5 ms, Total. 17.52 ms (0.1%)
[Performance] Application.Shutdown.DestroyJobSystem                                                                           :        1 samples, Peak.   114 us (1.0x), Avg.   114 us, Total. 114.4 us (0.0%)
[Performance] Application.Shutdown.CleanupPersistentManager                                                                   :        1 samples, Peak.  1.68 ms (1.0x), Avg.  1.68 ms, Total. 1.682 ms (0.0%)
[Performance] Application.Shutdown.CleanupAsyncReadManager                                                                    :        1 samples, Peak.   239 us (1.0x), Avg.   239 us, Total. 239.4 us (0.0%)
[Performance] Application.Shutdown.CleanupProgressBar                                                                         :        1 samples, Peak.   400 ns (1.0x), Avg.   400 ns, Total. 400.0 ns (0.0%)
[Performance] Application.Shutdown.CleanupMono                                                                                :        1 samples, Peak.  84.0 ms (1.0x), Avg.  84.0 ms, Total. 83.95 ms (0.4%)
[Performance] Application.Shutdown.CleanupStdConverters                                                                       :        1 samples, Peak.  9.00 us (1.0x), Avg.  9.00 us, Total. 9.000 us (0.0%)
[Performance] Application.Shutdown.UnloadAllPlatformSupportModuleNativeDlls                                                   :        1 samples, Peak.   600 ns (1.0x), Avg.   600 ns, Total. 600.0 ns (0.0%)
[Performance] Application.Shutdown.UnloadAllPlatformSupportNativeLibraries                                                    :        1 samples, Peak. 0.0 (-nan(ind)x), Avg. 0.0, Total. 0.0 (0.0%)
[Performance] Application.Shutdown.CleanupAutoDocumentation                                                                   :        1 samples, Peak.   417 us (1.0x), Avg.   417 us, Total. 416.7 us (0.0%)
[Performance] Application.Shutdown.ShaderNameManagerDestroy                                                                   :        1 samples, Peak.  52.6 us (1.0x), Avg.  52.6 us, Total. 52.60 us (0.0%)
[Performance] Application.Shutdown.CleanupCacheServer                                                                         :        1 samples, Peak.   100 ns (1.0x), Avg.   100 ns, Total. 100.0 ns (0.0%)
[Performance] Application.Shutdown.Virtualization_Shutdown                                                                    :        1 samples, Peak.   600 ns (1.0x), Avg.   600 ns, Total. 600.0 ns (0.0%)
[Performance] Application.Shutdown.DevConnections                                                                             :        1 samples, Peak.   192 us (1.0x), Avg.   192 us, Total. 191.9 us (0.0%)
Exiting batchmode successfully now!
Exiting without the bug reporter. Application will terminate with return code 0